$MeshFormat
4.1 0 8
$EndMeshFormat
$PhysicalNames
9
2 1 "SURF_HEAT_SINK"
2 2 "SURF_CMOS_BOTTOM"
2 3 "SURF_ACTIVE_HOTSPOT"
3 101 "VOL_CMOS_SUBSTRATE"
3 102 "VOL_SIO2_BUFFER"
3 103 "VOL_SIPH_STRATUM"
3 104 "VOL_HEAT_SPREADER1"
3 105 "VOL_HEAT_SPREADER2"
3 108 "VOL_TIM_GAP"
$EndPhysicalNames
$Entities
28 52 31 6
1 -0.0005 -0.0005 0 0 
2 -0.0005 -0.0005 5e-05 0 
3 -0.0005 0.0005 5e-05 0 
4 -0.0005 0.0005 0 0 
5 0.0005 -0.0005 0 0 
6 0.0005 -0.0005 5e-05 0 
7 0.0005 0.0005 5e-05 0 
8 0.0005 0.0005 0 0 
9 -0.0005 -0.0005 0.0003 0 
10 -0.0005 0.0005 0.0003 0 
11 0.0005 -0.0005 0.0003 0 
12 0.0005 0.0005 0.0003 0 
13 -0.0005 -0.0005 0.0003300000000000001 0 
14 -0.0005 0.0005 0.0003300000000000001 0 
15 0.0005 -0.0005 0.0003300000000000001 0 
16 0.0005 0.0005 0.0003300000000000001 0 
17 -0.0005 -0.0005 0.0003800000000000001 0 
18 -0.0005 0.0005 0.0003800000000000001 0 
19 0.0005 -0.0005 0.0003800000000000001 0 
20 0.0005 0.0005 0.0003800000000000001 0 
21 -0.0005 -0.0005 0.0004100000000000001 0 
22 -0.0005 0.0005 0.0004100000000000001 0 
23 0.0005 -0.0005 0.0004100000000000001 0 
24 0.0005 0.0005 0.0004100000000000001 0 
25 -0.0005 -0.0005 0.0006600000000000001 0 
26 -0.0005 0.0005 0.0006600000000000001 0 
27 0.0005 -0.0005 0.0006600000000000001 0 
28 0.0005 0.0005 0.0006600000000000001 0 
1 -0.0005001 -0.0005001 -9.999999999999904e-08 -0.0004999000000000001 -0.0004999000000000001 5.01e-05 0 2 1 -2 
2 -0.0005001 -0.0005001 4.99e-05 -0.0004999000000000001 0.0005001 5.01e-05 0 2 2 -3 
3 -0.0005001 0.0004999000000000001 -9.999999999999904e-08 -0.0004999000000000001 0.0005001 5.01e-05 0 2 4 -3 
4 -0.0005001 -0.0005001 -1e-07 -0.0004999000000000001 0.0005001 1e-07 0 2 1 -4 
5 0.0004999000000000001 -0.0005001 -9.999999999999904e-08 0.0005001 -0.0004999000000000001 5.01e-05 0 2 5 -6 
6 0.0004999000000000001 -0.0005001 4.99e-05 0.0005001 0.0005001 5.01e-05 0 2 6 -7 
7 0.0004999000000000001 0.0004999000000000001 -9.999999999999904e-08 0.0005001 0.0005001 5.01e-05 0 2 8 -7 
8 0.0004999000000000001 -0.0005001 -1e-07 0.0005001 0.0005001 1e-07 0 2 5 -8 
9 -0.0005001 -0.0005001 -1e-07 0.0005001 -0.0004999000000000001 1e-07 0 2 1 -5 
10 -0.0005001 -0.0005001 4.99e-05 0.0005001 -0.0004999000000000001 5.01e-05 0 2 2 -6 
11 -0.0005001 0.0004999000000000001 -1e-07 0.0005001 0.0005001 1e-07 0 2 4 -8 
12 -0.0005001 0.0004999000000000001 4.99e-05 0.0005001 0.0005001 5.01e-05 0 2 3 -7 
13 -0.0005001 -0.0005001 4.989999999999999e-05 -0.0004999000000000001 -0.0004999000000000001 0.0003001 0 2 2 -9 
14 -0.0005001 -0.0005001 0.0002999 -0.0004999000000000001 0.0005001 0.0003001 0 2 9 -10 
15 -0.0005001 0.0004999000000000001 4.989999999999999e-05 -0.0004999000000000001 0.0005001 0.0003001 0 2 3 -10 
16 0.0004999000000000001 -0.0005001 4.989999999999999e-05 0.0005001 -0.0004999000000000001 0.0003001 0 2 6 -11 
17 0.0004999000000000001 -0.0005001 0.0002999 0.0005001 0.0005001 0.0003001 0 2 11 -12 
18 0.0004999000000000001 0.0004999000000000001 4.989999999999999e-05 0.0005001 0.0005001 0.0003001 0 2 7 -12 
19 -0.0005001 -0.0005001 0.0002999 0.0005001 -0.0004999000000000001 0.0003001 0 2 9 -11 
20 -0.0005001 0.0004999000000000001 0.0002999 0.0005001 0.0005001 0.0003001 0 2 10 -12 
21 -0.0005001 -0.0005001 0.0002999 -0.0004999000000000001 -0.0004999000000000001 0.0003301000000000001 0 2 9 -13 
22 -0.0005001 -0.0005001 0.0003299 -0.0004999000000000001 0.0005001 0.0003301000000000001 0 2 13 -14 
23 -0.0005001 0.0004999000000000001 0.0002999 -0.0004999000000000001 0.0005001 0.0003301000000000001 0 2 10 -14 
24 0.0004999000000000001 -0.0005001 0.0002999 0.0005001 -0.0004999000000000001 0.0003301000000000001 0 2 11 -15 
25 0.0004999000000000001 -0.0005001 0.0003299 0.0005001 0.0005001 0.0003301000000000001 0 2 15 -16 
26 0.0004999000000000001 0.0004999000000000001 0.0002999 0.0005001 0.0005001 0.0003301000000000001 0 2 12 -16 
27 -0.0005001 -0.0005001 0.0003299 0.0005001 -0.0004999000000000001 0.0003301000000000001 0 2 13 -15 
28 -0.0005001 0.0004999000000000001 0.0003299 0.0005001 0.0005001 0.0003301000000000001 0 2 14 -16 
29 -0.0005001 -0.0005001 0.0003299 -0.0004999000000000001 -0.0004999000000000001 0.0003801000000000001 0 2 13 -17 
30 -0.0005001 -0.0005001 0.0003799000000000001 -0.0004999000000000001 0.0005001 0.0003801000000000001 0 2 17 -18 
31 -0.0005001 0.0004999000000000001 0.0003299 -0.0004999000000000001 0.0005001 0.0003801000000000001 0 2 14 -18 
32 0.0004999000000000001 -0.0005001 0.0003299 0.0005001 -0.0004999000000000001 0.0003801000000000001 0 2 15 -19 
33 0.0004999000000000001 -0.0005001 0.0003799000000000001 0.0005001 0.0005001 0.0003801000000000001 0 2 19 -20 
34 0.0004999000000000001 0.0004999000000000001 0.0003299 0.0005001 0.0005001 0.0003801000000000001 0 2 16 -20 
35 -0.0005001 -0.0005001 0.0003799000000000001 0.0005001 -0.0004999000000000001 0.0003801000000000001 0 2 17 -19 
36 -0.0005001 0.0004999000000000001 0.0003799000000000001 0.0005001 0.0005001 0.0003801000000000001 0 2 18 -20 
37 -0.0005001 -0.0005001 0.0003799000000000001 -0.0004999000000000001 -0.0004999000000000001 0.0004101000000000001 0 2 17 -21 
38 -0.0005001 -0.0005001 0.0004099000000000001 -0.0004999000000000001 0.0005001 0.0004101000000000001 0 2 21 -22 
39 -0.0005001 0.0004999000000000001 0.0003799000000000001 -0.0004999000000000001 0.0005001 0.0004101000000000001 0 2 18 -22 
40 0.0004999000000000001 -0.0005001 0.0003799000000000001 0.0005001 -0.0004999000000000001 0.0004101000000000001 0 2 19 -23 
41 0.0004999000000000001 -0.0005001 0.0004099000000000001 0.0005001 0.0005001 0.0004101000000000001 0 2 23 -24 
42 0.0004999000000000001 0.0004999000000000001 0.0003799000000000001 0.0005001 0.0005001 0.0004101000000000001 0 2 20 -24 
43 -0.0005001 -0.0005001 0.0004099000000000001 0.0005001 -0.0004999000000000001 0.0004101000000000001 0 2 21 -23 
44 -0.0005001 0.0004999000000000001 0.0004099000000000001 0.0005001 0.0005001 0.0004101000000000001 0 2 22 -24 
45 -0.0005001 -0.0005001 0.0004099000000000001 -0.0004999000000000001 -0.0004999000000000001 0.0006601000000000001 0 2 21 -25 
46 -0.0005001 -0.0005001 0.0006599000000000002 -0.0004999000000000001 0.0005001 0.0006601000000000001 0 2 25 -26 
47 -0.0005001 0.0004999000000000001 0.0004099000000000001 -0.0004999000000000001 0.0005001 0.0006601000000000001 0 2 22 -26 
48 0.0004999000000000001 -0.0005001 0.0004099000000000001 0.0005001 -0.0004999000000000001 0.0006601000000000001 0 2 23 -27 
49 0.0004999000000000001 -0.0005001 0.0006599000000000002 0.0005001 0.0005001 0.0006601000000000001 0 2 27 -28 
50 0.0004999000000000001 0.0004999000000000001 0.0004099000000000001 0.0005001 0.0005001 0.0006601000000000001 0 2 24 -28 
51 -0.0005001 -0.0005001 0.0006599000000000002 0.0005001 -0.0004999000000000001 0.0006601000000000001 0 2 25 -27 
52 -0.0005001 0.0004999000000000001 0.0006599000000000002 0.0005001 0.0005001 0.0006601000000000001 0 2 26 -28 
1 -0.0005001 -0.0005001 -9.999999999999904e-08 -0.0004999000000000001 0.0005001 5.01e-05 0 4 -1 4 3 -2 
2 0.0004999000000000001 -0.0005001 -9.999999999999904e-08 0.0005001 0.0005001 5.01e-05 0 4 -5 8 7 -6 
3 -0.0005001 -0.0005001 -9.999999999999904e-08 0.0005001 -0.0004999000000000001 5.01e-05 0 4 -9 1 10 -5 
4 -0.0005001 0.0004999000000000001 -9.999999999999904e-08 0.0005001 0.0005001 5.01e-05 0 4 -11 3 12 -7 
5 -0.0005001 -0.0005001 -1e-07 0.0005001 0.0005001 1e-07 1 2 4 -4 9 8 -11 
6 -0.0005001 -0.0005001 4.99e-05 0.0005001 0.0005001 5.01e-05 0 4 -2 10 6 -12 
7 -0.0005001 -0.0005001 4.989999999999999e-05 -0.0004999000000000001 0.0005001 0.0003001 0 4 -13 2 15 -14 
8 0.0004999000000000001 -0.0005001 4.989999999999999e-05 0.0005001 0.0005001 0.0003001 0 4 -16 6 18 -17 
9 -0.0005001 -0.0005001 4.989999999999999e-05 0.0005001 -0.0004999000000000001 0.0003001 0 4 -10 13 19 -16 
10 -0.0005001 0.0004999000000000001 4.989999999999999e-05 0.0005001 0.0005001 0.0003001 0 4 -12 15 20 -18 
11 -0.0005001 -0.0005001 0.0002999 0.0005001 0.0005001 0.0003001 0 4 -14 19 17 -20 
12 -0.0005001 -0.0005001 0.0002999 -0.0004999000000000001 0.0005001 0.0003301000000000001 0 4 -21 14 23 -22 
13 0.0004999000000000001 -0.0005001 0.0002999 0.0005001 0.0005001 0.0003301000000000001 0 4 -24 17 26 -25 
14 -0.0005001 -0.0005001 0.0002999 0.0005001 -0.0004999000000000001 0.0003301000000000001 0 4 -19 21 27 -24 
15 -0.0005001 0.0004999000000000001 0.0002999 0.0005001 0.0005001 0.0003301000000000001 0 4 -20 23 28 -26 
16 -0.0005001 -0.0005001 0.0003299 0.0005001 0.0005001 0.0003301000000000001 1 3 4 -22 27 25 -28 
17 -0.0005001 -0.0005001 0.0003299 -0.0004999000000000001 0.0005001 0.0003801000000000001 0 4 -29 22 31 -30 
18 0.0004999000000000001 -0.0005001 0.0003299 0.0005001 0.0005001 0.0003801000000000001 0 4 -32 25 34 -33 
19 -0.0005001 -0.0005001 0.0003299 0.0005001 -0.0004999000000000001 0.0003801000000000001 0 4 -27 29 35 -32 
20 -0.0005001 0.0004999000000000001 0.0003299 0.0005001 0.0005001 0.0003801000000000001 0 4 -28 31 36 -34 
21 -0.0005001 -0.0005001 0.0003799000000000001 0.0005001 0.0005001 0.0003801000000000001 0 4 -30 35 33 -36 
22 -0.0005001 -0.0005001 0.0003799000000000001 -0.0004999000000000001 0.0005001 0.0004101000000000001 0 4 -37 30 39 -38 
23 0.0004999000000000001 -0.0005001 0.0003799000000000001 0.0005001 0.0005001 0.0004101000000000001 0 4 -40 33 42 -41 
24 -0.0005001 -0.0005001 0.0003799000000000001 0.0005001 -0.0004999000000000001 0.0004101000000000001 0 4 -35 37 43 -40 
25 -0.0005001 0.0004999000000000001 0.0003799000000000001 0.0005001 0.0005001 0.0004101000000000001 0 4 -36 39 44 -42 
26 -0.0005001 -0.0005001 0.0004099000000000001 0.0005001 0.0005001 0.0004101000000000001 0 4 -38 43 41 -44 
27 -0.0005001 -0.0005001 0.0004099000000000001 -0.0004999000000000001 0.0005001 0.0006601000000000001 0 4 -45 38 47 -46 
28 0.0004999000000000001 -0.0005001 0.0004099000000000001 0.0005001 0.0005001 0.0006601000000000001 0 4 -48 41 50 -49 
29 -0.0005001 -0.0005001 0.0004099000000000001 0.0005001 -0.0004999000000000001 0.0006601000000000001 0 4 -43 45 51 -48 
30 -0.0005001 0.0004999000000000001 0.0004099000000000001 0.0005001 0.0005001 0.0006601000000000001 0 4 -44 47 52 -50 
31 -0.0005001 -0.0005001 0.0006599000000000002 0.0005001 0.0005001 0.0006601000000000001 1 1 4 -46 51 49 -52 
1 -0.0005001 -0.0005001 -9.999999999999904e-08 0.0005001 0.0005001 5.01e-05 1 101 6 -1 2 -3 4 -5 6 
2 -0.0005001 -0.0005001 4.989999999999999e-05 0.0005001 0.0005001 0.0003001 1 102 6 -7 8 -9 10 -6 11 
3 -0.0005001 -0.0005001 0.0002999 0.0005001 0.0005001 0.0003301000000000001 1 103 6 -12 13 -14 15 -11 16 
4 -0.0005001 -0.0005001 0.0003299 0.0005001 0.0005001 0.0003801000000000001 1 108 6 -17 18 -19 20 -16 21 
5 -0.0005001 -0.0005001 0.0003799000000000001 0.0005001 0.0005001 0.0004101000000000001 1 104 6 -22 23 -24 25 -21 26 
6 -0.0005001 -0.0005001 0.0004099000000000001 0.0005001 0.0005001 0.0006601000000000001 1 105 6 -27 28 -29 30 -26 31 
$EndEntities
$Nodes
101 4584 1 4584
0 1 0 1
1
-0.0005 -0.0005 0
0 2 0 1
2
-0.0005 -0.0005 5e-05
0 3 0 1
3
-0.0005 0.0005 5e-05
0 4 0 1
4
-0.0005 0.0005 0
0 5 0 1
5
0.0005 -0.0005 0
0 6 0 1
6
0.0005 -0.0005 5e-05
0 7 0 1
7
0.0005 0.0005 5e-05
0 8 0 1
8
0.0005 0.0005 0
0 9 0 1
9
-0.0005 -0.0005 0.0003
0 10 0 1
10
-0.0005 0.0005 0.0003
0 11 0 1
11
0.0005 -0.0005 0.0003
0 12 0 1
12
0.0005 0.0005 0.0003
0 13 0 1
13
-0.0005 -0.0005 0.0003300000000000001
0 14 0 1
14
-0.0005 0.0005 0.0003300000000000001
0 15 0 1
15
0.0005 -0.0005 0.0003300000000000001
0 16 0 1
16
0.0005 0.0005 0.0003300000000000001
0 17 0 1
17
-0.0005 -0.0005 0.0003800000000000001
0 18 0 1
18
-0.0005 0.0005 0.0003800000000000001
0 19 0 1
19
0.0005 -0.0005 0.0003800000000000001
0 20 0 1
20
0.0005 0.0005 0.0003800000000000001
0 21 0 1
21
-0.0005 -0.0005 0.0004100000000000001
0 22 0 1
22
-0.0005 0.0005 0.0004100000000000001
0 23 0 1
23
0.0005 -0.0005 0.0004100000000000001
0 24 0 1
24
0.0005 0.0005 0.0004100000000000001
0 25 0 1
25
-0.0005 -0.0005 0.0006600000000000001
0 26 0 1
26
-0.0005 0.0005 0.0006600000000000001
0 27 0 1
27
0.0005 -0.0005 0.0006600000000000001
0 28 0 1
28
0.0005 0.0005 0.0006600000000000001
1 2 0 16
29
30
31
32
33
34
35
36
37
38
39
40
41
42
43
44
-0.0005 -0.0004411764705882353 5e-05
-0.0005 -0.0003823529411764705 5e-05
-0.0005 -0.0003235294117647058 5e-05
-0.0005 -0.000264705882352941 5e-05
-0.0005 -0.0002058823529411761 5e-05
-0.0005 -0.0001470588235294112 5e-05
-0.0005 -8.823529411764629e-05 5e-05
-0.0005 -2.941176470588132e-05 5e-05
-0.0005 2.941176470588316e-05 5e-05
-0.0005 8.823529411764776e-05 5e-05
-0.0005 0.0001470588235294123 5e-05
-0.0005 0.0002058823529411768 5e-05
-0.0005 0.0002647058823529414 5e-05
-0.0005 0.0003235294117647059 5e-05
-0.0005 0.0003823529411764705 5e-05
-0.0005 0.000441176470588235 5e-05
1 4 0 16
45
46
47
48
49
50
51
52
53
54
55
56
57
58
59
60
-0.0005 -0.0004411764705882353 0
-0.0005 -0.0003823529411764705 0
-0.0005 -0.0003235294117647058 0
-0.0005 -0.000264705882352941 0
-0.0005 -0.0002058823529411761 0
-0.0005 -0.0001470588235294112 0
-0.0005 -8.823529411764629e-05 0
-0.0005 -2.941176470588132e-05 0
-0.0005 2.941176470588316e-05 0
-0.0005 8.823529411764776e-05 0
-0.0005 0.0001470588235294123 0
-0.0005 0.0002058823529411768 0
-0.0005 0.0002647058823529414 0
-0.0005 0.0003235294117647059 0
-0.0005 0.0003823529411764705 0
-0.0005 0.000441176470588235 0
1 6 0 16
61
62
63
64
65
66
67
68
69
70
71
72
73
74
75
76
0.0005 -0.0004411764705882353 5e-05
0.0005 -0.0003823529411764705 5e-05
0.0005 -0.0003235294117647058 5e-05
0.0005 -0.000264705882352941 5e-05
0.0005 -0.0002058823529411761 5e-05
0.0005 -0.0001470588235294112 5e-05
0.0005 -8.823529411764629e-05 5e-05
0.0005 -2.941176470588132e-05 5e-05
0.0005 2.941176470588316e-05 5e-05
0.0005 8.823529411764776e-05 5e-05
0.0005 0.0001470588235294123 5e-05
0.0005 0.0002058823529411768 5e-05
0.0005 0.0002647058823529414 5e-05
0.0005 0.0003235294117647059 5e-05
0.0005 0.0003823529411764705 5e-05
0.0005 0.000441176470588235 5e-05
1 8 0 16
77
78
79
80
81
82
83
84
85
86
87
88
89
90
91
92
0.0005 -0.0004411764705882353 0
0.0005 -0.0003823529411764705 0
0.0005 -0.0003235294117647058 0
0.0005 -0.000264705882352941 0
0.0005 -0.0002058823529411761 0
0.0005 -0.0001470588235294112 0
0.0005 -8.823529411764629e-05 0
0.0005 -2.941176470588132e-05 0
0.0005 2.941176470588316e-05 0
0.0005 8.823529411764776e-05 0
0.0005 0.0001470588235294123 0
0.0005 0.0002058823529411768 0
0.0005 0.0002647058823529414 0
0.0005 0.0003235294117647059 0
0.0005 0.0003823529411764705 0
0.0005 0.000441176470588235 0
1 9 0 16
93
94
95
96
97
98
99
100
101
102
103
104
105
106
107
108
-0.0004411764705882353 -0.0005 0
-0.0003823529411764705 -0.0005 0
-0.0003235294117647058 -0.0005 0
-0.000264705882352941 -0.0005 0
-0.0002058823529411761 -0.0005 0
-0.0001470588235294112 -0.0005 0
-8.823529411764629e-05 -0.0005 0
-2.941176470588132e-05 -0.0005 0
2.941176470588316e-05 -0.0005 0
8.823529411764776e-05 -0.0005 0
0.0001470588235294123 -0.0005 0
0.0002058823529411768 -0.0005 0
0.0002647058823529414 -0.0005 0
0.0003235294117647059 -0.0005 0
0.0003823529411764705 -0.0005 0
0.000441176470588235 -0.0005 0
1 10 0 16
109
110
111
112
113
114
115
116
117
118
119
120
121
122
123
124
-0.0004411764705882353 -0.0005 5e-05
-0.0003823529411764705 -0.0005 5e-05
-0.0003235294117647058 -0.0005 5e-05
-0.000264705882352941 -0.0005 5e-05
-0.0002058823529411761 -0.0005 5e-05
-0.0001470588235294112 -0.0005 5e-05
-8.823529411764629e-05 -0.0005 5e-05
-2.941176470588132e-05 -0.0005 5e-05
2.941176470588316e-05 -0.0005 5e-05
8.823529411764776e-05 -0.0005 5e-05
0.0001470588235294123 -0.0005 5e-05
0.0002058823529411768 -0.0005 5e-05
0.0002647058823529414 -0.0005 5e-05
0.0003235294117647059 -0.0005 5e-05
0.0003823529411764705 -0.0005 5e-05
0.000441176470588235 -0.0005 5e-05
1 11 0 16
125
126
127
128
129
130
131
132
133
134
135
136
137
138
139
140
-0.0004411764705882353 0.0005 0
-0.0003823529411764705 0.0005 0
-0.0003235294117647058 0.0005 0
-0.000264705882352941 0.0005 0
-0.0002058823529411761 0.0005 0
-0.0001470588235294112 0.0005 0
-8.823529411764629e-05 0.0005 0
-2.941176470588132e-05 0.0005 0
2.941176470588316e-05 0.0005 0
8.823529411764776e-05 0.0005 0
0.0001470588235294123 0.0005 0
0.0002058823529411768 0.0005 0
0.0002647058823529414 0.0005 0
0.0003235294117647059 0.0005 0
0.0003823529411764705 0.0005 0
0.000441176470588235 0.0005 0
1 12 0 16
141
142
143
144
145
146
147
148
149
150
151
152
153
154
155
156
-0.0004411764705882353 0.0005 5e-05
-0.0003823529411764705 0.0005 5e-05
-0.0003235294117647058 0.0005 5e-05
-0.000264705882352941 0.0005 5e-05
-0.0002058823529411761 0.0005 5e-05
-0.0001470588235294112 0.0005 5e-05
-8.823529411764629e-05 0.0005 5e-05
-2.941176470588132e-05 0.0005 5e-05
2.941176470588316e-05 0.0005 5e-05
8.823529411764776e-05 0.0005 5e-05
0.0001470588235294123 0.0005 5e-05
0.0002058823529411768 0.0005 5e-05
0.0002647058823529414 0.0005 5e-05
0.0003235294117647059 0.0005 5e-05
0.0003823529411764705 0.0005 5e-05
0.000441176470588235 0.0005 5e-05
1 13 0 4
157
158
159
160
-0.0005 -0.0005 0.0001
-0.0005 -0.0005 0.0001500000000000002
-0.0005 -0.0005 0.0002000000000000002
-0.0005 -0.0005 0.00025
1 14 0 16
161
162
163
164
165
166
167
168
169
170
171
172
173
174
175
176
-0.0005 -0.0004411764705882353 0.0003
-0.0005 -0.0003823529411764705 0.0003
-0.0005 -0.0003235294117647058 0.0003
-0.0005 -0.000264705882352941 0.0003
-0.0005 -0.0002058823529411761 0.0003
-0.0005 -0.0001470588235294112 0.0003
-0.0005 -8.823529411764629e-05 0.0003
-0.0005 -2.941176470588132e-05 0.0003
-0.0005 2.941176470588316e-05 0.0003
-0.0005 8.823529411764776e-05 0.0003
-0.0005 0.0001470588235294123 0.0003
-0.0005 0.0002058823529411768 0.0003
-0.0005 0.0002647058823529414 0.0003
-0.0005 0.0003235294117647059 0.0003
-0.0005 0.0003823529411764705 0.0003
-0.0005 0.000441176470588235 0.0003
1 15 0 4
177
178
179
180
-0.0005 0.0005 0.0001
-0.0005 0.0005 0.0001500000000000002
-0.0005 0.0005 0.0002000000000000002
-0.0005 0.0005 0.00025
1 16 0 4
181
182
183
184
0.0005 -0.0005 0.0001
0.0005 -0.0005 0.0001500000000000002
0.0005 -0.0005 0.0002000000000000002
0.0005 -0.0005 0.00025
1 17 0 16
185
186
187
188
189
190
191
192
193
194
195
196
197
198
199
200
0.0005 -0.0004411764705882353 0.0003
0.0005 -0.0003823529411764705 0.0003
0.0005 -0.0003235294117647058 0.0003
0.0005 -0.000264705882352941 0.0003
0.0005 -0.0002058823529411761 0.0003
0.0005 -0.0001470588235294112 0.0003
0.0005 -8.823529411764629e-05 0.0003
0.0005 -2.941176470588132e-05 0.0003
0.0005 2.941176470588316e-05 0.0003
0.0005 8.823529411764776e-05 0.0003
0.0005 0.0001470588235294123 0.0003
0.0005 0.0002058823529411768 0.0003
0.0005 0.0002647058823529414 0.0003
0.0005 0.0003235294117647059 0.0003
0.0005 0.0003823529411764705 0.0003
0.0005 0.000441176470588235 0.0003
1 18 0 4
201
202
203
204
0.0005 0.0005 0.0001
0.0005 0.0005 0.0001500000000000002
0.0005 0.0005 0.0002000000000000002
0.0005 0.0005 0.00025
1 19 0 16
205
206
207
208
209
210
211
212
213
214
215
216
217
218
219
220
-0.0004411764705882353 -0.0005 0.0003
-0.0003823529411764705 -0.0005 0.0003
-0.0003235294117647058 -0.0005 0.0003
-0.000264705882352941 -0.0005 0.0003
-0.0002058823529411761 -0.0005 0.0003
-0.0001470588235294112 -0.0005 0.0003
-8.823529411764629e-05 -0.0005 0.0003
-2.941176470588132e-05 -0.0005 0.0003
2.941176470588316e-05 -0.0005 0.0003
8.823529411764776e-05 -0.0005 0.0003
0.0001470588235294123 -0.0005 0.0003
0.0002058823529411768 -0.0005 0.0003
0.0002647058823529414 -0.0005 0.0003
0.0003235294117647059 -0.0005 0.0003
0.0003823529411764705 -0.0005 0.0003
0.000441176470588235 -0.0005 0.0003
1 20 0 16
221
222
223
224
225
226
227
228
229
230
231
232
233
234
235
236
-0.0004411764705882353 0.0005 0.0003
-0.0003823529411764705 0.0005 0.0003
-0.0003235294117647058 0.0005 0.0003
-0.000264705882352941 0.0005 0.0003
-0.0002058823529411761 0.0005 0.0003
-0.0001470588235294112 0.0005 0.0003
-8.823529411764629e-05 0.0005 0.0003
-2.941176470588132e-05 0.0005 0.0003
2.941176470588316e-05 0.0005 0.0003
8.823529411764776e-05 0.0005 0.0003
0.0001470588235294123 0.0005 0.0003
0.0002058823529411768 0.0005 0.0003
0.0002647058823529414 0.0005 0.0003
0.0003235294117647059 0.0005 0.0003
0.0003823529411764705 0.0005 0.0003
0.000441176470588235 0.0005 0.0003
1 22 0 16
237
238
239
240
241
242
243
244
245
246
247
248
249
250
251
252
-0.0005 -0.0004411764705882353 0.0003300000000000001
-0.0005 -0.0003823529411764705 0.0003300000000000001
-0.0005 -0.0003235294117647058 0.0003300000000000001
-0.0005 -0.000264705882352941 0.0003300000000000001
-0.0005 -0.0002058823529411761 0.0003300000000000001
-0.0005 -0.0001470588235294112 0.0003300000000000001
-0.0005 -8.823529411764629e-05 0.0003300000000000001
-0.0005 -2.941176470588132e-05 0.0003300000000000001
-0.0005 2.941176470588316e-05 0.0003300000000000001
-0.0005 8.823529411764776e-05 0.0003300000000000001
-0.0005 0.0001470588235294123 0.0003300000000000001
-0.0005 0.0002058823529411768 0.0003300000000000001
-0.0005 0.0002647058823529414 0.0003300000000000001
-0.0005 0.0003235294117647059 0.0003300000000000001
-0.0005 0.0003823529411764705 0.0003300000000000001
-0.0005 0.000441176470588235 0.0003300000000000001
1 25 0 16
253
254
255
256
257
258
259
260
261
262
263
264
265
266
267
268
0.0005 -0.0004411764705882353 0.0003300000000000001
0.0005 -0.0003823529411764705 0.0003300000000000001
0.0005 -0.0003235294117647058 0.0003300000000000001
0.0005 -0.000264705882352941 0.0003300000000000001
0.0005 -0.0002058823529411761 0.0003300000000000001
0.0005 -0.0001470588235294112 0.0003300000000000001
0.0005 -8.823529411764629e-05 0.0003300000000000001
0.0005 -2.941176470588132e-05 0.0003300000000000001
0.0005 2.941176470588316e-05 0.0003300000000000001
0.0005 8.823529411764776e-05 0.0003300000000000001
0.0005 0.0001470588235294123 0.0003300000000000001
0.0005 0.0002058823529411768 0.0003300000000000001
0.0005 0.0002647058823529414 0.0003300000000000001
0.0005 0.0003235294117647059 0.0003300000000000001
0.0005 0.0003823529411764705 0.0003300000000000001
0.0005 0.000441176470588235 0.0003300000000000001
1 27 0 16
269
270
271
272
273
274
275
276
277
278
279
280
281
282
283
284
-0.0004411764705882353 -0.0005 0.0003300000000000001
-0.0003823529411764705 -0.0005 0.0003300000000000001
-0.0003235294117647058 -0.0005 0.0003300000000000001
-0.000264705882352941 -0.0005 0.0003300000000000001
-0.0002058823529411761 -0.0005 0.0003300000000000001
-0.0001470588235294112 -0.0005 0.0003300000000000001
-8.823529411764629e-05 -0.0005 0.0003300000000000001
-2.941176470588132e-05 -0.0005 0.0003300000000000001
2.941176470588316e-05 -0.0005 0.0003300000000000001
8.823529411764776e-05 -0.0005 0.0003300000000000001
0.0001470588235294123 -0.0005 0.0003300000000000001
0.0002058823529411768 -0.0005 0.0003300000000000001
0.0002647058823529414 -0.0005 0.0003300000000000001
0.0003235294117647059 -0.0005 0.0003300000000000001
0.0003823529411764705 -0.0005 0.0003300000000000001
0.000441176470588235 -0.0005 0.0003300000000000001
1 28 0 16
285
286
287
288
289
290
291
292
293
294
295
296
297
298
299
300
-0.0004411764705882353 0.0005 0.0003300000000000001
-0.0003823529411764705 0.0005 0.0003300000000000001
-0.0003235294117647058 0.0005 0.0003300000000000001
-0.000264705882352941 0.0005 0.0003300000000000001
-0.0002058823529411761 0.0005 0.0003300000000000001
-0.0001470588235294112 0.0005 0.0003300000000000001
-8.823529411764629e-05 0.0005 0.0003300000000000001
-2.941176470588132e-05 0.0005 0.0003300000000000001
2.941176470588316e-05 0.0005 0.0003300000000000001
8.823529411764776e-05 0.0005 0.0003300000000000001
0.0001470588235294123 0.0005 0.0003300000000000001
0.0002058823529411768 0.0005 0.0003300000000000001
0.0002647058823529414 0.0005 0.0003300000000000001
0.0003235294117647059 0.0005 0.0003300000000000001
0.0003823529411764705 0.0005 0.0003300000000000001
0.000441176470588235 0.0005 0.0003300000000000001
1 30 0 16
301
302
303
304
305
306
307
308
309
310
311
312
313
314
315
316
-0.0005 -0.0004411764705882353 0.0003800000000000001
-0.0005 -0.0003823529411764705 0.0003800000000000001
-0.0005 -0.0003235294117647058 0.0003800000000000001
-0.0005 -0.000264705882352941 0.0003800000000000001
-0.0005 -0.0002058823529411761 0.0003800000000000001
-0.0005 -0.0001470588235294112 0.0003800000000000001
-0.0005 -8.823529411764629e-05 0.0003800000000000001
-0.0005 -2.941176470588132e-05 0.0003800000000000001
-0.0005 2.941176470588316e-05 0.0003800000000000001
-0.0005 8.823529411764776e-05 0.0003800000000000001
-0.0005 0.0001470588235294123 0.0003800000000000001
-0.0005 0.0002058823529411768 0.0003800000000000001
-0.0005 0.0002647058823529414 0.0003800000000000001
-0.0005 0.0003235294117647059 0.0003800000000000001
-0.0005 0.0003823529411764705 0.0003800000000000001
-0.0005 0.000441176470588235 0.0003800000000000001
1 33 0 16
317
318
319
320
321
322
323
324
325
326
327
328
329
330
331
332
0.0005 -0.0004411764705882353 0.0003800000000000001
0.0005 -0.0003823529411764705 0.0003800000000000001
0.0005 -0.0003235294117647058 0.0003800000000000001
0.0005 -0.000264705882352941 0.0003800000000000001
0.0005 -0.0002058823529411761 0.0003800000000000001
0.0005 -0.0001470588235294112 0.0003800000000000001
0.0005 -8.823529411764629e-05 0.0003800000000000001
0.0005 -2.941176470588132e-05 0.0003800000000000001
0.0005 2.941176470588316e-05 0.0003800000000000001
0.0005 8.823529411764776e-05 0.0003800000000000001
0.0005 0.0001470588235294123 0.0003800000000000001
0.0005 0.0002058823529411768 0.0003800000000000001
0.0005 0.0002647058823529414 0.0003800000000000001
0.0005 0.0003235294117647059 0.0003800000000000001
0.0005 0.0003823529411764705 0.0003800000000000001
0.0005 0.000441176470588235 0.0003800000000000001
1 35 0 16
333
334
335
336
337
338
339
340
341
342
343
344
345
346
347
348
-0.0004411764705882353 -0.0005 0.0003800000000000001
-0.0003823529411764705 -0.0005 0.0003800000000000001
-0.0003235294117647058 -0.0005 0.0003800000000000001
-0.000264705882352941 -0.0005 0.0003800000000000001
-0.0002058823529411761 -0.0005 0.0003800000000000001
-0.0001470588235294112 -0.0005 0.0003800000000000001
-8.823529411764629e-05 -0.0005 0.0003800000000000001
-2.941176470588132e-05 -0.0005 0.0003800000000000001
2.941176470588316e-05 -0.0005 0.0003800000000000001
8.823529411764776e-05 -0.0005 0.0003800000000000001
0.0001470588235294123 -0.0005 0.0003800000000000001
0.0002058823529411768 -0.0005 0.0003800000000000001
0.0002647058823529414 -0.0005 0.0003800000000000001
0.0003235294117647059 -0.0005 0.0003800000000000001
0.0003823529411764705 -0.0005 0.0003800000000000001
0.000441176470588235 -0.0005 0.0003800000000000001
1 36 0 16
349
350
351
352
353
354
355
356
357
358
359
360
361
362
363
364
-0.0004411764705882353 0.0005 0.0003800000000000001
-0.0003823529411764705 0.0005 0.0003800000000000001
-0.0003235294117647058 0.0005 0.0003800000000000001
-0.000264705882352941 0.0005 0.0003800000000000001
-0.0002058823529411761 0.0005 0.0003800000000000001
-0.0001470588235294112 0.0005 0.0003800000000000001
-8.823529411764629e-05 0.0005 0.0003800000000000001
-2.941176470588132e-05 0.0005 0.0003800000000000001
2.941176470588316e-05 0.0005 0.0003800000000000001
8.823529411764776e-05 0.0005 0.0003800000000000001
0.0001470588235294123 0.0005 0.0003800000000000001
0.0002058823529411768 0.0005 0.0003800000000000001
0.0002647058823529414 0.0005 0.0003800000000000001
0.0003235294117647059 0.0005 0.0003800000000000001
0.0003823529411764705 0.0005 0.0003800000000000001
0.000441176470588235 0.0005 0.0003800000000000001
1 38 0 16
365
366
367
368
369
370
371
372
373
374
375
376
377
378
379
380
-0.0005 -0.0004411764705882353 0.0004100000000000001
-0.0005 -0.0003823529411764705 0.0004100000000000001
-0.0005 -0.0003235294117647058 0.0004100000000000001
-0.0005 -0.000264705882352941 0.0004100000000000001
-0.0005 -0.0002058823529411761 0.0004100000000000001
-0.0005 -0.0001470588235294112 0.0004100000000000001
-0.0005 -8.823529411764629e-05 0.0004100000000000001
-0.0005 -2.941176470588132e-05 0.0004100000000000001
-0.0005 2.941176470588316e-05 0.0004100000000000001
-0.0005 8.823529411764776e-05 0.0004100000000000001
-0.0005 0.0001470588235294123 0.0004100000000000001
-0.0005 0.0002058823529411768 0.0004100000000000001
-0.0005 0.0002647058823529414 0.0004100000000000001
-0.0005 0.0003235294117647059 0.0004100000000000001
-0.0005 0.0003823529411764705 0.0004100000000000001
-0.0005 0.000441176470588235 0.0004100000000000001
1 41 0 16
381
382
383
384
385
386
387
388
389
390
391
392
393
394
395
396
0.0005 -0.0004411764705882353 0.0004100000000000001
0.0005 -0.0003823529411764705 0.0004100000000000001
0.0005 -0.0003235294117647058 0.0004100000000000001
0.0005 -0.000264705882352941 0.0004100000000000001
0.0005 -0.0002058823529411761 0.0004100000000000001
0.0005 -0.0001470588235294112 0.0004100000000000001
0.0005 -8.823529411764629e-05 0.0004100000000000001
0.0005 -2.941176470588132e-05 0.0004100000000000001
0.0005 2.941176470588316e-05 0.0004100000000000001
0.0005 8.823529411764776e-05 0.0004100000000000001
0.0005 0.0001470588235294123 0.0004100000000000001
0.0005 0.0002058823529411768 0.0004100000000000001
0.0005 0.0002647058823529414 0.0004100000000000001
0.0005 0.0003235294117647059 0.0004100000000000001
0.0005 0.0003823529411764705 0.0004100000000000001
0.0005 0.000441176470588235 0.0004100000000000001
1 43 0 16
397
398
399
400
401
402
403
404
405
406
407
408
409
410
411
412
-0.0004411764705882353 -0.0005 0.0004100000000000001
-0.0003823529411764705 -0.0005 0.0004100000000000001
-0.0003235294117647058 -0.0005 0.0004100000000000001
-0.000264705882352941 -0.0005 0.0004100000000000001
-0.0002058823529411761 -0.0005 0.0004100000000000001
-0.0001470588235294112 -0.0005 0.0004100000000000001
-8.823529411764629e-05 -0.0005 0.0004100000000000001
-2.941176470588132e-05 -0.0005 0.0004100000000000001
2.941176470588316e-05 -0.0005 0.0004100000000000001
8.823529411764776e-05 -0.0005 0.0004100000000000001
0.0001470588235294123 -0.0005 0.0004100000000000001
0.0002058823529411768 -0.0005 0.0004100000000000001
0.0002647058823529414 -0.0005 0.0004100000000000001
0.0003235294117647059 -0.0005 0.0004100000000000001
0.0003823529411764705 -0.0005 0.0004100000000000001
0.000441176470588235 -0.0005 0.0004100000000000001
1 44 0 16
413
414
415
416
417
418
419
420
421
422
423
424
425
426
427
428
-0.0004411764705882353 0.0005 0.0004100000000000001
-0.0003823529411764705 0.0005 0.0004100000000000001
-0.0003235294117647058 0.0005 0.0004100000000000001
-0.000264705882352941 0.0005 0.0004100000000000001
-0.0002058823529411761 0.0005 0.0004100000000000001
-0.0001470588235294112 0.0005 0.0004100000000000001
-8.823529411764629e-05 0.0005 0.0004100000000000001
-2.941176470588132e-05 0.0005 0.0004100000000000001
2.941176470588316e-05 0.0005 0.0004100000000000001
8.823529411764776e-05 0.0005 0.0004100000000000001
0.0001470588235294123 0.0005 0.0004100000000000001
0.0002058823529411768 0.0005 0.0004100000000000001
0.0002647058823529414 0.0005 0.0004100000000000001
0.0003235294117647059 0.0005 0.0004100000000000001
0.0003823529411764705 0.0005 0.0004100000000000001
0.000441176470588235 0.0005 0.0004100000000000001
1 45 0 4
429
430
431
432
-0.0005 -0.0005 0.0004600000000000001
-0.0005 -0.0005 0.0005100000000000003
-0.0005 -0.0005 0.0005600000000000003
-0.0005 -0.0005 0.0006100000000000001
1 46 0 16
433
434
435
436
437
438
439
440
441
442
443
444
445
446
447
448
-0.0005 -0.0004411764705882353 0.0006600000000000001
-0.0005 -0.0003823529411764705 0.0006600000000000001
-0.0005 -0.0003235294117647058 0.0006600000000000001
-0.0005 -0.000264705882352941 0.0006600000000000001
-0.0005 -0.0002058823529411761 0.0006600000000000001
-0.0005 -0.0001470588235294112 0.0006600000000000001
-0.0005 -8.823529411764629e-05 0.0006600000000000001
-0.0005 -2.941176470588132e-05 0.0006600000000000001
-0.0005 2.941176470588316e-05 0.0006600000000000001
-0.0005 8.823529411764776e-05 0.0006600000000000001
-0.0005 0.0001470588235294123 0.0006600000000000001
-0.0005 0.0002058823529411768 0.0006600000000000001
-0.0005 0.0002647058823529414 0.0006600000000000001
-0.0005 0.0003235294117647059 0.0006600000000000001
-0.0005 0.0003823529411764705 0.0006600000000000001
-0.0005 0.000441176470588235 0.0006600000000000001
1 47 0 4
449
450
451
452
-0.0005 0.0005 0.0004600000000000001
-0.0005 0.0005 0.0005100000000000003
-0.0005 0.0005 0.0005600000000000003
-0.0005 0.0005 0.0006100000000000001
1 48 0 4
453
454
455
456
0.0005 -0.0005 0.0004600000000000001
0.0005 -0.0005 0.0005100000000000003
0.0005 -0.0005 0.0005600000000000003
0.0005 -0.0005 0.0006100000000000001
1 49 0 16
457
458
459
460
461
462
463
464
465
466
467
468
469
470
471
472
0.0005 -0.0004411764705882353 0.0006600000000000001
0.0005 -0.0003823529411764705 0.0006600000000000001
0.0005 -0.0003235294117647058 0.0006600000000000001
0.0005 -0.000264705882352941 0.0006600000000000001
0.0005 -0.0002058823529411761 0.0006600000000000001
0.0005 -0.0001470588235294112 0.0006600000000000001
0.0005 -8.823529411764629e-05 0.0006600000000000001
0.0005 -2.941176470588132e-05 0.0006600000000000001
0.0005 2.941176470588316e-05 0.0006600000000000001
0.0005 8.823529411764776e-05 0.0006600000000000001
0.0005 0.0001470588235294123 0.0006600000000000001
0.0005 0.0002058823529411768 0.0006600000000000001
0.0005 0.0002647058823529414 0.0006600000000000001
0.0005 0.0003235294117647059 0.0006600000000000001
0.0005 0.0003823529411764705 0.0006600000000000001
0.0005 0.000441176470588235 0.0006600000000000001
1 50 0 4
473
474
475
476
0.0005 0.0005 0.0004600000000000001
0.0005 0.0005 0.0005100000000000003
0.0005 0.0005 0.0005600000000000003
0.0005 0.0005 0.0006100000000000001
1 51 0 16
477
478
479
480
481
482
483
484
485
486
487
488
489
490
491
492
-0.0004411764705882353 -0.0005 0.0006600000000000001
-0.0003823529411764705 -0.0005 0.0006600000000000001
-0.0003235294117647058 -0.0005 0.0006600000000000001
-0.000264705882352941 -0.0005 0.0006600000000000001
-0.0002058823529411761 -0.0005 0.0006600000000000001
-0.0001470588235294112 -0.0005 0.0006600000000000001
-8.823529411764629e-05 -0.0005 0.0006600000000000001
-2.941176470588132e-05 -0.0005 0.0006600000000000001
2.941176470588316e-05 -0.0005 0.0006600000000000001
8.823529411764776e-05 -0.0005 0.0006600000000000001
0.0001470588235294123 -0.0005 0.0006600000000000001
0.0002058823529411768 -0.0005 0.0006600000000000001
0.0002647058823529414 -0.0005 0.0006600000000000001
0.0003235294117647059 -0.0005 0.0006600000000000001
0.0003823529411764705 -0.0005 0.0006600000000000001
0.000441176470588235 -0.0005 0.0006600000000000001
1 52 0 16
493
494
495
496
497
498
499
500
501
502
503
504
505
506
507
508
-0.0004411764705882353 0.0005 0.0006600000000000001
-0.0003823529411764705 0.0005 0.0006600000000000001
-0.0003235294117647058 0.0005 0.0006600000000000001
-0.000264705882352941 0.0005 0.0006600000000000001
-0.0002058823529411761 0.0005 0.0006600000000000001
-0.0001470588235294112 0.0005 0.0006600000000000001
-8.823529411764629e-05 0.0005 0.0006600000000000001
-2.941176470588132e-05 0.0005 0.0006600000000000001
2.941176470588316e-05 0.0005 0.0006600000000000001
8.823529411764776e-05 0.0005 0.0006600000000000001
0.0001470588235294123 0.0005 0.0006600000000000001
0.0002058823529411768 0.0005 0.0006600000000000001
0.0002647058823529414 0.0005 0.0006600000000000001
0.0003235294117647059 0.0005 0.0006600000000000001
0.0003823529411764705 0.0005 0.0006600000000000001
0.000441176470588235 0.0005 0.0006600000000000001
2 1 0 17
509
510
511
512
513
514
515
516
517
518
519
520
521
522
523
524
525
-0.0005 0.0004705882352941174 2.5e-05
-0.0005 -5.882352941176378e-05 2.500000000000002e-05
-0.0005 -0.0002352941176470586 2.5e-05
-0.0005 -0.0001764705882352937 2.5e-05
-0.0005 -0.0001176470588235288 2.5e-05
-0.0005 -0.0004705882352941177 2.5e-05
-0.0005 -0.0004117647058823529 2.5e-05
-0.0005 -0.0002941176470588234 2.5e-05
-0.0005 -0.0003529411764705882 2.5e-05
-0.0005 0.0001176470588235301 2.5e-05
-0.0005 5.882352941176546e-05 2.5e-05
-0.0005 0.0002352941176470592 2.5e-05
-0.0005 0.0003529411764705882 2.5e-05
-0.0005 9.75781955236954e-19 2.5e-05
-0.0005 0.0001764705882352945 2.5e-05
-0.0005 0.0002941176470588237 2.5e-05
-0.0005 0.0004117647058823528 2.5e-05
2 2 0 17
526
527
528
529
530
531
532
533
534
535
536
537
538
539
540
541
542
0.0005 0.0004705882352941175 2.5e-05
0.0005 -5.882352941176378e-05 2.500000000000002e-05
0.0005 -0.0002352941176470586 2.5e-05
0.0005 -0.0001764705882352937 2.5e-05
0.0005 -0.0001176470588235288 2.5e-05
0.0005 -0.0004705882352941177 2.5e-05
0.0005 -0.0004117647058823529 2.5e-05
0.0005 -0.0002941176470588234 2.5e-05
0.0005 -0.0003529411764705882 2.5e-05
0.0005 0.0001176470588235301 2.5e-05
0.0005 0.0002352941176470592 2.5e-05
0.0005 0.0003529411764705883 2.5e-05
0.0005 5.882352941176546e-05 2.5e-05
0.0005 9.75781955236954e-19 2.5e-05
0.0005 0.0001764705882352945 2.5e-05
0.0005 0.0002941176470588237 2.5e-05
0.0005 0.0004117647058823528 2.5e-05
2 3 0 17
543
544
545
546
547
548
549
550
551
552
553
554
555
556
557
558
559
0.0004705882352941174 -0.0005 2.5e-05
-5.882352941176383e-05 -0.0005 2.5e-05
-0.0002352941176470586 -0.0005 2.5e-05
-0.0001764705882352937 -0.0005 2.5e-05
-0.0001176470588235288 -0.0005 2.5e-05
-0.0004705882352941177 -0.0005 2.5e-05
-0.0004117647058823529 -0.0005 2.5e-05
-0.0002941176470588234 -0.0005 2.5e-05
-0.0003529411764705882 -0.0005 2.5e-05
5.882352941176546e-05 -0.0005 2.5e-05
0.0003529411764705882 -0.0005 2.5e-05
0.0001176470588235301 -0.0005 2.5e-05
0.0002352941176470592 -0.0005 2.5e-05
9.75781955236954e-19 -0.0005 2.5e-05
0.0001764705882352946 -0.0005 2.5e-05
0.0002941176470588237 -0.0005 2.5e-05
0.0004117647058823528 -0.0005 2.5e-05
2 4 0 17
560
561
562
563
564
565
566
567
568
569
570
571
572
573
574
575
576
0.0004705882352941174 0.0005 2.5e-05
-5.882352941176383e-05 0.0005 2.499999999999999e-05
-0.0002352941176470586 0.0005 2.5e-05
-0.0001764705882352937 0.0005 2.5e-05
-0.0001176470588235288 0.0005 2.5e-05
-0.0004705882352941177 0.0005 2.5e-05
-0.0004117647058823529 0.0005 2.5e-05
-0.0002941176470588234 0.0005 2.5e-05
-0.0003529411764705882 0.0005 2.5e-05
0.0001176470588235301 0.0005 2.5e-05
0.0002352941176470591 0.0005 2.499999999999998e-05
0.0003529411764705882 0.0005 2.5e-05
5.882352941176546e-05 0.0005 2.5e-05
9.75781955236954e-19 0.0005 2.5e-05
0.0001764705882352946 0.0005 2.5e-05
0.0002941176470588237 0.0005 2.5e-05
0.0004117647058823528 0.0005 2.5e-05
2 5 0 313
577
578
579
580
581
582
583
584
585
586
587
588
589
590
591
592
593
594
595
596
597
598
599
600
601
602
603
604
605
606
607
608
609
610
611
612
613
614
615
616
617
618
619
620
621
622
623
624
625
626
627
628
629
630
631
632
633
634
635
636
637
638
639
640
641
642
643
644
645
646
647
648
649
650
651
652
653
654
655
656
657
658
659
660
661
662
663
664
665
666
667
668
669
670
671
672
673
674
675
676
677
678
679
680
681
682
683
684
685
686
687
688
689
690
691
692
693
694
695
696
697
698
699
700
701
702
703
704
705
706
707
708
709
710
711
712
713
714
715
716
717
718
719
720
721
722
723
724
725
726
727
728
729
730
731
732
733
734
735
736
737
738
739
740
741
742
743
744
745
746
747
748
749
750
751
752
753
754
755
756
757
758
759
760
761
762
763
764
765
766
767
768
769
770
771
772
773
774
775
776
777
778
779
780
781
782
783
784
785
786
787
788
789
790
791
792
793
794
795
796
797
798
799
800
801
802
803
804
805
806
807
808
809
810
811
812
813
814
815
816
817
818
819
820
821
822
823
824
825
826
827
828
829
830
831
832
833
834
835
836
837
838
839
840
841
842
843
844
845
846
847
848
849
850
851
852
853
854
855
856
857
858
859
860
861
862
863
864
865
866
867
868
869
870
871
872
873
874
875
876
877
878
879
880
881
882
883
884
885
886
887
888
889
2.49366499671666e-18 0.0004490573291891518 0
2.443807959038626e-06 -0.0004553418012614659 0
-0.0004439100493150786 -4.727898381813003e-06 0
0.0004449869689790683 -7.020926963103875e-06 0
-0.0004459002547555177 -0.0001783053696665122 0
-0.0001840359775087852 0.0004438493423724759 0
0.0004506839158122073 -0.0001784172104085041 0
0.0004443366493529829 0.0001836551065100442 0
0.0001764705882352933 0.0004490573291891513 0
-0.0004502765022576048 0.0001764705882352944 0
0.0001764705882352945 -0.0004490573291891509 0
-0.0001755977996784926 -0.0004530478829680188 0
-0.0002943088963365383 0.000446091903281844 0
0.0004502878230171529 -0.0002941176470588231 0
0.0002941176470588227 0.000449057329189151 0
-0.0004440695421373802 -0.0003031835153351695 0
-0.0004490573291891508 0.0002941176470588233 0
0.0002941176470588234 -0.0004490573291891509 0
-0.0002941176470588234 -0.0004490573291891506 0
0.0004478941462702162 0.0002948681708735179 0
0.000447013446242106 0.0004040481185932727 0
-0.0004503708056226366 0.0004094896979650105 0
0.0004080213660864859 -0.0004435272649770448 0
-0.0004490573291891506 -0.0004117647058823529 0
0.0003524604107286592 0.0004493348994196695 0
0.0003234492841410492 0.000398160920083388 0
0.0002646925277489969 0.0003981223686624839 0
0.0002941020666875532 0.0003471809828989978 0
0.000235289295151187 0.000347174771836743 0
0.0002647024818750788 0.0002962312800234104 0
0.0002058809824455494 0.0002962301080126231 0
0.0002352933224848035 0.0002452871050328939 0
0.0001764702272923073 0.0002452868543362854 0
0.0002058821602569608 0.0001943440863811865 0
0.0001470587312582036 0.0001943440284077128 0
0.0001764705407427132 0.0001434013317439081 0
0.000117647035529555 0.0001434013177728391 0
0.0001468458029788701 9.258162098540275e-05 0
8.819978681021633e-05 9.247913366671108e-05 0
0.000117392628761083 4.166285796739877e-05 0
5.877520651677184e-05 4.154386193879064e-05 0
2.940463628729587e-05 9.246274910760122e-05 0
-9.241885609665573e-09 4.152129850750646e-05 0
8.818483529139144e-05 -9.397575691572286e-06 0
-2.941275901494598e-05 9.24592075778202e-05 0
-5.882523544422329e-05 4.151694768066464e-05 0
-8.823561558688744e-05 9.245881911357071e-05 0
-0.000117647396740492 4.151615779881841e-05 0
-8.823563477589925e-05 -9.426511429350137e-06 0
0.0001447479204760737 -1.045627139290321e-05 0
0.0001172534985102462 -6.053611739724999e-05 0
-0.0001470589366252956 -9.426642812541139e-06 0
-0.000117647134449236 -6.036933525681076e-05 0
-0.0001470588235294274 9.24586335132306e-05 0
-5.882374870815597e-05 0.0001434014309348983 0
0.0001739727648550713 -6.175064443855207e-05 0
0.0001465769262471413 -0.0001115700503963716 0
-0.0001764706196889093 -6.036936075957619e-05 0
-0.0001470588413759847 -0.0001113120394264583 0
0.0002123748925993339 8.638577887363943e-05 0
-8.823530969637904e-05 -0.0001113120407358003 0
-0.0001176470602737041 -0.0001622547197037757 0
-0.0001764705914514394 -0.0001622547186841888 0
-5.882353224993667e-05 -0.0001622547189024186 0
-8.823529483239459e-05 -0.0002131973909392274 0
-2.941176529805824e-05 -0.0002131973910099974 0
-0.0002058823770327734 -9.426694199186946e-06 0
0.0001176469832878252 0.0002452866895563178 0
0.0002072428652800575 -0.0001105130448415537 0
0.0001766170240780408 -0.0001621645531706262 0
-0.0002352941269046108 -6.036937357447583e-05 0
0.0002374024081266246 -0.0001610343092449972 0
0.0002062581406615379 -0.0002129789615741432 0
0.0002337856819061639 -6.07451852731078e-05 0
0.0002642601631147783 -0.0002134539511646164 0
-5.882352946849829e-05 -0.0002641400621299844 0
-1.08176163339524e-13 -0.0002641400621002869 0
-0.000117647058952134 -0.0002641400620884865 0
0.0002352941176470214 -0.0002641400621627353 0
-0.0002647058879111464 -9.426704899442298e-06 0
0.0002647326488055602 0.0001968608328314724 0
-0.000294117649528133 -6.036937749366605e-05 0
0.0001765332195219892 -0.0002641036571997749 0
-8.82352941485634e-05 -0.0003150827329557393 0
0.0002968718562532556 -0.0001646268702560646 0
0.0002931836282476373 -0.0002646791887898856 0
-0.0001470588235560247 -0.0003150827329582208 0
5.874952622182466e-05 -6.039231326283032e-05 0
0.0001175911485835879 -0.0001622826927569933 0
0.0002645502125510422 -0.0003151725874114445 0
0.0003259747498628091 -0.0003165953429496094 0
0.0003235262482898457 0.0002962311431896609 0
-0.0003235294131026386 -9.426707336014075e-06 0
-0.0002941176482081911 4.151596336596675e-05 0
-0.0003529411771051452 -6.036937855295743e-05 0
-0.000323529412282036 -0.0001113120494314911 0
-0.0001764705882611873 -0.0002641400621477839 0
-0.0002058823529499537 -0.0003150827329685153 0
-0.0002352941176528607 -0.0002641400621593806 0
-0.0002647058823553972 -0.0003150827329721618 0
-0.0002941176470602236 -0.000264140062161919 0
-0.0003235294117653751 -0.0003150827329731906 0
-0.0002647058823541626 -0.0002131973913511723 0
-0.0003235294117648499 -0.0002131973913517916 0
-5.717442578406784e-13 -0.0001622547202109445 0
0.0001764695560700421 0.00034717258348834 0
-0.000351551158669087 4.071343555050761e-05 0
-0.0003232977423226926 9.232487909852267e-05 0
-0.0002646672709708434 9.243634122138036e-05 0
-0.000294072600254812 0.000143375296539659 0
-0.0002352801746160483 0.0001433932543113703 0
-0.000264696050713776 0.0001943382988354116 0
-0.0002058783904961531 0.0001943416874162259 0
-0.0002339400713082559 0.0002445048869275762 0
-0.0001762442534379938 0.0002451559714896276 0
-0.0002960643215333752 0.0002547245972159339 0
-0.0002042672087603859 0.0002952968128290689 0
-0.0001467519103663988 0.0002960521203593417 0
-0.000117601714609223 0.0002452604664514365 0
-8.817658455476275e-05 0.0002961954207746864 0
-5.881720933298136e-05 0.0002452829970465823 0
-2.940092643227341e-05 0.0002962230592764312 0
2.042660993259102e-09 0.0002452854666148916 0
2.941391152831295e-05 0.000296228077288104 0
-5.88119381056816e-05 0.0003471652953237804 0
0.0003515766399700995 -0.0002661066189692793 0
-0.0003906798613165284 9.095283272755579e-05 0
-0.0002352941176470999 -0.0003660254037844083 0
-0.0001164251548536171 -0.0003653199371873812 0
-5.861987875529367e-05 -0.0003643289381875916 0
-0.0001743399005702107 0.0003459418344704799 0
-0.0002375674010484282 0.0003484844683511931 0
-0.000380861288317938 -0.000110450843329055 0
-8.555389372087805e-05 -0.0004102832804906267 0
0.0002941176470587797 -0.0003660254037844374 0
0.000352292417178721 -0.000367251125235807 0
0.0002352941176470154 -0.0003660254037844343 0
-0.0004103354498124088 -5.918506791903217e-05 0
0.0003828354368371863 0.0003985301935546383 0
-0.0004429546504052272 -0.0001141637729675496 0
0.0003539305006226305 0.0003470705336100447 0
0.0003823529411764641 0.0002962293167565993 0
0.0003529406492247698 0.0002460917803608047 0
0.0004117060851016425 0.0002427583830419905 0
0.0003798899776039438 0.0001927428233831561 0
0.0004008672603730549 0.000136525874866264 0
0.0003443694444854439 0.0001475400613872738 0
0.0003625610208717194 9.234822765415835e-05 0
0.0003068635793357186 0.0001029679014817024 0
0.0003238050836948666 4.838730392394048e-05 0
0.0004106983211697064 8.691173234577816e-05 0
0.0002660110188565059 6.070657230444895e-05 0
0.0002851148112173689 7.991695065142973e-06 0
0.0003411907193671341 -5.882431695010057e-06 0
0.0002280752437959692 2.048173791797752e-05 0
0.000297014335384534 -5.206268202404658e-05 0
0.0003629693222510818 -6.057658614858909e-05 0
0.0004129387213070571 0.0003489479183097769 0
0.0002676402865439999 -0.000111182142141197 0
0.0003307963442536819 -0.0001152882341019398 0
0.0003577124631055274 -0.0001708441117917044 0
0.00039016487681412 -0.0001134137611502341 0
0.0004179094231601473 -6.195201084617616e-05 0
-0.0001176471048070116 0.000143401330872647 0
0.0002058668465219483 -0.0003150916412194 0
0.0001470666776739618 -0.0003150781501873892 0
0.0001176588063953795 -0.0002641332308712033 0
8.823856107035297e-05 -0.0003150808306272892 0
0.000117648912339708 -0.0003644454351013306 0
6.00462868027452e-05 -0.0003650562920213537 0
9.088320389454463e-05 -0.0004102587557819141 0
0.0001764703366578537 -0.0003651370726074013 0
-0.0003512009146965618 -0.0001612499798007704 0
0.0002356207674343465 0.0001466975735597748 0
-0.0002938276035162779 -0.0001620872637010659 0
-0.0003901344994003219 -0.0002105686122544576 0
-0.0003529411764706257 -0.0002641400621627028 0
-0.0003817906056787939 -0.0003131938333988011 0
-0.0003528474538877818 -0.0003641316993608691 0
-0.0004116553449061449 -0.0003603638341738386 0
-0.0003835765504989672 -0.0004084288943883815 0
0.0003499111826778803 -0.0004512778878566271 0
-0.0004492762419280651 0.0003525620084843642 0
-0.0003981511438347873 0.0003234662171003346 0
-0.0003986400770628956 0.0002655948693217796 0
-0.0003471719875674525 0.0002941176470588229 0
-0.0003471780684768661 0.0003529306440265254 0
-0.0002965210338694773 0.0003220821799540191 0
-0.0002938396281825305 0.0003817056688211236 0
-0.000240217669655617 0.0004096499300762874 0
-0.0003474161810371875 0.0004108088891482698 0
-0.0003984178498796406 0.0003817389878854563 0
-0.0004042305160806893 0.000445653067112032 0
-2.941040746532342e-05 0.000194343191531715 0
2.941205381314874e-05 0.0001943438082187556 0
-0.0004490573291891506 -0.0002352941176470587 0
-0.0003529411764706 0.000143401304324092 0
0.0002352941176470591 -0.0004490573291891511 0
-0.0001172290752073517 0.0003469306646141539 0
-8.816369829726868e-05 0.000398073322512144 0
-0.0004481915983881802 5.945194296858361e-05 0
5.882352941176492e-05 0.00044905732918915 0
2.941176470588251e-05 0.0003981146583783036 0
8.823529411764526e-05 0.0003981146583783028 0
0.0001176470588235283 0.000449057329189151 0
-2.941364613528086e-05 -9.425621864717678e-06 0
2.940378590249315e-05 -9.424950188222873e-06 0
-1.397723713440942e-08 -6.037272728257384e-05 0
-0.0003823529411764919 -9.42670810845413e-06 0
-0.0002352199009330449 -0.0004509998436445805 0
-0.000449057329189151 0.0001176470588235298 0
0.0004510277950209903 -0.0002356185546759269 0
-0.0001470588244520116 -0.0002131973908192206 0
-0.0002646575438032251 -0.0001112841390786453 0
0.0004505378249598931 -0.000352447230523002 0
0.0003914669705895192 -0.0003204996724331409 0
2.941176449384976e-05 -0.000213197391229476 0
2.939710120606503e-05 -0.0001113164301262878 0
-0.0002941135809327781 -0.0003651232736172944 0
-0.0002058823536364584 -0.0002131973909504594 0
-0.0002058735938723359 9.245357646247188e-05 0
0.0001470583503394823 0.0002962295899529396 0
-0.0001750450336000257 -0.000363631241405259 0
5.881646775964e-05 0.0001434053813708157 0
-2.937782296245526e-05 -0.0003147999886885989 0
-5.882624449997332e-05 -6.036971438323768e-05 0
-0.0001764661518083997 0.0001433987429518125 0
-0.0002058743068118763 -0.0001113073920107259 0
-1.235990476633475e-17 0.0001434013043240721 0
0.000294120793740792 0.0002466458494384013 0
-8.822650140868622e-05 0.0001943388986620347 0
-0.0004493480944813257 0.0002354422821418653 0
-0.000176469207574567 4.151516557752977e-05 0
-0.000147010686094578 0.000194316182973964 0
-0.00023523638026224 -0.0001622213826293763 0
-0.0002352859975949762 4.151127458811986e-05 0
0.0001471489388930247 -0.0002131434144874363 0
-2.941549980277222e-05 -0.0001113130084516284 0
8.811386143605803e-05 -0.0001113691956944271 0
-0.0003900647104349561 0.0002004290109731203 0
-0.0003235294117647145 0.0001943439751349387 0
8.823413351002147e-05 0.0001943446452120348 0
5.882352941175711e-05 0.0002452866459457678 0
8.823556046711107e-05 0.0002962291629796739 0
8.823529411761328e-05 -0.0002131973913518769 0
5.87915282109048e-05 -0.000162269636895001 0
5.882603177914377e-05 -0.0002641386065256173 0
0.0002352918918797346 0.0004490586142365151 0
2.962217609692782e-05 -0.0003148735306245943 0
1.500364176501546e-06 -0.0003632147953662586 0
0.0002058787804357765 0.0003981167209652558 0
0.0001470580560843023 0.0003981151014629427 0
0.0001176467244150572 0.0003471721806382762 0
5.882387587233457e-05 0.0003471717875383534 0
4.153810449899695e-09 0.0003471695893638798 0
-2.939720788306148e-05 0.0003981062539927359 0
-0.000118896024399046 0.0004481824420753482 0
-5.901733156715022e-05 0.0004489032246282299 0
-0.0001470588235294112 0.0003981146583783134 0
0.0003904074868532252 3.543482753090967e-05 0
0.0004479234292966746 -0.0001159235664018665 0
0.0001742260059955519 3.756511391554283e-05 0
0.0004050715059575371 -0.0002051009966099823 0
0.0004092921023016895 0.0004509186279811597 0
0.0004532665161046808 -0.0004097859924995573 0
0.0003222384923472404 0.0001978058738065572 0
0.0003183710181359082 -0.0002161755913020428 0
0.0004041017177916402 -0.0003822738599425241 0
-0.000350699283327789 0.0002412783697451029 0
0.0004535002031082231 0.0001215193900832589 0
-0.0004062684247495553 0.0001461454917346309 0
0.0004035336281562171 -0.0002609210064593739 0
-0.0004048055693160727 -0.0002649136614370143 0
0.0003914927841221315 -1.999942562439384e-05 0
-0.0003487807594785044 -0.0004532153260974677 0
-5.796932801913708e-05 -0.0004552750809227474 0
0.0001180883771196712 -0.0004542235814592439 0
-0.0001460252156029531 -0.0004097257274488831 0
3.071423792311138e-05 -0.0004099828413692312 0
-0.0004159612114968048 -0.0004543649856513925 0
-0.0002536720073039845 0.0002930185890555584 0
-0.000264705882352941 -0.0004075413664867941 0
-0.0002053146583024263 -0.0004084952442896573 0
0.0002058823529411316 -0.0004075413664867759 0
0.0002647058823529113 -0.0004075413664867881 0
0.0003227434815947338 -0.0004076908823186769 0
-0.0001167400591114198 -0.000454721995305046 0
5.996278095331611e-05 -0.0004549678299786425 0
-0.0003235294117647491 -0.0004074947476291676 0
-2.791411507277626e-05 -0.0004097377895996536 0
0.0001470588235293636 -0.0004074947476291785 0
-0.0004033371217730732 3.539272095127598e-05 0
-0.0002378301557590115 0.0004599182351461215 0
0.0002889683434981294 0.0001495654590804079 0
-0.0004022103215151133 -0.0001549477156036689 0
-0.0004609564432465352 -0.0003562388816665074 0
0.0004602184935352839 0.0002352941176470592 0
-0.000352271250608585 0.0004605735976953925 0
-0.0004602858079163643 -5.894059581359351e-05 0
-0.0001950202842944776 0.0003918434401211984 0
0.0004515451450957978 5.578146403493274e-05 0
0.0004050488068531534 -0.0001587385565686754 0
0.0001986532278710385 -1.599062117928749e-05 0
0.000462151146743837 0.0003513755590941317 0
0.0004569381877900656 0.0004569381877900656 0
0.0004569381877900657 -0.0004569381877900667 0
-0.0004569381877900667 0.0004569381877900658 0
0.0004650027276018883 -5.882352941176378e-05 0
0.0002599851285804674 0.0001055205114156674 0
0.0003674140330658923 -0.000410404204066136 0
-0.0004615365836840188 -0.0004615365836840187 0
0.0002492397946241914 -1.977276992748612e-05 0
0.0003639250751672463 -0.000223071460374557 0
2 6 0 313
890
891
892
893
894
895
896
897
898
899
900
901
902
903
904
905
906
907
908
909
910
911
912
913
914
915
916
917
918
919
920
921
922
923
924
925
926
927
928
929
930
931
932
933
934
935
936
937
938
939
940
941
942
943
944
945
946
947
948
949
950
951
952
953
954
955
956
957
958
959
960
961
962
963
964
965
966
967
968
969
970
971
972
973
974
975
976
977
978
979
980
981
982
983
984
985
986
987
988
989
990
991
992
993
994
995
996
997
998
999
1000
1001
1002
1003
1004
1005
1006
1007
1008
1009
1010
1011
1012
1013
1014
1015
1016
1017
1018
1019
1020
1021
1022
1023
1024
1025
1026
1027
1028
1029
1030
1031
1032
1033
1034
1035
1036
1037
1038
1039
1040
1041
1042
1043
1044
1045
1046
1047
1048
1049
1050
1051
1052
1053
1054
1055
1056
1057
1058
1059
1060
1061
1062
1063
1064
1065
1066
1067
1068
1069
1070
1071
1072
1073
1074
1075
1076
1077
1078
1079
1080
1081
1082
1083
1084
1085
1086
1087
1088
1089
1090
1091
1092
1093
1094
1095
1096
1097
1098
1099
1100
1101
1102
1103
1104
1105
1106
1107
1108
1109
1110
1111
1112
1113
1114
1115
1116
1117
1118
1119
1120
1121
1122
1123
1124
1125
1126
1127
1128
1129
1130
1131
1132
1133
1134
1135
1136
1137
1138
1139
1140
1141
1142
1143
1144
1145
1146
1147
1148
1149
1150
1151
1152
1153
1154
1155
1156
1157
1158
1159
1160
1161
1162
1163
1164
1165
1166
1167
1168
1169
1170
1171
1172
1173
1174
1175
1176
1177
1178
1179
1180
1181
1182
1183
1184
1185
1186
1187
1188
1189
1190
1191
1192
1193
1194
1195
1196
1197
1198
1199
1200
1201
1202
2.49366499671666e-18 0.0004490573291891518 5e-05
2.443807959038626e-06 -0.0004553418012614659 5e-05
-0.0004439100493150786 -4.727898381813003e-06 5e-05
0.0004449869689790683 -7.020926963103875e-06 5e-05
-0.0004459002547555177 -0.0001783053696665122 5e-05
-0.0001840359775087852 0.0004438493423724759 5e-05
0.0004506839158122073 -0.0001784172104085041 5e-05
0.0004443366493529829 0.0001836551065100442 5e-05
0.0001764705882352933 0.0004490573291891513 5e-05
-0.0004502765022576048 0.0001764705882352944 5e-05
0.0001764705882352945 -0.0004490573291891509 5e-05
-0.0001755977996784926 -0.0004530478829680188 5e-05
-0.0002943088963365383 0.000446091903281844 5e-05
0.0004502878230171529 -0.0002941176470588231 5e-05
0.0002941176470588227 0.000449057329189151 5e-05
-0.0004440695421373802 -0.0003031835153351695 5e-05
-0.0004490573291891508 0.0002941176470588233 5e-05
0.0002941176470588234 -0.0004490573291891509 5e-05
-0.0002941176470588234 -0.0004490573291891506 5e-05
0.0004478941462702162 0.0002948681708735179 5e-05
0.000447013446242106 0.0004040481185932727 5e-05
-0.0004503708056226366 0.0004094896979650105 5e-05
0.0004080213660864861 -0.0004435272649770449 5e-05
-0.0004490573291891506 -0.0004117647058823529 5e-05
0.0003524604107286592 0.0004493348994196695 5e-05
0.0003234492841410492 0.000398160920083388 5e-05
0.0002646925277489969 0.0003981223686624839 5e-05
0.0002941020666875532 0.0003471809828989978 5e-05
0.000235289295151187 0.000347174771836743 5e-05
0.0002647024818750788 0.0002962312800234104 5e-05
0.0002058809824455494 0.0002962301080126231 5e-05
0.0002352933224848035 0.0002452871050328939 5e-05
0.0001764702272923073 0.0002452868543362854 5e-05
0.0002058821602569608 0.0001943440863811865 5e-05
0.0001470587312582036 0.0001943440284077128 5e-05
0.0001764705407427132 0.0001434013317439081 5e-05
0.000117647035529555 0.0001434013177728391 5e-05
0.0001468458029788701 9.258162098540275e-05 5e-05
8.819978681021633e-05 9.247913366671108e-05 5e-05
0.000117392628761083 4.166285796739877e-05 5e-05
5.877520651677184e-05 4.154386193879064e-05 5e-05
2.940463628729587e-05 9.246274910760122e-05 5e-05
-9.241885609665573e-09 4.152129850750646e-05 5e-05
8.818483529139144e-05 -9.397575691572286e-06 5e-05
-2.941275901494598e-05 9.24592075778202e-05 5e-05
-5.882523544422329e-05 4.151694768066464e-05 5e-05
-8.823561558688744e-05 9.245881911357071e-05 5e-05
-0.000117647396740492 4.151615779881841e-05 5e-05
-8.823563477589925e-05 -9.426511429350137e-06 5e-05
0.0001447479204760737 -1.045627139290321e-05 5e-05
0.0001172534985102462 -6.053611739724999e-05 5e-05
-0.0001470589366252956 -9.426642812541139e-06 5e-05
-0.000117647134449236 -6.036933525681076e-05 5e-05
-0.0001470588235294274 9.24586335132306e-05 5e-05
-5.882374870815597e-05 0.0001434014309348983 5e-05
0.0001739727648550713 -6.175064443855207e-05 5e-05
0.0001465769262471413 -0.0001115700503963716 5e-05
-0.0001764706196889093 -6.036936075957619e-05 5e-05
-0.0001470588413759847 -0.0001113120394264583 5e-05
0.0002123748925993339 8.638577887363943e-05 5e-05
-8.823530969637904e-05 -0.0001113120407358003 5e-05
-0.0001176470602737041 -0.0001622547197037757 5e-05
-0.0001764705914514394 -0.0001622547186841888 5e-05
-5.882353224993667e-05 -0.0001622547189024186 5e-05
-8.823529483239459e-05 -0.0002131973909392274 5e-05
-2.941176529805824e-05 -0.0002131973910099974 5e-05
-0.0002058823770327734 -9.426694199186946e-06 5e-05
0.0001176469832878252 0.0002452866895563178 5e-05
0.0002072428652800575 -0.0001105130448415537 5e-05
0.0001766170240780408 -0.0001621645531706262 5e-05
-0.0002352941269046108 -6.036937357447583e-05 5e-05
0.0002374024081266246 -0.0001610343092449972 5e-05
0.0002062581406615379 -0.0002129789615741432 5e-05
0.0002337856819061639 -6.07451852731078e-05 5e-05
0.0002642601631147783 -0.0002134539511646164 5e-05
-5.882352946849829e-05 -0.0002641400621299844 5e-05
-1.08176163339524e-13 -0.0002641400621002869 5e-05
-0.000117647058952134 -0.0002641400620884865 5e-05
0.0002352941176470214 -0.0002641400621627353 5e-05
-0.0002647058879111464 -9.426704899442298e-06 5e-05
0.0002647326488055602 0.0001968608328314724 5e-05
-0.000294117649528133 -6.036937749366605e-05 5e-05
0.0001765332195219892 -0.0002641036571997749 5e-05
-8.82352941485634e-05 -0.0003150827329557393 5e-05
0.0002968718562532556 -0.0001646268702560646 5e-05
0.0002931836282476373 -0.0002646791887898856 5e-05
-0.0001470588235560247 -0.0003150827329582208 5e-05
5.874952622182466e-05 -6.039231326283032e-05 5e-05
0.0001175911485835879 -0.0001622826927569933 5e-05
0.0002645502125510422 -0.0003151725874114445 5e-05
0.0003259747498628091 -0.0003165953429496093 5e-05
0.0003235262482898457 0.0002962311431896609 5e-05
-0.0003235294131026386 -9.426707336014075e-06 5e-05
-0.0002941176482081911 4.151596336596675e-05 5e-05
-0.0003529411771051452 -6.036937855295743e-05 5e-05
-0.000323529412282036 -0.0001113120494314911 5e-05
-0.0001764705882611873 -0.0002641400621477839 5e-05
-0.0002058823529499537 -0.0003150827329685153 5e-05
-0.0002352941176528607 -0.0002641400621593806 5e-05
-0.0002647058823553972 -0.0003150827329721618 5e-05
-0.0002941176470602236 -0.000264140062161919 5e-05
-0.0003235294117653751 -0.0003150827329731906 5e-05
-0.0002647058823541626 -0.0002131973913511723 5e-05
-0.0003235294117648499 -0.0002131973913517916 5e-05
-5.717442578406784e-13 -0.0001622547202109445 5e-05
0.0001764695560700421 0.00034717258348834 5e-05
-0.000351551158669087 4.071343555050761e-05 5e-05
-0.0003232977423226926 9.232487909852267e-05 5e-05
-0.0002646672709708434 9.243634122138036e-05 5e-05
-0.000294072600254812 0.000143375296539659 5e-05
-0.0002352801746160483 0.0001433932543113703 5e-05
-0.000264696050713776 0.0001943382988354116 5e-05
-0.0002058783904961531 0.0001943416874162259 5e-05
-0.0002339400713082559 0.0002445048869275762 5e-05
-0.0001762442534379938 0.0002451559714896276 5e-05
-0.0002960643215333752 0.0002547245972159339 5e-05
-0.0002042672087603859 0.0002952968128290689 5e-05
-0.0001467519103663988 0.0002960521203593417 5e-05
-0.000117601714609223 0.0002452604664514365 5e-05
-8.817658455476275e-05 0.0002961954207746864 5e-05
-5.881720933298136e-05 0.0002452829970465823 5e-05
-2.940092643227341e-05 0.0002962230592764312 5e-05
2.042660993259102e-09 0.0002452854666148916 5e-05
2.941391152831295e-05 0.000296228077288104 5e-05
-5.88119381056816e-05 0.0003471652953237804 5e-05
0.0003515766399700995 -0.0002661066189692793 5e-05
-0.0003906798613165284 9.095283272755579e-05 5e-05
-0.0002352941176470999 -0.0003660254037844083 5e-05
-0.0001164251548536171 -0.0003653199371873812 5e-05
-5.861987875529367e-05 -0.0003643289381875916 5e-05
-0.0001743399005702107 0.0003459418344704799 5e-05
-0.0002375674010484282 0.0003484844683511931 5e-05
-0.000380861288317938 -0.000110450843329055 5e-05
-8.555389372087805e-05 -0.0004102832804906267 5e-05
0.0002941176470587797 -0.0003660254037844374 5e-05
0.000352292417178721 -0.000367251125235807 5e-05
0.0002352941176470154 -0.0003660254037844343 5e-05
-0.0004103354498124088 -5.918506791903217e-05 5e-05
0.0003828354368371863 0.0003985301935546383 5e-05
-0.0004429546504052272 -0.0001141637729675496 5e-05
0.0003539305006226305 0.0003470705336100447 5e-05
0.0003823529411764641 0.0002962293167565993 5e-05
0.0003529406492247698 0.0002460917803608047 5e-05
0.0004117060851016425 0.0002427583830419905 5e-05
0.0003798899776039438 0.0001927428233831561 5e-05
0.0004008672603730549 0.000136525874866264 5e-05
0.0003443694444854439 0.0001475400613872738 5e-05
0.0003625610208717194 9.234822765415835e-05 5e-05
0.0003068635793357186 0.0001029679014817024 5e-05
0.0003238050836948666 4.838730392394048e-05 5e-05
0.0004106983211697064 8.691173234577816e-05 5e-05
0.0002660110188565059 6.070657230444895e-05 5e-05
0.0002851148112173689 7.991695065142973e-06 5e-05
0.0003411907193671341 -5.882431695010057e-06 5e-05
0.0002280752437959692 2.048173791797752e-05 5e-05
0.000297014335384534 -5.206268202404658e-05 5e-05
0.0003629693222510818 -6.057658614858909e-05 5e-05
0.0004129387213070571 0.0003489479183097769 5e-05
0.0002676402865439999 -0.000111182142141197 5e-05
0.0003307963442536819 -0.0001152882341019398 5e-05
0.0003577124631055274 -0.0001708441117917044 5e-05
0.00039016487681412 -0.0001134137611502341 5e-05
0.0004179094231601473 -6.195201084617616e-05 5e-05
-0.0001176471048070116 0.000143401330872647 5e-05
0.0002058668465219483 -0.0003150916412194 5e-05
0.0001470666776739618 -0.0003150781501873892 5e-05
0.0001176588063953795 -0.0002641332308712033 5e-05
8.823856107035297e-05 -0.0003150808306272892 5e-05
0.000117648912339708 -0.0003644454351013306 5e-05
6.00462868027452e-05 -0.0003650562920213537 5e-05
9.088320389454463e-05 -0.0004102587557819141 5e-05
0.0001764703366578537 -0.0003651370726074013 5e-05
-0.0003512009146965618 -0.0001612499798007704 5e-05
0.00034991118267788 -0.0004512778878566271 5e-05
0.0002356207674343465 0.0001466975735597748 5e-05
-0.0002938276035162779 -0.0001620872637010659 5e-05
-0.0003901344994003219 -0.0002105686122544576 5e-05
-0.0003529411764706257 -0.0002641400621627028 5e-05
-0.0003817906056787939 -0.0003131938333988011 5e-05
-0.0003528474538877818 -0.0003641316993608691 5e-05
-0.0004116553449061449 -0.0003603638341738386 5e-05
-0.0003835765504989672 -0.0004084288943883815 5e-05
-0.0004492762419280651 0.0003525620084843642 5e-05
-0.0003981511438347873 0.0003234662171003346 5e-05
-0.0003986400770628956 0.0002655948693217796 5e-05
-0.0003471719875674525 0.0002941176470588229 5e-05
-0.0003471780684768661 0.0003529306440265254 5e-05
-0.0002965210338694773 0.0003220821799540191 5e-05
-0.0002938396281825305 0.0003817056688211236 5e-05
-0.000240217669655617 0.0004096499300762874 5e-05
-0.0003474161810371875 0.0004108088891482698 5e-05
-0.0003984178498796406 0.0003817389878854563 5e-05
-0.0004042305160806893 0.000445653067112032 5e-05
-2.941040746532342e-05 0.000194343191531715 5e-05
2.941205381314874e-05 0.0001943438082187556 5e-05
-0.0004490573291891506 -0.0002352941176470587 5e-05
-0.0003529411764706 0.000143401304324092 5e-05
0.0002352941176470591 -0.0004490573291891511 5e-05
-0.0001172290752073517 0.0003469306646141539 5e-05
-8.816369829726868e-05 0.000398073322512144 5e-05
-0.0004481915983881802 5.945194296858361e-05 5e-05
5.882352941176492e-05 0.00044905732918915 5e-05
2.941176470588251e-05 0.0003981146583783036 5e-05
8.823529411764526e-05 0.0003981146583783028 5e-05
0.0001176470588235283 0.000449057329189151 5e-05
-2.941364613528086e-05 -9.425621864717678e-06 5e-05
2.940378590249315e-05 -9.424950188222873e-06 5e-05
-1.397723713440942e-08 -6.037272728257384e-05 5e-05
-0.0003823529411764919 -9.42670810845413e-06 5e-05
-0.0002352199009330449 -0.0004509998436445805 5e-05
-0.000449057329189151 0.0001176470588235298 5e-05
0.0004510277950209903 -0.0002356185546759269 5e-05
-0.0001470588244520116 -0.0002131973908192206 5e-05
-0.0002646575438032251 -0.0001112841390786453 5e-05
0.0004505378249598931 -0.000352447230523002 5e-05
0.0003914669705895192 -0.0003204996724331409 5e-05
2.941176449384976e-05 -0.000213197391229476 5e-05
2.939710120606503e-05 -0.0001113164301262878 5e-05
-0.0002941135809327781 -0.0003651232736172944 5e-05
-0.0002058823536364584 -0.0002131973909504594 5e-05
-0.0002058735938723359 9.245357646247188e-05 5e-05
0.0001470583503394823 0.0002962295899529396 5e-05
-0.0001750450336000257 -0.000363631241405259 5e-05
5.881646775964e-05 0.0001434053813708157 5e-05
-2.937782296245526e-05 -0.0003147999886885989 5e-05
-5.882624449997332e-05 -6.036971438323768e-05 5e-05
-0.0001764661518083997 0.0001433987429518125 5e-05
-0.0002058743068118763 -0.0001113073920107259 5e-05
-1.235990476633475e-17 0.0001434013043240721 5e-05
0.000294120793740792 0.0002466458494384013 5e-05
-8.822650140868622e-05 0.0001943388986620347 5e-05
-0.0004493480944813257 0.0002354422821418653 5e-05
-0.000176469207574567 4.151516557752977e-05 5e-05
-0.000147010686094578 0.000194316182973964 5e-05
-0.00023523638026224 -0.0001622213826293763 5e-05
-0.0002352859975949762 4.151127458811986e-05 5e-05
0.0001471489388930247 -0.0002131434144874363 5e-05
-2.941549980277222e-05 -0.0001113130084516284 5e-05
8.811386143605803e-05 -0.0001113691956944271 5e-05
-0.0003900647104349561 0.0002004290109731203 5e-05
-0.0003235294117647145 0.0001943439751349387 5e-05
8.823413351002147e-05 0.0001943446452120348 5e-05
5.882352941175711e-05 0.0002452866459457678 5e-05
8.823556046711107e-05 0.0002962291629796739 5e-05
8.823529411761328e-05 -0.0002131973913518769 5e-05
5.87915282109048e-05 -0.000162269636895001 5e-05
5.882603177914377e-05 -0.0002641386065256173 5e-05
0.0002352918918797346 0.0004490586142365151 5e-05
2.962217609692782e-05 -0.0003148735306245943 5e-05
1.500364176501546e-06 -0.0003632147953662586 5e-05
0.0002058787804357765 0.0003981167209652558 5e-05
0.0001470580560843023 0.0003981151014629427 5e-05
0.0001176467244150572 0.0003471721806382762 5e-05
5.882387587233457e-05 0.0003471717875383534 5e-05
4.153810449899695e-09 0.0003471695893638798 5e-05
-2.939720788306148e-05 0.0003981062539927359 5e-05
-0.000118896024399046 0.0004481824420753482 5e-05
-5.901733156715022e-05 0.0004489032246282299 5e-05
-0.0001470588235294112 0.0003981146583783134 5e-05
0.0003904074868532252 3.543482753090967e-05 5e-05
0.0004479234292966746 -0.0001159235664018665 5e-05
0.0001742260059955519 3.756511391554283e-05 5e-05
0.0004050715059575371 -0.0002051009966099823 5e-05
0.0004092921023016895 0.0004509186279811597 5e-05
0.0004532665161046808 -0.0004097859924995572 5e-05
0.0003222384923472404 0.0001978058738065572 5e-05
0.0003183710181359082 -0.0002161755913020428 5e-05
0.0004041017177916403 -0.000382273859942524 5e-05
-0.000350699283327789 0.0002412783697451029 5e-05
0.0004535002031082231 0.0001215193900832589 5e-05
-0.0004062684247495553 0.0001461454917346309 5e-05
0.0004035336281562171 -0.0002609210064593739 5e-05
-0.0004048055693160727 -0.0002649136614370143 5e-05
0.0003914927841221315 -1.999942562439384e-05 5e-05
-0.0003487807594785044 -0.0004532153260974677 5e-05
-5.796932801913708e-05 -0.0004552750809227474 5e-05
0.0001180883771196712 -0.0004542235814592439 5e-05
-0.0001460252156029531 -0.0004097257274488831 5e-05
3.071423792311138e-05 -0.0004099828413692312 5e-05
-0.0004159612114968048 -0.0004543649856513925 5e-05
-0.0002536720073039845 0.0002930185890555584 5e-05
-0.000264705882352941 -0.0004075413664867941 5e-05
-0.0002053146583024263 -0.0004084952442896573 5e-05
0.0002058823529411316 -0.0004075413664867759 5e-05
0.0002647058823529113 -0.0004075413664867881 5e-05
0.0003227434815947338 -0.0004076908823186769 5e-05
-0.0001167400591114198 -0.000454721995305046 5e-05
5.996278095331611e-05 -0.0004549678299786425 5e-05
-0.0003235294117647491 -0.0004074947476291676 5e-05
-2.791411507277626e-05 -0.0004097377895996536 5e-05
0.0001470588235293636 -0.0004074947476291785 5e-05
-0.0004033371217730732 3.539272095127598e-05 5e-05
-0.0002378301557590115 0.0004599182351461215 5e-05
0.0002889683434981294 0.0001495654590804079 5e-05
-0.0004022103215151133 -0.0001549477156036689 5e-05
-0.0004609564432465352 -0.0003562388816665074 5e-05
0.0004602184935352839 0.0002352941176470592 5e-05
-0.000352271250608585 0.0004605735976953925 5e-05
-0.0004602858079163643 -5.894059581359351e-05 5e-05
-0.0001950202842944776 0.0003918434401211984 5e-05
0.0004515451450957978 5.578146403493274e-05 5e-05
0.0004050488068531534 -0.0001587385565686754 5e-05
0.0001986532278710385 -1.599062117928749e-05 5e-05
0.000462151146743837 0.0003513755590941317 5e-05
0.0004569381877900656 0.0004569381877900656 5e-05
-0.0004569381877900667 0.0004569381877900658 5e-05
0.0004569381877900657 -0.0004569381877900666 5e-05
0.0004650027276018883 -5.882352941176378e-05 5e-05
0.0002599851285804674 0.0001055205114156674 5e-05
0.0003674140330658923 -0.000410404204066136 5e-05
-0.0004615365836840188 -0.0004615365836840187 5e-05
0.0002492397946241914 -1.977276992748612e-05 5e-05
0.0003639250751672463 -0.000223071460374557 5e-05
2 7 0 74
1203
1204
1205
1206
1207
1208
1209
1210
1211
1212
1213
1214
1215
1216
1217
1218
1219
1220
1221
1222
1223
1224
1225
1226
1227
1228
1229
1230
1231
1232
1233
1234
1235
1236
1237
1238
1239
1240
1241
1242
1243
1244
1245
1246
1247
1248
1249
1250
1251
1252
1253
1254
1255
1256
1257
1258
1259
1260
1261
1262
1263
1264
1265
1266
1267
1268
1269
1270
1271
1272
1273
1274
1275
1276
-0.0005 0.0004566987298107782 0.0001750000000000002
-0.0005 -0.0004566987298107782 0.0001750000000000002
-0.0005 -1.684982900169302e-09 9.980715485080112e-05
-0.0005 0.0001764846640154047 0.0001009553574216843
-0.0005 0.0002941899202102082 0.0001008365351640476
-0.0005 -0.0002941176470588234 0.0001009426708108494
-0.0005 -0.0001767010790440044 0.0001013955735279402
-0.0005 0.0002352941176470591 0.0002490573291891509
-0.0005 6.516919901991536e-05 0.0002428524256174442
-0.0005 -6.517915779423998e-05 0.0002441362085977785
-0.0005 -0.0002352941176470586 0.0002490573291891506
-0.0005 0.0003466802038823858 0.0002435554688974101
-0.0005 -0.0003470787657989862 0.0002434696717151798
-0.0005 0.0004145095923913411 0.0001015848642087452
-0.0005 -0.0004146297597163264 0.0001015862389331408
-0.0005 0.0003531807308634768 0.0001008221615541869
-0.0005 0.0003213261828106247 0.0001499435227780166
-0.0005 0.0002644923546917981 0.0001503030911615163
-0.0005 0.0002926749963019634 0.0002038499728739579
-0.0005 0.0003796156634783472 0.0001571654235052195
-0.0005 -0.0003535579679946091 0.000100766405974909
-0.0005 -0.0003218851205535039 0.0001500134957462358
-0.0005 -0.00026531111442615 0.000150868054516295
-0.0005 -0.0002915056660696349 0.0002054855696659637
-0.0005 -0.0003798824985889751 0.0001571007981054139
-0.0005 -0.0004136537158964408 0.0002483048306490004
-0.0005 0.0004135929988919311 0.0002482771794481434
-0.0005 -0.0002356293641089586 0.0001011170822523934
-0.0005 -0.0002066065859948735 0.0001511353101879988
-0.0005 -0.0001477361146612947 0.0001528450123672037
-0.0005 -0.0001869193673409422 0.0002016175569328083
-0.0005 -0.0001179848974251858 0.0002036267009868335
-0.0005 -9.086111496820187e-05 0.0001509176365627201
-0.0005 0.000235272699447408 0.0001006676779903679
-0.0005 0.0002058972559433126 0.0001504306719594493
-0.0005 0.0001470553788997543 0.0001516425122589873
-0.0005 0.0001764463051365071 0.0002028420580940743
-0.0005 0.0001176224416681519 0.000202820430667799
-0.0005 9.073536692191981e-05 0.0001492550974111693
-0.0005 -5.92614470506733e-05 0.0001006283425754998
-0.0005 -2.9411764705881e-05 0.0001518853416216984
-0.0005 -0.0001183089788952054 0.0001009644275055606
-0.0005 7.589415207398531e-19 0.0002490573291891505
-0.0005 2.14525126649136e-05 0.000198021907834872
-0.0005 0.0001180639298899484 0.0001004650276721765
-0.0005 5.930930050286479e-05 9.910083294419801e-05
-0.0005 0.0004595422016198279 0.000126885972699083
-0.0005 0.0004593681219460109 0.0002230910345770653
-0.0005 -0.0004595614747960595 0.0001268862018198155
-0.0005 -0.0004593781014052272 0.0002230956431105415
-0.0005 0.0003804256764625476 0.0002085379457242031
-0.0005 -0.0003807286461646589 0.0002083639263479261
-0.0005 0.0002925769223898109 0.0002592925541921038
-0.0005 -0.0002924227687266653 0.0002596025141140589
-0.0005 0.0002349610059441281 0.0001912966246556297
-0.0005 0.0001285004419511546 0.0002507312870217625
-0.0005 -2.934034692335272e-05 0.0002076293916830912
-0.0005 3.276768043706157e-05 0.0001469244512478619
-0.0005 0.0001786364082410621 0.0002605261348609976
-0.0005 -0.0001189857522203553 0.0002608655930772189
-0.0005 -0.0002373467109455932 0.0001952152164446114
-0.0005 -0.000170911276532004 0.000253681346917806
-0.0005 0.0003414481581083674 0.0001931400292118336
-0.0005 -0.0003418714165710658 0.0001929149236404993
-0.0005 -7.17391191333414e-05 0.0001941592711090838
-0.0005 -0.0004268743433060111 0.0001521146477716741
-0.0005 0.0004267932562334847 0.0001521272520826096
-0.0005 -0.0004195360058620152 0.000193996640997426
-0.0005 0.0004194157411371832 0.0001940331392228735
-0.0005 6.961799311018914e-05 0.0001909815704703551
-0.0005 0.0004630456529198805 8.569416738156565e-05
-0.0005 -0.0004630735410201243 8.569448815059128e-05
-0.0005 0.0004628275182852353 0.0002642736428050418
-0.0005 -0.0004628416575779806 0.0002642800947519084
2 8 0 75
1277
1278
1279
1280
1281
1282
1283
1284
1285
1286
1287
1288
1289
1290
1291
1292
1293
1294
1295
1296
1297
1298
1299
1300
1301
1302
1303
1304
1305
1306
1307
1308
1309
1310
1311
1312
1313
1314
1315
1316
1317
1318
1319
1320
1321
1322
1323
1324
1325
1326
1327
1328
1329
1330
1331
1332
1333
1334
1335
1336
1337
1338
1339
1340
1341
1342
1343
1344
1345
1346
1347
1348
1349
1350
1351
0.0005 0.0004566987298107782 0.0001750000000000002
0.0005 -0.0004566987298107782 0.0001750000000000001
0.0005 9.75781955236954e-19 0.0002490573291891508
0.0005 0.0001764836525484831 0.0001009558138421611
0.0005 0.0002941899202102082 0.0001008365351640476
0.0005 -0.0002945883485929443 0.0001007894475246837
0.0005 -0.0001741661038223398 0.0002515535594173674
0.0005 0.0002352941176470591 0.0002490573291891509
0.0005 5.255303890538748e-05 0.000106122773660732
0.0005 0.0001239929513506365 0.0002428600718638563
0.0005 -5.882352941176383e-05 0.0001009426708108493
0.0005 0.0003466802038823858 0.0002435554688974101
0.0005 -0.0003470808192768656 0.0002434291220338582
0.0005 -0.0001793760147557124 9.877561348990699e-05
0.0005 0.0004145095923913411 0.0001015848642087452
0.0005 -0.0004146297597163264 0.0001015862389331408
0.0005 0.0003531807308634768 0.0001008221615541869
0.0005 0.0003213261828106247 0.0001499435227780166
0.0005 0.0002644923546917981 0.0001503030911615163
0.0005 0.0002926749963019634 0.0002038499728739579
0.0005 0.0003796156634783472 0.0001571654235052195
0.0005 -0.0003536364182502959 0.0001007408687605481
0.0005 -0.0003219790415759978 0.0001499519621868877
0.0005 -0.0002655009948233846 0.0001517273172605365
0.0005 -0.0002960016769835204 0.0002021492792080748
0.0005 -0.0002431664812245222 0.0002036982851189342
0.0005 -0.0002130587867188546 0.0001509149423771879
0.0005 -0.0003799096107679637 0.0001570856500676257
0.0005 -0.0004136540092504235 0.0002482990378373831
0.0005 0.0004135929988919311 0.0002482771794481434
0.0005 0.0002352725308695879 0.0001006677540604474
0.0005 0.000205897059269189 0.0001504307607078754
0.0005 0.0001495651281673569 0.0001490635900542222
0.0005 0.0001799337275029355 0.0002053351939811426
0.0005 -5.882352941176383e-05 0.0002490573291891507
0.0005 -2.941176470588143e-05 0.0001992492942593092
0.0005 -8.823247756150845e-05 0.0001994473403228955
0.0005 2.699805753232187e-05 0.0001996973188448703
0.0005 -2.363922522581347e-06 0.0001450756730233454
0.0005 -0.0001172596927797947 0.0002496971069683094
0.0005 -0.0001420534068010178 0.000199709941309549
0.0005 -0.0001110688611945704 0.0001479994301805556
0.0005 -0.0002352941176470587 0.0001009426708108493
0.0005 5.947889363735613e-05 0.0002482882297126966
0.0005 7.928798035285742e-05 0.0001975983228464982
0.0005 0.0001170219675980899 0.0001002032550157693
0.0005 -0.0004593781502975577 0.0002230946776419386
0.0005 0.0004595422016198279 0.000126885972699083
0.0005 0.0004593681219460109 0.0002230910345770653
0.0005 -0.0004595614747960595 0.0001268862018198155
0.0005 0.0003804256764625476 0.0002085379457242031
0.0005 -0.0003807380207617768 0.000208347835143619
0.0005 -0.0002894469418629623 0.0002531367351214917
0.0005 0.0002925769223898109 0.0002592925541921038
0.0005 0.000235658451082589 0.0001917952695827286
0.0005 -0.0001211864244845505 9.645780203600709e-05
0.0005 -5.798011107926103e-05 0.000158542881719391
0.0005 9.590837105004487e-05 0.0001504424842828812
0.0005 -1.72688260579115e-06 9.042822349898535e-05
0.0005 0.0001784323945942441 0.00025945051900683
0.0005 -0.0002316950868714086 0.0002542005367445497
0.0005 -0.0001938162209238173 0.0002022532478066144
0.0005 0.0003414481581083674 0.0001931400292118336
0.0005 -0.0001614889515890527 0.0001468634088607774
0.0005 -0.000343514570165365 0.000192402082885503
0.0005 4.657722612739785e-05 0.0001570836060477399
0.0005 -0.0004268797657418087 0.0001521116181641165
0.0005 0.0004267932562334847 0.0001521272520826096
0.0005 -0.0004195430477717181 0.0001939898031424471
0.0005 0.0004194157411371832 0.0001940331392228735
0.0005 0.0001308734547423387 0.0001928129194622789
0.0005 0.0004630456529198805 8.569416738156565e-05
0.0005 -0.0004630735410201243 8.569448815059128e-05
0.0005 0.0004628275182852353 0.0002642736428050418
0.0005 -0.0004628417260272433 0.0002642787430958644
2 9 0 74
1352
1353
1354
1355
1356
1357
1358
1359
1360
1361
1362
1363
1364
1365
1366
1367
1368
1369
1370
1371
1372
1373
1374
1375
1376
1377
1378
1379
1380
1381
1382
1383
1384
1385
1386
1387
1388
1389
1390
1391
1392
1393
1394
1395
1396
1397
1398
1399
1400
1401
1402
1403
1404
1405
1406
1407
1408
1409
1410
1411
1412
1413
1414
1415
1416
1417
1418
1419
1420
1421
1422
1423
1424
1425
0.0004566987298107782 -0.0005 0.0001750000000000002
-0.0004566987298107782 -0.0005 0.0001750000000000002
8.673617379884035e-19 -0.0005 0.0001009426708108492
0.0001764836525484835 -0.0005 0.0002490441861578388
0.0002941899202102082 -0.0005 0.0002491634648359526
-0.0002945886306756392 -0.0005 0.000100876414505596
-0.0001764705882352937 -0.0005 0.0002490573291891505
0.0002352941176470591 -0.0005 0.0001009426708108491
0.0001239929513506367 -0.0005 0.0001071399281361435
5.255303890538748e-05 -0.0005 0.0002438772263392678
-5.882352941176383e-05 -0.0005 0.0002490573291891507
-0.0001176470588235287 -0.0005 0.0001009426708108495
0.0003466802038823856 -0.0005 0.0001064445311025899
-0.0003469942318045614 -0.0005 0.000243433341164492
0.0004145095923913411 -0.0005 0.0002484151357912548
-0.0004146319441290379 -0.0005 0.0001014793066612148
0.0003531807308634768 -0.0005 0.0002491778384458132
0.0003213261828106243 -0.0005 0.0002000564772219834
0.0002644923546917985 -0.0005 0.0001996969088384839
0.0002926749963019634 -0.0005 0.0001461500271260421
0.0003796156634783466 -0.0005 0.0001928345764947805
-0.0003536378736793275 -0.0005 0.0001006120068012748
-0.0003219689794592742 -0.0005 0.0001498345892297215
-0.0002654362583635274 -0.0005 0.0001518297211626883
-0.000296007871120215 -0.0005 0.0002022665969693061
-0.0002375303354425665 -0.0005 0.0002033617219456755
-0.0002063339818711227 -0.0005 0.0001509312550235134
-0.0003798965032331448 -0.0005 0.0001569715284145121
-0.0004136390714053415 -0.0005 0.000248240277673412
0.0004135929988919309 -0.0005 0.0001017228205518567
0.0002352725308695882 -0.0005 0.0002493322459395528
0.0002058970592691895 -0.0005 0.0001995692392921245
0.0001495651281673573 -0.0005 0.0002009364099457775
0.0001799337275029355 -0.0005 0.0001446648060188571
-5.882352941176383e-05 -0.0005 0.0001009426708108493
-2.941176470588143e-05 -0.0005 0.0001507507057406908
2.699805753232176e-05 -0.0005 0.0001503026811551296
-2.363922522581456e-06 -0.0005 0.0002049243269766545
-8.823529411764613e-05 -0.0005 0.0001505581222214762
-0.0001470912916466664 -0.0005 0.0001503799661483781
-0.0001176470588235284 -0.0005 0.0002028071471982674
-0.0001764705882352935 -0.0005 0.0001009426708108495
-0.00023556961573995 -0.0005 0.0001007633435837745
5.947889363735613e-05 -0.0005 0.0001017117702873033
7.92879803528572e-05 -0.0005 0.0001524016771535015
0.0001170219675980899 -0.0005 0.0002497967449842306
0.0004593681219460111 -0.0005 0.0001269089654229349
0.000459542201619828 -0.0005 0.000223114027300917
-0.0004595633366158797 -0.0005 0.0001268683797744945
-0.0004593770995141612 -0.0005 0.0002230848842812768
-0.0003807015529139382 -0.0005 0.0002083080737853292
0.0003804256764625471 -0.0005 0.000141462054275797
0.0002925769223898111 -0.0005 9.070744580789623e-05
-0.0002868981194134791 -0.0005 0.0002522011644975507
0.0002356584510825892 -0.0005 0.0001582047304172713
-0.0001176470588235286 -0.0005 0.0002601843611153137
9.590837105004509e-05 -0.0005 0.0001995575157171185
-1.726882605791258e-06 -0.0005 0.0002595717765010146
-5.929631391628025e-05 -0.0005 0.0001916195262652479
0.0001784323945942441 -0.0005 9.054948099316994e-05
-0.0001770146512038355 -0.0005 0.000191307483900997
-0.0002342974556770913 -0.0005 0.0002609240431264753
0.0003414481581083666 -0.0005 0.0001568599707881662
-0.0003434727544655975 -0.0005 0.0001923720818445458
4.657722612739774e-05 -0.0005 0.0001929163939522599
0.0004267932562334847 -0.0005 0.0001978727479173905
-0.0004268796801102919 -0.0005 0.0001520638429700444
0.0004194157411371831 -0.0005 0.0001559668607771266
-0.0004195321061646093 -0.0005 0.0001939447678540957
0.0001308734547423392 -0.0005 0.0001571870805377205
0.0004630456529198807 -0.0005 0.0002643058326184343
-0.0004630743502666306 -0.0005 8.566953728714188e-05
0.0004628275182852353 -0.0005 8.572635719495833e-05
-0.0004628385283015476 -0.0005 0.0002642650323909378
2 10 0 74
1426
1427
1428
1429
1430
1431
1432
1433
1434
1435
1436
1437
1438
1439
1440
1441
1442
1443
1444
1445
1446
1447
1448
1449
1450
1451
1452
1453
1454
1455
1456
1457
1458
1459
1460
1461
1462
1463
1464
1465
1466
1467
1468
1469
1470
1471
1472
1473
1474
1475
1476
1477
1478
1479
1480
1481
1482
1483
1484
1485
1486
1487
1488
1489
1490
1491
1492
1493
1494
1495
1496
1497
1498
1499
0.0004566987298107782 0.0005 0.0001750000000000002
-0.0004566987298107782 0.0005 0.0001750000000000002
9.75781955236954e-19 0.0005 0.0001009426708108491
0.0001765585741596531 0.0005 0.0001010026404426958
0.0002941899202102083 0.0005 0.0001008365351640476
-0.0002941176470588234 0.0005 0.0001009426708108494
-0.0001762076381968372 0.0005 0.0001010347021078105
0.0002352941176470591 0.0005 0.0002490573291891509
5.63471545774911e-05 0.0005 0.0002516514082406979
-6.481453347975918e-05 0.0005 0.0002423395822728566
-0.0002352941176470586 0.0005 0.0002490573291891506
0.0003467683830640502 0.0005 0.0002436000812372717
-0.0003469936241545375 0.0005 0.0002434452846787726
0.0004143368467650576 0.0005 0.000101730433773906
-0.0004146319441290379 0.0005 0.0001014793066612148
0.0003532537364227355 0.0005 0.0001009005654213384
0.0003212236081143525 0.0005 0.0001501340856601798
0.0002645887677703809 0.0005 0.000150377894858962
0.0002927094181696189 0.0005 0.0002038828155095528
0.0003795367254154408 0.0005 0.0001573112663200472
-0.0003535593764098582 0.0005 0.000100623049518817
-0.0003218766903865321 0.0005 0.0001498568247139179
-0.0002658502654065256 0.0005 0.0001521874799436588
-0.0002912981904438616 0.0005 0.0002055589126355439
-0.0003798713692876083 0.0005 0.0001569770897679565
-0.0004136389845981952 0.0005 0.0002482419838897378
0.0004136069263180862 0.0005 0.0002483636064852119
-0.0002353014345651719 0.0005 0.0001010918428141063
-0.0002056590212918794 0.0005 0.000150740046731611
-0.0001462799454186762 0.0005 0.0001512215986416405
-0.0001747809466280063 0.0005 0.0002028289960036794
-0.0001159652787505267 0.0005 0.0002018454987914255
-9.004649651130948e-05 0.0005 0.0001485204054560887
0.0002353629871998513 0.0005 0.0001007152963986643
0.0002061095393165765 0.0005 0.0001505534825399285
0.0001472872951444335 0.0005 0.0001518300164696338
0.0001865230245740666 0.0005 0.0002011012128646437
0.0001316369373741127 0.0005 0.0002039877999397158
8.394219932537266e-05 0.0005 0.0001582269164551999
-1.411229817044183e-06 0.0005 0.0002483700512116929
-2.78415091740558e-05 0.0005 0.0002051922502114125
2.861522523438177e-05 0.0005 0.0001971292397439622
5.882352941176535e-05 0.0005 0.000100942670810849
0.0001169842859480475 0.0005 0.0001020003740297298
-0.0001176349952501248 0.0005 0.0001002055648575204
-5.911525410157831e-05 0.0005 9.912682254946178e-05
0.000459440049838317 0.0005 0.0001269102342932764
0.0004593674457565775 0.0005 0.0002231054390832432
-0.0004595633366158797 0.0005 0.0001268683797744945
-0.0004593770850463035 0.0005 0.0002230851686506644
-0.000380695356978088 0.0005 0.0002083130462566138
0.0003804428333758415 0.0005 0.0002086025194564946
-0.0001278875774567739 0.0005 0.000250477511393239
0.0002926014425996751 0.0005 0.0002593080451871951
-0.0002923642452726209 0.0005 0.0002596123053006934
-0.0002345765082834663 0.0005 0.0001920745529007287
-0.0001781807636404852 0.0005 0.0002604727673172138
0.0002370449734955404 0.0005 0.0001909945469924476
2.840359598940234e-05 0.0005 0.0001404667583986346
-2.757357311685847e-05 0.0005 0.000154774687456044
0.0001749616156491145 0.0005 0.0002548711869854157
0.0001119361450599633 0.0005 0.0002528672446012046
0.0003414833752520543 0.0005 0.0001932113730342116
0.0004267188922267935 0.0005 0.0001521903868774458
-0.000341804780374544 0.0005 0.0001928648314486218
-0.0004268746533211846 0.0005 0.0001520649552407332
0.0004193952588172528 0.0005 0.0001940955363704071
-0.0004195260298403597 0.0005 0.0001939470406342843
7.80293345009112e-05 0.0005 0.0002097948323162747
0.000462990673438322 0.0005 8.572813361343648e-05
-0.0004630743502666306 0.0005 8.566953728714188e-05
-0.0004628385080465468 0.0005 0.0002642654305080804
0.0004628301685325797 0.0005 0.0002642938091136911
-6.747179107745863e-05 0.0005 0.0001909659648902321
2 11 0 313
1500
1501
1502
1503
1504
1505
1506
1507
1508
1509
1510
1511
1512
1513
1514
1515
1516
1517
1518
1519
1520
1521
1522
1523
1524
1525
1526
1527
1528
1529
1530
1531
1532
1533
1534
1535
1536
1537
1538
1539
1540
1541
1542
1543
1544
1545
1546
1547
1548
1549
1550
1551
1552
1553
1554
1555
1556
1557
1558
1559
1560
1561
1562
1563
1564
1565
1566
1567
1568
1569
1570
1571
1572
1573
1574
1575
1576
1577
1578
1579
1580
1581
1582
1583
1584
1585
1586
1587
1588
1589
1590
1591
1592
1593
1594
1595
1596
1597
1598
1599
1600
1601
1602
1603
1604
1605
1606
1607
1608
1609
1610
1611
1612
1613
1614
1615
1616
1617
1618
1619
1620
1621
1622
1623
1624
1625
1626
1627
1628
1629
1630
1631
1632
1633
1634
1635
1636
1637
1638
1639
1640
1641
1642
1643
1644
1645
1646
1647
1648
1649
1650
1651
1652
1653
1654
1655
1656
1657
1658
1659
1660
1661
1662
1663
1664
1665
1666
1667
1668
1669
1670
1671
1672
1673
1674
1675
1676
1677
1678
1679
1680
1681
1682
1683
1684
1685
1686
1687
1688
1689
1690
1691
1692
1693
1694
1695
1696
1697
1698
1699
1700
1701
1702
1703
1704
1705
1706
1707
1708
1709
1710
1711
1712
1713
1714
1715
1716
1717
1718
1719
1720
1721
1722
1723
1724
1725
1726
1727
1728
1729
1730
1731
1732
1733
1734
1735
1736
1737
1738
1739
1740
1741
1742
1743
1744
1745
1746
1747
1748
1749
1750
1751
1752
1753
1754
1755
1756
1757
1758
1759
1760
1761
1762
1763
1764
1765
1766
1767
1768
1769
1770
1771
1772
1773
1774
1775
1776
1777
1778
1779
1780
1781
1782
1783
1784
1785
1786
1787
1788
1789
1790
1791
1792
1793
1794
1795
1796
1797
1798
1799
1800
1801
1802
1803
1804
1805
1806
1807
1808
1809
1810
1811
1812
2.49366499671666e-18 0.0004490573291891518 0.0003
2.443807959038626e-06 -0.0004553418012614659 0.0003
-0.0004439100493150786 -4.727898381813003e-06 0.0003
0.0004449869689790683 -7.020926963103875e-06 0.0003
-0.0004459002547555177 -0.0001783053696665122 0.0003
-0.0001840359775087852 0.0004438493423724759 0.0003
0.0004506839158122073 -0.0001784172104085041 0.0003
0.0004443366493529829 0.0001836551065100442 0.0003
0.0001764705882352933 0.0004490573291891513 0.0003
-0.0004502765022576048 0.0001764705882352944 0.0003
0.0001764705882352945 -0.0004490573291891509 0.0003
-0.0001755977996784926 -0.0004530478829680188 0.0003
-0.0002943088963365383 0.000446091903281844 0.0003
0.0004502878230171529 -0.0002941176470588231 0.0003
0.0002941176470588227 0.000449057329189151 0.0003
-0.0004440695421373802 -0.0003031835153351695 0.0003
-0.0004490573291891508 0.0002941176470588233 0.0003
0.0002941176470588234 -0.0004490573291891509 0.0003
-0.0002941176470588234 -0.0004490573291891506 0.0003
0.0004478941462702162 0.0002948681708735179 0.0003
0.000447013446242106 0.0004040481185932727 0.0003
-0.0004503708056226366 0.0004094896979650105 0.0003
0.0004080213660864861 -0.0004435272649770449 0.0003
-0.0004490573291891506 -0.0004117647058823529 0.0003
0.0003524604107286592 0.0004493348994196695 0.0003
0.0003234492841410492 0.000398160920083388 0.0003
0.0002646925277489969 0.0003981223686624839 0.0003
0.0002941020666875532 0.0003471809828989978 0.0003
0.000235289295151187 0.000347174771836743 0.0003
0.0002647024818750788 0.0002962312800234104 0.0003
0.0002058809824455494 0.0002962301080126231 0.0003
0.0002352933224848035 0.0002452871050328939 0.0003
0.0001764702272923073 0.0002452868543362854 0.0003
0.0002058821602569608 0.0001943440863811865 0.0003
0.0001470587312582036 0.0001943440284077128 0.0003
0.0001764705407427132 0.0001434013317439081 0.0003
0.000117647035529555 0.0001434013177728391 0.0003
0.0001468458029788701 9.258162098540275e-05 0.0003
8.819978681021633e-05 9.247913366671108e-05 0.0003
0.000117392628761083 4.166285796739877e-05 0.0003
5.877520651677184e-05 4.154386193879064e-05 0.0003
2.940463628729587e-05 9.246274910760122e-05 0.0003
-9.241885609665573e-09 4.152129850750646e-05 0.0003
8.818483529139144e-05 -9.397575691572286e-06 0.0003
-2.941275901494598e-05 9.24592075778202e-05 0.0003
-5.882523544422329e-05 4.151694768066464e-05 0.0003
-8.823561558688744e-05 9.245881911357071e-05 0.0003
-0.000117647396740492 4.151615779881841e-05 0.0003
-8.823563477589925e-05 -9.426511429350137e-06 0.0003
0.0001447479204760737 -1.045627139290321e-05 0.0003
0.0001172534985102462 -6.053611739724999e-05 0.0003
-0.0001470589366252956 -9.426642812541139e-06 0.0003
-0.000117647134449236 -6.036933525681076e-05 0.0003
-0.0001470588235294274 9.24586335132306e-05 0.0003
-5.882374870815597e-05 0.0001434014309348983 0.0003
0.0001739727648550713 -6.175064443855207e-05 0.0003
0.0001465769262471413 -0.0001115700503963716 0.0003
-0.0001764706196889093 -6.036936075957619e-05 0.0003
-0.0001470588413759847 -0.0001113120394264583 0.0003
0.0002123748925993339 8.638577887363943e-05 0.0003
-8.823530969637904e-05 -0.0001113120407358003 0.0003
-0.0001176470602737041 -0.0001622547197037757 0.0003
-0.0001764705914514394 -0.0001622547186841888 0.0003
-5.882353224993667e-05 -0.0001622547189024186 0.0003
-8.823529483239459e-05 -0.0002131973909392274 0.0003
-2.941176529805824e-05 -0.0002131973910099974 0.0003
-0.0002058823770327734 -9.426694199186946e-06 0.0003
0.0001176469832878252 0.0002452866895563178 0.0003
0.0002072428652800575 -0.0001105130448415537 0.0003
0.0001766170240780408 -0.0001621645531706262 0.0003
-0.0002352941269046108 -6.036937357447583e-05 0.0003
0.0002374024081266246 -0.0001610343092449972 0.0003
0.0002062581406615379 -0.0002129789615741432 0.0003
0.0002337856819061639 -6.07451852731078e-05 0.0003
0.0002642601631147783 -0.0002134539511646164 0.0003
-5.882352946849829e-05 -0.0002641400621299844 0.0003
-1.08176163339524e-13 -0.0002641400621002869 0.0003
-0.000117647058952134 -0.0002641400620884865 0.0003
0.0002352941176470214 -0.0002641400621627353 0.0003
-0.0002647058879111464 -9.426704899442298e-06 0.0003
0.0002647326488055602 0.0001968608328314724 0.0003
-0.000294117649528133 -6.036937749366605e-05 0.0003
0.0001765332195219892 -0.0002641036571997749 0.0003
-8.82352941485634e-05 -0.0003150827329557393 0.0003
0.0002968718562532556 -0.0001646268702560646 0.0003
0.0002931836282476373 -0.0002646791887898856 0.0003
-0.0001470588235560247 -0.0003150827329582208 0.0003
5.874952622182466e-05 -6.039231326283032e-05 0.0003
0.0001175911485835879 -0.0001622826927569933 0.0003
0.0002645502125510422 -0.0003151725874114445 0.0003
0.0003259747498628091 -0.0003165953429496093 0.0003
0.0003235262482898457 0.0002962311431896609 0.0003
-0.0003235294131026386 -9.426707336014075e-06 0.0003
-0.0002941176482081911 4.151596336596675e-05 0.0003
-0.0003529411771051452 -6.036937855295743e-05 0.0003
-0.000323529412282036 -0.0001113120494314911 0.0003
-0.0001764705882611873 -0.0002641400621477839 0.0003
-0.0002058823529499537 -0.0003150827329685153 0.0003
-0.0002352941176528607 -0.0002641400621593806 0.0003
-0.0002647058823553972 -0.0003150827329721618 0.0003
-0.0002941176470602236 -0.000264140062161919 0.0003
-0.0003235294117653751 -0.0003150827329731906 0.0003
-0.0002647058823541626 -0.0002131973913511723 0.0003
-0.0003235294117648499 -0.0002131973913517916 0.0003
-5.717442578406784e-13 -0.0001622547202109445 0.0003
0.0001764695560700421 0.00034717258348834 0.0003
-0.000351551158669087 4.071343555050761e-05 0.0003
-0.0003232977423226926 9.232487909852267e-05 0.0003
-0.0002646672709708434 9.243634122138036e-05 0.0003
-0.000294072600254812 0.000143375296539659 0.0003
-0.0002352801746160483 0.0001433932543113703 0.0003
-0.000264696050713776 0.0001943382988354116 0.0003
-0.0002058783904961531 0.0001943416874162259 0.0003
-0.0002339400713082559 0.0002445048869275762 0.0003
-0.0001762442534379938 0.0002451559714896276 0.0003
-0.0002960643215333752 0.0002547245972159339 0.0003
-0.0002042672087603859 0.0002952968128290689 0.0003
-0.0001467519103663988 0.0002960521203593417 0.0003
-0.000117601714609223 0.0002452604664514365 0.0003
-8.817658455476275e-05 0.0002961954207746864 0.0003
-5.881720933298136e-05 0.0002452829970465823 0.0003
-2.940092643227341e-05 0.0002962230592764312 0.0003
2.042660993259102e-09 0.0002452854666148916 0.0003
2.941391152831295e-05 0.000296228077288104 0.0003
-5.88119381056816e-05 0.0003471652953237804 0.0003
0.0003515766399700995 -0.0002661066189692793 0.0003
-0.0003906798613165284 9.095283272755579e-05 0.0003
-0.0002352941176470999 -0.0003660254037844083 0.0003
-0.0001164251548536171 -0.0003653199371873812 0.0003
-5.861987875529367e-05 -0.0003643289381875916 0.0003
-0.0001743399005702107 0.0003459418344704799 0.0003
-0.0002375674010484282 0.0003484844683511931 0.0003
-0.000380861288317938 -0.000110450843329055 0.0003
-8.555389372087805e-05 -0.0004102832804906267 0.0003
0.0002941176470587797 -0.0003660254037844374 0.0003
0.000352292417178721 -0.000367251125235807 0.0003
0.0002352941176470154 -0.0003660254037844343 0.0003
-0.0004103354498124088 -5.918506791903217e-05 0.0003
0.0003828354368371863 0.0003985301935546383 0.0003
-0.0004429546504052272 -0.0001141637729675496 0.0003
0.0003539305006226305 0.0003470705336100447 0.0003
0.0003823529411764641 0.0002962293167565993 0.0003
0.0003529406492247698 0.0002460917803608047 0.0003
0.0004117060851016425 0.0002427583830419905 0.0003
0.0003798899776039438 0.0001927428233831561 0.0003
0.0004008672603730549 0.000136525874866264 0.0003
0.0003443694444854439 0.0001475400613872738 0.0003
0.0003625610208717194 9.234822765415835e-05 0.0003
0.0003068635793357186 0.0001029679014817024 0.0003
0.0003238050836948666 4.838730392394048e-05 0.0003
0.0004106983211697064 8.691173234577816e-05 0.0003
0.0002660110188565059 6.070657230444895e-05 0.0003
0.0002851148112173689 7.991695065142973e-06 0.0003
0.0003411907193671341 -5.882431695010057e-06 0.0003
0.0002280752437959692 2.048173791797752e-05 0.0003
0.000297014335384534 -5.206268202404658e-05 0.0003
0.0003629693222510818 -6.057658614858909e-05 0.0003
0.0004129387213070571 0.0003489479183097769 0.0003
0.0002676402865439999 -0.000111182142141197 0.0003
0.0003307963442536819 -0.0001152882341019398 0.0003
0.0003577124631055274 -0.0001708441117917044 0.0003
0.00039016487681412 -0.0001134137611502341 0.0003
0.0004179094231601473 -6.195201084617616e-05 0.0003
-0.0001176471048070116 0.000143401330872647 0.0003
0.0002058668465219483 -0.0003150916412194 0.0003
0.0001470666776739618 -0.0003150781501873892 0.0003
0.0001176588063953795 -0.0002641332308712033 0.0003
8.823856107035297e-05 -0.0003150808306272892 0.0003
0.000117648912339708 -0.0003644454351013306 0.0003
6.00462868027452e-05 -0.0003650562920213537 0.0003
9.088320389454463e-05 -0.0004102587557819141 0.0003
0.0001764703366578537 -0.0003651370726074013 0.0003
-0.0003512009146965618 -0.0001612499798007704 0.0003
0.00034991118267788 -0.0004512778878566271 0.0003
0.0002356207674343465 0.0001466975735597748 0.0003
-0.0002938276035162779 -0.0001620872637010659 0.0003
-0.0003901344994003219 -0.0002105686122544576 0.0003
-0.0003529411764706257 -0.0002641400621627028 0.0003
-0.0003817906056787939 -0.0003131938333988011 0.0003
-0.0003528474538877818 -0.0003641316993608691 0.0003
-0.0004116553449061449 -0.0003603638341738386 0.0003
-0.0003835765504989672 -0.0004084288943883815 0.0003
-0.0004492762419280651 0.0003525620084843642 0.0003
-0.0003981511438347873 0.0003234662171003346 0.0003
-0.0003986400770628956 0.0002655948693217796 0.0003
-0.0003471719875674525 0.0002941176470588229 0.0003
-0.0003471780684768661 0.0003529306440265254 0.0003
-0.0002965210338694773 0.0003220821799540191 0.0003
-0.0002938396281825305 0.0003817056688211236 0.0003
-0.000240217669655617 0.0004096499300762874 0.0003
-0.0003474161810371875 0.0004108088891482698 0.0003
-0.0003984178498796406 0.0003817389878854563 0.0003
-0.0004042305160806893 0.000445653067112032 0.0003
-2.941040746532342e-05 0.000194343191531715 0.0003
2.941205381314874e-05 0.0001943438082187556 0.0003
-0.0004490573291891506 -0.0002352941176470587 0.0003
-0.0003529411764706 0.000143401304324092 0.0003
0.0002352941176470591 -0.0004490573291891511 0.0003
-0.0001172290752073517 0.0003469306646141539 0.0003
-8.816369829726868e-05 0.000398073322512144 0.0003
-0.0004481915983881802 5.945194296858361e-05 0.0003
5.882352941176492e-05 0.00044905732918915 0.0003
2.941176470588251e-05 0.0003981146583783036 0.0003
8.823529411764526e-05 0.0003981146583783028 0.0003
0.0001176470588235283 0.000449057329189151 0.0003
-2.941364613528086e-05 -9.425621864717678e-06 0.0003
2.940378590249315e-05 -9.424950188222873e-06 0.0003
-1.397723713440942e-08 -6.037272728257384e-05 0.0003
-0.0003823529411764919 -9.42670810845413e-06 0.0003
-0.0002352199009330449 -0.0004509998436445805 0.0003
-0.000449057329189151 0.0001176470588235298 0.0003
0.0004510277950209903 -0.0002356185546759269 0.0003
-0.0001470588244520116 -0.0002131973908192206 0.0003
-0.0002646575438032251 -0.0001112841390786453 0.0003
0.0004505378249598931 -0.000352447230523002 0.0003
0.0003914669705895192 -0.0003204996724331409 0.0003
2.941176449384976e-05 -0.000213197391229476 0.0003
2.939710120606503e-05 -0.0001113164301262878 0.0003
-0.0002941135809327781 -0.0003651232736172944 0.0003
-0.0002058823536364584 -0.0002131973909504594 0.0003
-0.0002058735938723359 9.245357646247188e-05 0.0003
0.0001470583503394823 0.0002962295899529396 0.0003
-0.0001750450336000257 -0.000363631241405259 0.0003
5.881646775964e-05 0.0001434053813708157 0.0003
-2.937782296245526e-05 -0.0003147999886885989 0.0003
-5.882624449997332e-05 -6.036971438323768e-05 0.0003
-0.0001764661518083997 0.0001433987429518125 0.0003
-0.0002058743068118763 -0.0001113073920107259 0.0003
-1.235990476633475e-17 0.0001434013043240721 0.0003
0.000294120793740792 0.0002466458494384013 0.0003
-8.822650140868622e-05 0.0001943388986620347 0.0003
-0.0004493480944813257 0.0002354422821418653 0.0003
-0.000176469207574567 4.151516557752977e-05 0.0003
-0.000147010686094578 0.000194316182973964 0.0003
-0.00023523638026224 -0.0001622213826293763 0.0003
-0.0002352859975949762 4.151127458811986e-05 0.0003
0.0001471489388930247 -0.0002131434144874363 0.0003
-2.941549980277222e-05 -0.0001113130084516284 0.0003
8.811386143605803e-05 -0.0001113691956944271 0.0003
-0.0003900647104349561 0.0002004290109731203 0.0003
-0.0003235294117647145 0.0001943439751349387 0.0003
8.823413351002147e-05 0.0001943446452120348 0.0003
5.882352941175711e-05 0.0002452866459457678 0.0003
8.823556046711107e-05 0.0002962291629796739 0.0003
8.823529411761328e-05 -0.0002131973913518769 0.0003
5.87915282109048e-05 -0.000162269636895001 0.0003
5.882603177914377e-05 -0.0002641386065256173 0.0003
0.0002352918918797346 0.0004490586142365151 0.0003
2.962217609692782e-05 -0.0003148735306245943 0.0003
1.500364176501546e-06 -0.0003632147953662586 0.0003
0.0002058787804357765 0.0003981167209652558 0.0003
0.0001470580560843023 0.0003981151014629427 0.0003
0.0001176467244150572 0.0003471721806382762 0.0003
5.882387587233457e-05 0.0003471717875383534 0.0003
4.153810449899695e-09 0.0003471695893638798 0.0003
-2.939720788306148e-05 0.0003981062539927359 0.0003
-0.000118896024399046 0.0004481824420753482 0.0003
-5.901733156715022e-05 0.0004489032246282299 0.0003
-0.0001470588235294112 0.0003981146583783134 0.0003
0.0003904074868532252 3.543482753090967e-05 0.0003
0.0004479234292966746 -0.0001159235664018665 0.0003
0.0001742260059955519 3.756511391554283e-05 0.0003
0.0004050715059575371 -0.0002051009966099823 0.0003
0.0004092921023016895 0.0004509186279811597 0.0003
0.0004532665161046808 -0.0004097859924995572 0.0003
0.0003222384923472404 0.0001978058738065572 0.0003
0.0003183710181359082 -0.0002161755913020428 0.0003
0.0004041017177916403 -0.000382273859942524 0.0003
-0.000350699283327789 0.0002412783697451029 0.0003
0.0004535002031082231 0.0001215193900832589 0.0003
-0.0004062684247495553 0.0001461454917346309 0.0003
0.0004035336281562171 -0.0002609210064593739 0.0003
-0.0004048055693160727 -0.0002649136614370143 0.0003
0.0003914927841221315 -1.999942562439384e-05 0.0003
-0.0003487807594785044 -0.0004532153260974677 0.0003
-5.796932801913708e-05 -0.0004552750809227474 0.0003
0.0001180883771196712 -0.0004542235814592439 0.0003
-0.0001460252156029531 -0.0004097257274488831 0.0003
3.071423792311138e-05 -0.0004099828413692312 0.0003
-0.0004159612114968048 -0.0004543649856513925 0.0003
-0.0002536720073039845 0.0002930185890555584 0.0003
-0.000264705882352941 -0.0004075413664867941 0.0003
-0.0002053146583024263 -0.0004084952442896573 0.0003
0.0002058823529411316 -0.0004075413664867759 0.0003
0.0002647058823529113 -0.0004075413664867881 0.0003
0.0003227434815947338 -0.0004076908823186769 0.0003
-0.0001167400591114198 -0.000454721995305046 0.0003
5.996278095331611e-05 -0.0004549678299786425 0.0003
-0.0003235294117647491 -0.0004074947476291676 0.0003
-2.791411507277626e-05 -0.0004097377895996536 0.0003
0.0001470588235293636 -0.0004074947476291785 0.0003
-0.0004033371217730732 3.539272095127598e-05 0.0003
-0.0002378301557590115 0.0004599182351461215 0.0003
0.0002889683434981294 0.0001495654590804079 0.0003
-0.0004022103215151133 -0.0001549477156036689 0.0003
-0.0004609564432465352 -0.0003562388816665074 0.0003
0.0004602184935352839 0.0002352941176470592 0.0003
-0.000352271250608585 0.0004605735976953925 0.0003
-0.0004602858079163643 -5.894059581359351e-05 0.0003
-0.0001950202842944776 0.0003918434401211984 0.0003
0.0004515451450957978 5.578146403493274e-05 0.0003
0.0004050488068531534 -0.0001587385565686754 0.0003
0.0001986532278710385 -1.599062117928749e-05 0.0003
0.000462151146743837 0.0003513755590941317 0.0003
0.0004569381877900656 0.0004569381877900656 0.0003
-0.0004569381877900667 0.0004569381877900658 0.0003
0.0004569381877900657 -0.0004569381877900666 0.0003
0.0004650027276018883 -5.882352941176378e-05 0.0003
0.0002599851285804674 0.0001055205114156674 0.0003
0.0003674140330658923 -0.000410404204066136 0.0003
-0.0004615365836840188 -0.0004615365836840187 0.0003
0.0002492397946241914 -1.977276992748612e-05 0.0003
0.0003639250751672463 -0.000223071460374557 0.0003
2 12 0 17
1813
1814
1815
1816
1817
1818
1819
1820
1821
1822
1823
1824
1825
1826
1827
1828
1829
-0.0005 0.0004705882352941176 0.0003150000000000001
-0.0005 -5.882352941176378e-05 0.0003150000000000001
-0.0005 -0.0001176470588235288 0.000315
-0.0005 -0.0002352941176470586 0.0003150000000000001
-0.0005 -0.0001764705882352937 0.0003150000000000001
-0.0005 -0.0004117647058823529 0.0003150000000000001
-0.0005 -0.0004705882352941177 0.0003150000000000001
-0.0005 -0.0003529411764705882 0.000315
-0.0005 -0.0002941176470588234 0.0003150000000000001
-0.0005 0.0001176470588235301 0.000315
-0.0005 0.0002352941176470591 0.000315
-0.0005 0.0003529411764705882 0.0003150000000000001
-0.0005 5.882352941176546e-05 0.0003150000000000001
-0.0005 9.75781955236954e-19 0.0003150000000000001
-0.0005 0.0001764705882352945 0.000315
-0.0005 0.0002941176470588236 0.0003150000000000001
-0.0005 0.0004117647058823528 0.000315
2 13 0 17
1830
1831
1832
1833
1834
1835
1836
1837
1838
1839
1840
1841
1842
1843
1844
1845
1846
0.0005 0.0004705882352941176 0.0003150000000000001
0.0005 -5.882352941176378e-05 0.0003150000000000001
0.0005 -0.0002352941176470586 0.0003150000000000001
0.0005 -0.0001764705882352937 0.000315
0.0005 -0.0001176470588235288 0.000315
0.0005 -0.0004117647058823529 0.0003150000000000001
0.0005 -0.0004705882352941177 0.0003150000000000001
0.0005 -0.0003529411764705882 0.000315
0.0005 -0.0002941176470588234 0.0003150000000000001
0.0005 5.882352941176546e-05 0.000315
0.0005 0.0001176470588235301 0.000315
0.0005 0.0002352941176470591 0.000315
0.0005 0.0003529411764705882 0.0003150000000000001
0.0005 0.0001764705882352945 0.000315
0.0005 0.0002941176470588236 0.0003150000000000001
0.0005 0.0004117647058823528 0.000315
0.0005 9.75781955236954e-19 0.000315
2 14 0 17
1847
1848
1849
1850
1851
1852
1853
1854
1855
1856
1857
1858
1859
1860
1861
1862
1863
0.0004705882352941176 -0.0005 0.0003150000000000001
-5.882352941176383e-05 -0.0005 0.0003150000000000001
-0.0002352941176470586 -0.0005 0.0003150000000000001
-0.0001764705882352937 -0.0005 0.000315
-0.0001176470588235288 -0.0005 0.0003150000000000001
-0.0004705882352941177 -0.0005 0.0003150000000000001
-0.0004117647058823529 -0.0005 0.0003150000000000001
-0.0003529411764705882 -0.0005 0.000315
-0.0002941176470588234 -0.0005 0.000315
5.882352941176546e-05 -0.0005 0.000315
0.0003529411764705882 -0.0005 0.0003150000000000001
0.0001176470588235301 -0.0005 0.0003150000000000001
0.0002352941176470591 -0.0005 0.000315
8.673617379884035e-19 -0.0005 0.0003150000000000001
0.0001764705882352946 -0.0005 0.0003150000000000001
0.0002941176470588237 -0.0005 0.0003150000000000001
0.0004117647058823528 -0.0005 0.0003150000000000001
2 15 0 17
1864
1865
1866
1867
1868
1869
1870
1871
1872
1873
1874
1875
1876
1877
1878
1879
1880
0.0004705882352941176 0.0005 0.0003150000000000001
-5.882352941176383e-05 0.0005 0.0003150000000000001
-0.0002352941176470586 0.0005 0.0003150000000000001
-0.0001764705882352937 0.0005 0.0003150000000000001
-0.0001176470588235288 0.0005 0.0003150000000000001
-0.0004705882352941177 0.0005 0.0003150000000000001
-0.0004117647058823529 0.0005 0.0003150000000000001
-0.0003529411764705882 0.0005 0.000315
-0.0002941176470588234 0.0005 0.000315
5.882352941176546e-05 0.0005 0.000315
0.0003529411764705882 0.0005 0.0003150000000000001
0.0001176470588235301 0.0005 0.0003150000000000001
0.0002352941176470591 0.0005 0.000315
8.673617379884035e-19 0.0005 0.0003150000000000001
0.0001764705882352946 0.0005 0.0003150000000000001
0.0002941176470588237 0.0005 0.0003150000000000001
0.0004117647058823528 0.0005 0.0003150000000000001
2 16 0 313
1881
1882
1883
1884
1885
1886
1887
1888
1889
1890
1891
1892
1893
1894
1895
1896
1897
1898
1899
1900
1901
1902
1903
1904
1905
1906
1907
1908
1909
1910
1911
1912
1913
1914
1915
1916
1917
1918
1919
1920
1921
1922
1923
1924
1925
1926
1927
1928
1929
1930
1931
1932
1933
1934
1935
1936
1937
1938
1939
1940
1941
1942
1943
1944
1945
1946
1947
1948
1949
1950
1951
1952
1953
1954
1955
1956
1957
1958
1959
1960
1961
1962
1963
1964
1965
1966
1967
1968
1969
1970
1971
1972
1973
1974
1975
1976
1977
1978
1979
1980
1981
1982
1983
1984
1985
1986
1987
1988
1989
1990
1991
1992
1993
1994
1995
1996
1997
1998
1999
2000
2001
2002
2003
2004
2005
2006
2007
2008
2009
2010
2011
2012
2013
2014
2015
2016
2017
2018
2019
2020
2021
2022
2023
2024
2025
2026
2027
2028
2029
2030
2031
2032
2033
2034
2035
2036
2037
2038
2039
2040
2041
2042
2043
2044
2045
2046
2047
2048
2049
2050
2051
2052
2053
2054
2055
2056
2057
2058
2059
2060
2061
2062
2063
2064
2065
2066
2067
2068
2069
2070
2071
2072
2073
2074
2075
2076
2077
2078
2079
2080
2081
2082
2083
2084
2085
2086
2087
2088
2089
2090
2091
2092
2093
2094
2095
2096
2097
2098
2099
2100
2101
2102
2103
2104
2105
2106
2107
2108
2109
2110
2111
2112
2113
2114
2115
2116
2117
2118
2119
2120
2121
2122
2123
2124
2125
2126
2127
2128
2129
2130
2131
2132
2133
2134
2135
2136
2137
2138
2139
2140
2141
2142
2143
2144
2145
2146
2147
2148
2149
2150
2151
2152
2153
2154
2155
2156
2157
2158
2159
2160
2161
2162
2163
2164
2165
2166
2167
2168
2169
2170
2171
2172
2173
2174
2175
2176
2177
2178
2179
2180
2181
2182
2183
2184
2185
2186
2187
2188
2189
2190
2191
2192
2193
2.49366499671666e-18 0.0004490573291891518 0.0003300000000000001
2.443807959038626e-06 -0.0004553418012614659 0.0003300000000000001
-0.0004439100493150786 -4.727898381813003e-06 0.0003300000000000001
0.0004449869689790683 -7.020926963103875e-06 0.0003300000000000001
-0.0004459002547555177 -0.0001783053696665122 0.0003300000000000001
-0.0001840359775087852 0.0004438493423724759 0.0003300000000000001
0.0004506839158122073 -0.0001784172104085041 0.0003300000000000001
0.0004443366493529829 0.0001836551065100442 0.0003300000000000001
0.0001764705882352933 0.0004490573291891513 0.0003300000000000001
-0.0004502765022576048 0.0001764705882352944 0.0003300000000000001
0.0001764705882352945 -0.0004490573291891509 0.0003300000000000001
-0.0001755977996784926 -0.0004530478829680188 0.0003300000000000001
-0.0002943088963365383 0.000446091903281844 0.0003300000000000001
0.0004502878230171529 -0.0002941176470588231 0.0003300000000000001
0.0002941176470588227 0.000449057329189151 0.0003300000000000001
-0.0004440695421373802 -0.0003031835153351695 0.0003300000000000001
-0.0004490573291891508 0.0002941176470588233 0.0003300000000000001
0.0002941176470588234 -0.0004490573291891509 0.0003300000000000001
-0.0002941176470588234 -0.0004490573291891506 0.0003300000000000001
0.0004478941462702162 0.0002948681708735179 0.0003300000000000001
0.000447013446242106 0.0004040481185932727 0.0003300000000000001
-0.0004503708056226366 0.0004094896979650105 0.0003300000000000001
0.0004080213660864859 -0.0004435272649770448 0.0003300000000000001
-0.000411494112476105 -0.000454266848646431 0.0003300000000000001
0.0003524604107286592 0.0004493348994196695 0.0003300000000000001
0.0003234492841410492 0.000398160920083388 0.0003300000000000001
0.0002646925277489969 0.0003981223686624839 0.0003300000000000001
0.0002941020666875532 0.0003471809828989978 0.0003300000000000001
0.000235289295151187 0.000347174771836743 0.0003300000000000001
0.0002647024818750788 0.0002962312800234104 0.0003300000000000001
0.0002058809824455494 0.0002962301080126231 0.0003300000000000001
0.0002352933224848035 0.0002452871050328939 0.0003300000000000001
0.0001764702272923073 0.0002452868543362854 0.0003300000000000001
0.0002058821602569608 0.0001943440863811865 0.0003300000000000001
0.0001470587312582036 0.0001943440284077128 0.0003300000000000001
0.0001764705407427132 0.0001434013317439081 0.0003300000000000001
0.000117647035529555 0.0001434013177728391 0.0003300000000000001
0.0001468458029788701 9.258162098540275e-05 0.0003300000000000001
8.819978681021633e-05 9.247913366671108e-05 0.0003300000000000001
0.000117392628761083 4.166285796739877e-05 0.0003300000000000001
5.877520651677184e-05 4.154386193879064e-05 0.0003300000000000001
2.940463628729587e-05 9.246274910760122e-05 0.0003300000000000001
-9.241885609665573e-09 4.152129850750646e-05 0.0003300000000000001
8.818483529139144e-05 -9.397575691572286e-06 0.0003300000000000001
-2.941275901494598e-05 9.24592075778202e-05 0.0003300000000000001
-5.882523544422329e-05 4.151694768066464e-05 0.0003300000000000001
-8.823561558688744e-05 9.245881911357071e-05 0.0003300000000000001
-0.000117647396740492 4.151615779881841e-05 0.0003300000000000001
-8.823563477589925e-05 -9.426511429350137e-06 0.0003300000000000001
0.0001447479204760737 -1.045627139290321e-05 0.0003300000000000001
0.0001172534985102462 -6.053611739724999e-05 0.0003300000000000001
-0.0001470589366252956 -9.426642812541139e-06 0.0003300000000000001
-0.000117647134449236 -6.036933525681076e-05 0.0003300000000000001
-0.0001470588235294274 9.24586335132306e-05 0.0003300000000000001
-5.882374870815597e-05 0.0001434014309348983 0.0003300000000000001
0.0001739727648550713 -6.175064443855207e-05 0.0003300000000000001
0.0001465769262471413 -0.0001115700503963716 0.0003300000000000001
-0.0001764706196889093 -6.036936075957619e-05 0.0003300000000000001
-0.0001470588413759847 -0.0001113120394264583 0.0003300000000000001
0.0002123748925993339 8.638577887363943e-05 0.0003300000000000001
-8.823530969637904e-05 -0.0001113120407358003 0.0003300000000000001
-0.0001176470602737041 -0.0001622547197037757 0.0003300000000000001
-0.0001764705914514394 -0.0001622547186841888 0.0003300000000000001
-5.882353224993667e-05 -0.0001622547189024186 0.0003300000000000001
-8.823529483239459e-05 -0.0002131973909392274 0.0003300000000000001
-2.941176529805824e-05 -0.0002131973910099974 0.0003300000000000001
-0.0002058823770327734 -9.426694199186946e-06 0.0003300000000000001
0.0001176469832878252 0.0002452866895563178 0.0003300000000000001
0.0002072428652800575 -0.0001105130448415537 0.0003300000000000001
0.0001766170240780408 -0.0001621645531706262 0.0003300000000000001
-0.0002352941269046108 -6.036937357447583e-05 0.0003300000000000001
0.0002374024081266246 -0.0001610343092449972 0.0003300000000000001
0.0002062581406615379 -0.0002129789615741432 0.0003300000000000001
0.0002337856819061639 -6.07451852731078e-05 0.0003300000000000001
0.0002642601631147783 -0.0002134539511646164 0.0003300000000000001
-5.882352946849829e-05 -0.0002641400621299844 0.0003300000000000001
-1.08176163339524e-13 -0.0002641400621002869 0.0003300000000000001
-0.000117647058952134 -0.0002641400620884865 0.0003300000000000001
0.0002352941176470214 -0.0002641400621627353 0.0003300000000000001
-0.0002647058879111464 -9.426704899442298e-06 0.0003300000000000001
0.0002647326488055602 0.0001968608328314724 0.0003300000000000001
-0.000294117649528133 -6.036937749366605e-05 0.0003300000000000001
0.0001765332195219892 -0.0002641036571997749 0.0003300000000000001
-8.82352941485634e-05 -0.0003150827329557393 0.0003300000000000001
0.0002968718562532556 -0.0001646268702560646 0.0003300000000000001
0.0002931836282476373 -0.0002646791887898856 0.0003300000000000001
-0.0001470588235560247 -0.0003150827329582208 0.0003300000000000001
5.874952622182466e-05 -6.039231326283032e-05 0.0003300000000000001
0.0001175911485835879 -0.0001622826927569933 0.0003300000000000001
0.0002645502125510422 -0.0003151725874114445 0.0003300000000000001
0.0003259747498628091 -0.0003165953429496094 0.0003300000000000001
0.0003235262482898457 0.0002962311431896609 0.0003300000000000001
-0.0003235294131026386 -9.426707336014075e-06 0.0003300000000000001
-0.0002941176482081911 4.151596336596675e-05 0.0003300000000000001
-0.0003529411771051452 -6.036937855295743e-05 0.0003300000000000001
-0.000323529412282036 -0.0001113120494314911 0.0003300000000000001
-0.0001764705882611873 -0.0002641400621477839 0.0003300000000000001
-0.0002058823529499537 -0.0003150827329685153 0.0003300000000000001
-0.0002352941176528607 -0.0002641400621593806 0.0003300000000000001
-0.0002647058823553972 -0.0003150827329721618 0.0003300000000000001
-0.0002941176470602236 -0.000264140062161919 0.0003300000000000001
-0.0003235294117653751 -0.0003150827329731906 0.0003300000000000001
-0.0002647058823541626 -0.0002131973913511723 0.0003300000000000001
-0.0003235294117648499 -0.0002131973913517916 0.0003300000000000001
-5.717442578406784e-13 -0.0001622547202109445 0.0003300000000000001
0.0001764695560700421 0.00034717258348834 0.0003300000000000001
-0.000351551158669087 4.071343555050761e-05 0.0003300000000000001
-0.0003232977423226926 9.232487909852267e-05 0.0003300000000000001
-0.0002646672709708434 9.243634122138036e-05 0.0003300000000000001
-0.000294072600254812 0.000143375296539659 0.0003300000000000001
-0.0002352801746160483 0.0001433932543113703 0.0003300000000000001
-0.000264696050713776 0.0001943382988354116 0.0003300000000000001
-0.0002058783904961531 0.0001943416874162259 0.0003300000000000001
-0.0002339400713082559 0.0002445048869275762 0.0003300000000000001
-0.0001762442534379938 0.0002451559714896276 0.0003300000000000001
-0.0002960643215333752 0.0002547245972159339 0.0003300000000000001
-0.0002042672087603859 0.0002952968128290689 0.0003300000000000001
-0.0001467519103663988 0.0002960521203593417 0.0003300000000000001
-0.000117601714609223 0.0002452604664514365 0.0003300000000000001
-8.817658455476275e-05 0.0002961954207746864 0.0003300000000000001
-5.881720933298136e-05 0.0002452829970465823 0.0003300000000000001
-2.940092643227341e-05 0.0002962230592764312 0.0003300000000000001
2.042660993259102e-09 0.0002452854666148916 0.0003300000000000001
2.941391152831295e-05 0.000296228077288104 0.0003300000000000001
-5.88119381056816e-05 0.0003471652953237804 0.0003300000000000001
0.0003515766399700995 -0.0002661066189692793 0.0003300000000000001
-0.0003906798613165284 9.095283272755579e-05 0.0003300000000000001
-0.0002352941176470999 -0.0003660254037844083 0.0003300000000000001
-0.0001164251548536171 -0.0003653199371873812 0.0003300000000000001
-5.861987875529367e-05 -0.0003643289381875916 0.0003300000000000001
-0.0001743399005702107 0.0003459418344704799 0.0003300000000000001
-0.0002375674010484282 0.0003484844683511931 0.0003300000000000001
-0.000380861288317938 -0.000110450843329055 0.0003300000000000001
-8.555389372087805e-05 -0.0004102832804906267 0.0003300000000000001
0.0002941176470587797 -0.0003660254037844374 0.0003300000000000001
0.000352292417178721 -0.000367251125235807 0.0003300000000000001
0.0002352941176470154 -0.0003660254037844343 0.0003300000000000001
-0.0004103354498124088 -5.918506791903217e-05 0.0003300000000000001
0.0003828354368371863 0.0003985301935546383 0.0003300000000000001
-0.0004429546504052272 -0.0001141637729675496 0.0003300000000000001
0.0003539305006226305 0.0003470705336100447 0.0003300000000000001
0.0003823529411764641 0.0002962293167565993 0.0003300000000000001
0.0003529406492247698 0.0002460917803608047 0.0003300000000000001
0.0004117060851016425 0.0002427583830419905 0.0003300000000000001
0.0003798899776039438 0.0001927428233831561 0.0003300000000000001
0.0004008672603730549 0.000136525874866264 0.0003300000000000001
0.0003443694444854439 0.0001475400613872738 0.0003300000000000001
0.0003625610208717194 9.234822765415835e-05 0.0003300000000000001
0.0003068635793357186 0.0001029679014817024 0.0003300000000000001
0.0003238050836948666 4.838730392394048e-05 0.0003300000000000001
0.0004106983211697064 8.691173234577816e-05 0.0003300000000000001
0.0002660110188565059 6.070657230444895e-05 0.0003300000000000001
0.0002851148112173689 7.991695065142973e-06 0.0003300000000000001
0.0003411907193671341 -5.882431695010057e-06 0.0003300000000000001
0.0002280752437959692 2.048173791797752e-05 0.0003300000000000001
0.000297014335384534 -5.206268202404658e-05 0.0003300000000000001
0.0003629693222510818 -6.057658614858909e-05 0.0003300000000000001
0.0004129387213070571 0.0003489479183097769 0.0003300000000000001
0.0002676402865439999 -0.000111182142141197 0.0003300000000000001
0.0003307963442536819 -0.0001152882341019398 0.0003300000000000001
0.0003577124631055274 -0.0001708441117917044 0.0003300000000000001
0.00039016487681412 -0.0001134137611502341 0.0003300000000000001
0.0004179094231601473 -6.195201084617616e-05 0.0003300000000000001
-0.0001176471048070116 0.000143401330872647 0.0003300000000000001
0.0002058668465219483 -0.0003150916412194 0.0003300000000000001
0.0001470666776739618 -0.0003150781501873892 0.0003300000000000001
0.0001176588063953795 -0.0002641332308712033 0.0003300000000000001
8.823856107035297e-05 -0.0003150808306272892 0.0003300000000000001
0.000117648912339708 -0.0003644454351013306 0.0003300000000000001
6.00462868027452e-05 -0.0003650562920213537 0.0003300000000000001
9.088320389454463e-05 -0.0004102587557819141 0.0003300000000000001
0.0001764703366578537 -0.0003651370726074013 0.0003300000000000001
-0.0003512009146965618 -0.0001612499798007704 0.0003300000000000001
0.0002356207674343465 0.0001466975735597748 0.0003300000000000001
-0.0002938276035162779 -0.0001620872637010659 0.0003300000000000001
-0.0003901344994003219 -0.0002105686122544576 0.0003300000000000001
-0.0003529411764706257 -0.0002641400621627028 0.0003300000000000001
-0.0003817906056787938 -0.0003131938333988011 0.0003300000000000001
-0.0003529411764706294 -0.0003660254037844024 0.0003300000000000001
-0.0004120439305984428 -0.0003624962863228102 0.0003300000000000001
0.0003499111826778803 -0.0004512778878566271 0.0003300000000000001
-0.0004492762419280651 0.0003525620084843642 0.0003300000000000001
-0.0003981511438347873 0.0003234662171003346 0.0003300000000000001
-0.0003986400770628956 0.0002655948693217796 0.0003300000000000001
-0.0003471719875674525 0.0002941176470588229 0.0003300000000000001
-0.0003471780684768661 0.0003529306440265254 0.0003300000000000001
-0.0002965210338694773 0.0003220821799540191 0.0003300000000000001
-0.0002938396281825305 0.0003817056688211236 0.0003300000000000001
-0.000240217669655617 0.0004096499300762874 0.0003300000000000001
-0.0003474161810371875 0.0004108088891482698 0.0003300000000000001
-0.0003984178498796406 0.0003817389878854563 0.0003300000000000001
-0.0004042305160806893 0.000445653067112032 0.0003300000000000001
-2.941040746532342e-05 0.000194343191531715 0.0003300000000000001
2.941205381314874e-05 0.0001943438082187556 0.0003300000000000001
-0.0004490573291891506 -0.0002352941176470587 0.0003300000000000001
-0.0003529411764706 0.000143401304324092 0.0003300000000000001
0.0002352941176470591 -0.0004490573291891511 0.0003300000000000001
-0.0001172290752073517 0.0003469306646141539 0.0003300000000000001
-8.816369829726868e-05 0.000398073322512144 0.0003300000000000001
-0.0004481915983881802 5.945194296858361e-05 0.0003300000000000001
5.882352941176492e-05 0.00044905732918915 0.0003300000000000001
2.941176470588251e-05 0.0003981146583783036 0.0003300000000000001
8.823529411764526e-05 0.0003981146583783028 0.0003300000000000001
0.0001176470588235283 0.000449057329189151 0.0003300000000000001
-2.941364613528086e-05 -9.425621864717678e-06 0.0003300000000000001
2.940378590249315e-05 -9.424950188222873e-06 0.0003300000000000001
-1.397723713440942e-08 -6.037272728257384e-05 0.0003300000000000001
-0.0003823529411764919 -9.42670810845413e-06 0.0003300000000000001
-0.0002352199009330449 -0.0004509998436445805 0.0003300000000000001
-0.000449057329189151 0.0001176470588235298 0.0003300000000000001
0.0004510277950209903 -0.0002356185546759269 0.0003300000000000001
-0.000352924741011025 -0.0004505188777602307 0.0003300000000000001
-0.0001470588244520116 -0.0002131973908192206 0.0003300000000000001
-0.0002646575438032251 -0.0001112841390786453 0.0003300000000000001
0.0004505378249598931 -0.000352447230523002 0.0003300000000000001
0.0003914669705895192 -0.0003204996724331409 0.0003300000000000001
2.941176449384976e-05 -0.000213197391229476 0.0003300000000000001
2.939710120606503e-05 -0.0001113164301262878 0.0003300000000000001
-0.0002941176470588646 -0.0003660254037844054 0.0003300000000000001
-0.0002058823536364584 -0.0002131973909504594 0.0003300000000000001
-0.0002058735938723359 9.245357646247188e-05 0.0003300000000000001
0.0001470583503394823 0.0002962295899529396 0.0003300000000000001
-0.0001750450336000257 -0.000363631241405259 0.0003300000000000001
5.881646775964e-05 0.0001434053813708157 0.0003300000000000001
-2.937782296245526e-05 -0.0003147999886885989 0.0003300000000000001
-5.882624449997332e-05 -6.036971438323768e-05 0.0003300000000000001
-0.0001764661518083997 0.0001433987429518125 0.0003300000000000001
-0.0002058743068118763 -0.0001113073920107259 0.0003300000000000001
-1.235990476633475e-17 0.0001434013043240721 0.0003300000000000001
0.000294120793740792 0.0002466458494384013 0.0003300000000000001
-8.822650140868622e-05 0.0001943388986620347 0.0003300000000000001
-0.0004493480944813257 0.0002354422821418653 0.0003300000000000001
-0.000176469207574567 4.151516557752977e-05 0.0003300000000000001
-0.000147010686094578 0.000194316182973964 0.0003300000000000001
-0.00023523638026224 -0.0001622213826293763 0.0003300000000000001
-0.0002352859975949762 4.151127458811986e-05 0.0003300000000000001
0.0001471489388930247 -0.0002131434144874363 0.0003300000000000001
-2.941549980277222e-05 -0.0001113130084516284 0.0003300000000000001
8.811386143605803e-05 -0.0001113691956944271 0.0003300000000000001
-0.0003900647104349561 0.0002004290109731203 0.0003300000000000001
-0.0003235294117647145 0.0001943439751349387 0.0003300000000000001
8.823413351002147e-05 0.0001943446452120348 0.0003300000000000001
5.882352941175711e-05 0.0002452866459457678 0.0003300000000000001
8.823556046711107e-05 0.0002962291629796739 0.0003300000000000001
8.823529411761328e-05 -0.0002131973913518769 0.0003300000000000001
5.87915282109048e-05 -0.000162269636895001 0.0003300000000000001
5.882603177914377e-05 -0.0002641386065256173 0.0003300000000000001
0.0002352918918797346 0.0004490586142365151 0.0003300000000000001
2.962217609692782e-05 -0.0003148735306245943 0.0003300000000000001
1.500364176501546e-06 -0.0003632147953662586 0.0003300000000000001
0.0002058787804357765 0.0003981167209652558 0.0003300000000000001
0.0001470580560843023 0.0003981151014629427 0.0003300000000000001
0.0001176467244150572 0.0003471721806382762 0.0003300000000000001
5.882387587233457e-05 0.0003471717875383534 0.0003300000000000001
4.153810449899695e-09 0.0003471695893638798 0.0003300000000000001
-2.939720788306148e-05 0.0003981062539927359 0.0003300000000000001
-0.000118896024399046 0.0004481824420753482 0.0003300000000000001
-5.901733156715022e-05 0.0004489032246282299 0.0003300000000000001
-0.0001470588235294112 0.0003981146583783134 0.0003300000000000001
0.0003904074868532252 3.543482753090967e-05 0.0003300000000000001
0.0004479234292966746 -0.0001159235664018665 0.0003300000000000001
0.0001742260059955519 3.756511391554283e-05 0.0003300000000000001
0.0004050715059575371 -0.0002051009966099823 0.0003300000000000001
0.0004092921023016895 0.0004509186279811597 0.0003300000000000001
0.0004532665161046808 -0.0004097859924995573 0.0003300000000000001
-0.0004494500065871502 -0.0004099906416575094 0.0003300000000000001
0.0003222384923472404 0.0001978058738065572 0.0003300000000000001
0.0003183710181359082 -0.0002161755913020428 0.0003300000000000001
0.0004041017177916402 -0.0003822738599425241 0.0003300000000000001
-0.000350699283327789 0.0002412783697451029 0.0003300000000000001
0.0004535002031082231 0.0001215193900832589 0.0003300000000000001
-0.0004062684247495553 0.0001461454917346309 0.0003300000000000001
0.0004035336281562171 -0.0002609210064593739 0.0003300000000000001
-0.0004048055693160727 -0.0002649136614370143 0.0003300000000000001
0.0003914927841221315 -1.999942562439384e-05 0.0003300000000000001
-5.796932801913708e-05 -0.0004552750809227474 0.0003300000000000001
0.0001180883771196712 -0.0004542235814592439 0.0003300000000000001
-0.0001460252156029531 -0.0004097257274488831 0.0003300000000000001
3.071423792311138e-05 -0.0004099828413692312 0.0003300000000000001
-0.0002536720073039845 0.0002930185890555584 0.0003300000000000001
-0.0003837305631513431 -0.0004084732374430294 0.0003300000000000001
-0.0003237562761839378 -0.0004079402697413355 0.0003300000000000001
-0.000264705882352941 -0.0004075413664867941 0.0003300000000000001
-0.0002053146583024263 -0.0004084952442896573 0.0003300000000000001
0.0002058823529411316 -0.0004075413664867759 0.0003300000000000001
0.0002647058823529113 -0.0004075413664867881 0.0003300000000000001
0.0003227434815947338 -0.0004076908823186769 0.0003300000000000001
-0.0001167400591114198 -0.000454721995305046 0.0003300000000000001
5.996278095331611e-05 -0.0004549678299786425 0.0003300000000000001
-2.791411507277626e-05 -0.0004097377895996536 0.0003300000000000001
0.0001470588235293636 -0.0004074947476291785 0.0003300000000000001
-0.0004033371217730732 3.539272095127598e-05 0.0003300000000000001
-0.0002378301557590115 0.0004599182351461215 0.0003300000000000001
0.0002889683434981294 0.0001495654590804079 0.0003300000000000001
-0.0004022103215151133 -0.0001549477156036689 0.0003300000000000001
-0.0004611126958645946 -0.0003563105592513331 0.0003300000000000001
0.0004602184935352839 0.0002352941176470592 0.0003300000000000001
-0.000352271250608585 0.0004605735976953925 0.0003300000000000001
-0.0004602858079163643 -5.894059581359351e-05 0.0003300000000000001
-0.0001950202842944776 0.0003918434401211984 0.0003300000000000001
0.0004515451450957978 5.578146403493274e-05 0.0003300000000000001
0.0004050488068531534 -0.0001587385565686754 0.0003300000000000001
0.0001986532278710385 -1.599062117928749e-05 0.0003300000000000001
0.000462151146743837 0.0003513755590941317 0.0003300000000000001
0.0004569381877900656 0.0004569381877900656 0.0003300000000000001
0.0004569381877900657 -0.0004569381877900667 0.0003300000000000001
-0.0004569381877900667 0.0004569381877900658 0.0003300000000000001
0.0004650027276018883 -5.882352941176378e-05 0.0003300000000000001
-0.0004572376903202908 -0.0004572376903202908 0.0003300000000000001
0.0002599851285804674 0.0001055205114156674 0.0003300000000000001
0.0003674140330658923 -0.000410404204066136 0.0003300000000000001
0.0002492397946241914 -1.977276992748612e-05 0.0003300000000000001
0.0003639250751672463 -0.000223071460374557 0.0003300000000000001
2 17 0 17
2194
2195
2196
2197
2198
2199
2200
2201
2202
2203
2204
2205
2206
2207
2208
2209
2210
-0.0005 0.0004705882352941175 0.0003550000000000001
-0.0005 -5.882352941176383e-05 0.0003550000000000001
-0.0005 -0.0002352941176470586 0.0003550000000000001
-0.0005 -0.0001764705882352937 0.0003550000000000001
-0.0005 -0.0001176470588235288 0.0003550000000000001
-0.0005 -0.0004705882352941177 0.0003550000000000001
-0.0005 -0.0004117647058823529 0.0003550000000000001
-0.0005 -0.0002941176470588234 0.0003550000000000001
-0.0005 -0.0003529411764705882 0.0003550000000000001
-0.0005 0.0001176470588235301 0.0003550000000000001
-0.0005 5.882352941176546e-05 0.0003550000000000001
-0.0005 0.000235294117647059 0.0003550000000000001
-0.0005 0.0003529411764705882 0.0003550000000000001
-0.0005 9.75781955236954e-19 0.0003550000000000001
-0.0005 0.0001764705882352945 0.0003550000000000001
-0.0005 0.0002941176470588236 0.0003550000000000001
-0.0005 0.0004117647058823528 0.0003550000000000001
2 18 0 17
2211
2212
2213
2214
2215
2216
2217
2218
2219
2220
2221
2222
2223
2224
2225
2226
2227
0.0005 0.0004705882352941174 0.0003550000000000001
0.0005 -5.882352941176383e-05 0.0003550000000000001
0.0005 -0.0002352941176470586 0.0003550000000000001
0.0005 -0.0001764705882352937 0.0003550000000000001
0.0005 -0.0001176470588235288 0.0003550000000000001
0.0005 -0.0004705882352941177 0.0003550000000000001
0.0005 -0.0004117647058823529 0.0003550000000000001
0.0005 -0.0002941176470588234 0.0003550000000000001
0.0005 -0.0003529411764705882 0.0003550000000000001
0.0005 0.0001176470588235301 0.0003550000000000001
0.0005 5.882352941176546e-05 0.0003550000000000001
0.0005 0.000235294117647059 0.0003550000000000001
0.0005 0.0003529411764705882 0.0003550000000000001
0.0005 9.75781955236954e-19 0.0003550000000000001
0.0005 0.0001764705882352945 0.0003550000000000001
0.0005 0.0002941176470588236 0.0003550000000000001
0.0005 0.0004117647058823528 0.0003550000000000001
2 19 0 17
2228
2229
2230
2231
2232
2233
2234
2235
2236
2237
2238
2239
2240
2241
2242
2243
2244
0.0004705882352941175 -0.0005 0.0003550000000000001
-5.882352941176383e-05 -0.0005 0.0003550000000000001
-0.0002352941176470586 -0.0005 0.0003550000000000001
-0.0001764705882352937 -0.0005 0.0003550000000000001
-0.0001176470588235288 -0.0005 0.0003550000000000001
-0.0004705882352941177 -0.0005 0.0003550000000000001
-0.0004117647058823529 -0.0005 0.0003550000000000001
-0.0002941176470588234 -0.0005 0.0003550000000000001
-0.0003529411764705882 -0.0005 0.0003550000000000001
5.882352941176546e-05 -0.0005 0.0003550000000000001
0.0001176470588235301 -0.0005 0.0003550000000000001
0.0002352941176470591 -0.0005 0.0003550000000000001
0.0003529411764705882 -0.0005 0.0003550000000000001
9.75781955236954e-19 -0.0005 0.0003550000000000001
0.0001764705882352945 -0.0005 0.0003550000000000001
0.0002941176470588236 -0.0005 0.0003550000000000001
0.0004117647058823528 -0.0005 0.0003550000000000001
2 20 0 17
2245
2246
2247
2248
2249
2250
2251
2252
2253
2254
2255
2256
2257
2258
2259
2260
2261
0.0004705882352941175 0.0005 0.0003550000000000001
-5.882352941176383e-05 0.0005 0.0003550000000000001
-0.0002352941176470586 0.0005 0.0003550000000000001
-0.0001764705882352937 0.0005 0.0003550000000000001
-0.0001176470588235288 0.0005 0.0003550000000000001
-0.0004705882352941177 0.0005 0.0003550000000000001
-0.0004117647058823529 0.0005 0.0003550000000000001
-0.0002941176470588234 0.0005 0.0003550000000000001
-0.0003529411764705882 0.0005 0.0003550000000000001
5.882352941176546e-05 0.0005 0.0003550000000000001
0.0001176470588235301 0.0005 0.0003550000000000001
0.0002352941176470591 0.0005 0.0003550000000000001
0.0003529411764705882 0.0005 0.0003550000000000001
9.75781955236954e-19 0.0005 0.0003550000000000001
0.0001764705882352945 0.0005 0.0003550000000000001
0.0002941176470588236 0.0005 0.0003550000000000001
0.0004117647058823528 0.0005 0.0003550000000000001
2 21 0 313
2262
2263
2264
2265
2266
2267
2268
2269
2270
2271
2272
2273
2274
2275
2276
2277
2278
2279
2280
2281
2282
2283
2284
2285
2286
2287
2288
2289
2290
2291
2292
2293
2294
2295
2296
2297
2298
2299
2300
2301
2302
2303
2304
2305
2306
2307
2308
2309
2310
2311
2312
2313
2314
2315
2316
2317
2318
2319
2320
2321
2322
2323
2324
2325
2326
2327
2328
2329
2330
2331
2332
2333
2334
2335
2336
2337
2338
2339
2340
2341
2342
2343
2344
2345
2346
2347
2348
2349
2350
2351
2352
2353
2354
2355
2356
2357
2358
2359
2360
2361
2362
2363
2364
2365
2366
2367
2368
2369
2370
2371
2372
2373
2374
2375
2376
2377
2378
2379
2380
2381
2382
2383
2384
2385
2386
2387
2388
2389
2390
2391
2392
2393
2394
2395
2396
2397
2398
2399
2400
2401
2402
2403
2404
2405
2406
2407
2408
2409
2410
2411
2412
2413
2414
2415
2416
2417
2418
2419
2420
2421
2422
2423
2424
2425
2426
2427
2428
2429
2430
2431
2432
2433
2434
2435
2436
2437
2438
2439
2440
2441
2442
2443
2444
2445
2446
2447
2448
2449
2450
2451
2452
2453
2454
2455
2456
2457
2458
2459
2460
2461
2462
2463
2464
2465
2466
2467
2468
2469
2470
2471
2472
2473
2474
2475
2476
2477
2478
2479
2480
2481
2482
2483
2484
2485
2486
2487
2488
2489
2490
2491
2492
2493
2494
2495
2496
2497
2498
2499
2500
2501
2502
2503
2504
2505
2506
2507
2508
2509
2510
2511
2512
2513
2514
2515
2516
2517
2518
2519
2520
2521
2522
2523
2524
2525
2526
2527
2528
2529
2530
2531
2532
2533
2534
2535
2536
2537
2538
2539
2540
2541
2542
2543
2544
2545
2546
2547
2548
2549
2550
2551
2552
2553
2554
2555
2556
2557
2558
2559
2560
2561
2562
2563
2564
2565
2566
2567
2568
2569
2570
2571
2572
2573
2574
2.49366499671666e-18 0.0004490573291891518 0.0003800000000000001
2.443807959038626e-06 -0.0004553418012614659 0.0003800000000000001
-0.0004439100493150786 -4.727898381813003e-06 0.0003800000000000001
0.0004449869689790683 -7.020926963103875e-06 0.0003800000000000001
-0.0004459002547555177 -0.0001783053696665122 0.0003800000000000001
-0.0001840359775087852 0.0004438493423724759 0.0003800000000000001
0.0004506839158122073 -0.0001784172104085041 0.0003800000000000001
0.0004443366493529829 0.0001836551065100442 0.0003800000000000001
0.0001764705882352933 0.0004490573291891513 0.0003800000000000001
-0.0004502765022576048 0.0001764705882352944 0.0003800000000000001
0.0001764705882352945 -0.0004490573291891509 0.0003800000000000001
-0.0001755977996784926 -0.0004530478829680188 0.0003800000000000001
-0.0002943088963365383 0.000446091903281844 0.0003800000000000001
0.0004502878230171529 -0.0002941176470588231 0.0003800000000000001
0.0002941176470588227 0.000449057329189151 0.0003800000000000001
-0.0004440695421373802 -0.0003031835153351695 0.0003800000000000001
-0.0004490573291891508 0.0002941176470588233 0.0003800000000000001
0.0002941176470588234 -0.0004490573291891509 0.0003800000000000001
-0.0002941176470588234 -0.0004490573291891506 0.0003800000000000001
0.0004478941462702162 0.0002948681708735179 0.0003800000000000001
0.000447013446242106 0.0004040481185932727 0.0003800000000000001
-0.0004503708056226366 0.0004094896979650105 0.0003800000000000001
0.0004080213660864859 -0.0004435272649770448 0.0003800000000000001
-0.000411494112476105 -0.000454266848646431 0.0003800000000000001
0.0003524604107286592 0.0004493348994196695 0.0003800000000000001
0.0003234492841410492 0.000398160920083388 0.0003800000000000001
0.0002646925277489969 0.0003981223686624839 0.0003800000000000001
0.0002941020666875532 0.0003471809828989978 0.0003800000000000001
0.000235289295151187 0.000347174771836743 0.0003800000000000001
0.0002647024818750788 0.0002962312800234104 0.0003800000000000001
0.0002058809824455494 0.0002962301080126231 0.0003800000000000001
0.0002352933224848035 0.0002452871050328939 0.0003800000000000001
0.0001764702272923073 0.0002452868543362854 0.0003800000000000001
0.0002058821602569608 0.0001943440863811865 0.0003800000000000001
0.0001470587312582036 0.0001943440284077128 0.0003800000000000001
0.0001764705407427132 0.0001434013317439081 0.0003800000000000001
0.000117647035529555 0.0001434013177728391 0.0003800000000000001
0.0001468458029788701 9.258162098540275e-05 0.0003800000000000001
8.819978681021633e-05 9.247913366671108e-05 0.0003800000000000001
0.000117392628761083 4.166285796739877e-05 0.0003800000000000001
5.877520651677184e-05 4.154386193879064e-05 0.0003800000000000001
2.940463628729587e-05 9.246274910760122e-05 0.0003800000000000001
-9.241885609665573e-09 4.152129850750646e-05 0.0003800000000000001
8.818483529139144e-05 -9.397575691572286e-06 0.0003800000000000001
-2.941275901494598e-05 9.24592075778202e-05 0.0003800000000000001
-5.882523544422329e-05 4.151694768066464e-05 0.0003800000000000001
-8.823561558688744e-05 9.245881911357071e-05 0.0003800000000000001
-0.000117647396740492 4.151615779881841e-05 0.0003800000000000001
-8.823563477589925e-05 -9.426511429350137e-06 0.0003800000000000001
0.0001447479204760737 -1.045627139290321e-05 0.0003800000000000001
0.0001172534985102462 -6.053611739724999e-05 0.0003800000000000001
-0.0001470589366252956 -9.426642812541139e-06 0.0003800000000000001
-0.000117647134449236 -6.036933525681076e-05 0.0003800000000000001
-0.0001470588235294274 9.24586335132306e-05 0.0003800000000000001
-5.882374870815597e-05 0.0001434014309348983 0.0003800000000000001
0.0001739727648550713 -6.175064443855207e-05 0.0003800000000000001
0.0001465769262471413 -0.0001115700503963716 0.0003800000000000001
-0.0001764706196889093 -6.036936075957619e-05 0.0003800000000000001
-0.0001470588413759847 -0.0001113120394264583 0.0003800000000000001
0.0002123748925993339 8.638577887363943e-05 0.0003800000000000001
-8.823530969637904e-05 -0.0001113120407358003 0.0003800000000000001
-0.0001176470602737041 -0.0001622547197037757 0.0003800000000000001
-0.0001764705914514394 -0.0001622547186841888 0.0003800000000000001
-5.882353224993667e-05 -0.0001622547189024186 0.0003800000000000001
-8.823529483239459e-05 -0.0002131973909392274 0.0003800000000000001
-2.941176529805824e-05 -0.0002131973910099974 0.0003800000000000001
-0.0002058823770327734 -9.426694199186946e-06 0.0003800000000000001
0.0001176469832878252 0.0002452866895563178 0.0003800000000000001
0.0002072428652800575 -0.0001105130448415537 0.0003800000000000001
0.0001766170240780408 -0.0001621645531706262 0.0003800000000000001
-0.0002352941269046108 -6.036937357447583e-05 0.0003800000000000001
0.0002374024081266246 -0.0001610343092449972 0.0003800000000000001
0.0002062581406615379 -0.0002129789615741432 0.0003800000000000001
0.0002337856819061639 -6.07451852731078e-05 0.0003800000000000001
0.0002642601631147783 -0.0002134539511646164 0.0003800000000000001
-5.882352946849829e-05 -0.0002641400621299844 0.0003800000000000001
-1.08176163339524e-13 -0.0002641400621002869 0.0003800000000000001
-0.000117647058952134 -0.0002641400620884865 0.0003800000000000001
0.0002352941176470214 -0.0002641400621627353 0.0003800000000000001
-0.0002647058879111464 -9.426704899442298e-06 0.0003800000000000001
0.0002647326488055602 0.0001968608328314724 0.0003800000000000001
-0.000294117649528133 -6.036937749366605e-05 0.0003800000000000001
0.0001765332195219892 -0.0002641036571997749 0.0003800000000000001
-8.82352941485634e-05 -0.0003150827329557393 0.0003800000000000001
0.0002968718562532556 -0.0001646268702560646 0.0003800000000000001
0.0002931836282476373 -0.0002646791887898856 0.0003800000000000001
-0.0001470588235560247 -0.0003150827329582208 0.0003800000000000001
5.874952622182466e-05 -6.039231326283032e-05 0.0003800000000000001
0.0001175911485835879 -0.0001622826927569933 0.0003800000000000001
0.0002645502125510422 -0.0003151725874114445 0.0003800000000000001
0.0003259747498628091 -0.0003165953429496094 0.0003800000000000001
0.0003235262482898457 0.0002962311431896609 0.0003800000000000001
-0.0003235294131026386 -9.426707336014075e-06 0.0003800000000000001
-0.0002941176482081911 4.151596336596675e-05 0.0003800000000000001
-0.0003529411771051452 -6.036937855295743e-05 0.0003800000000000001
-0.000323529412282036 -0.0001113120494314911 0.0003800000000000001
-0.0001764705882611873 -0.0002641400621477839 0.0003800000000000001
-0.0002058823529499537 -0.0003150827329685153 0.0003800000000000001
-0.0002352941176528607 -0.0002641400621593806 0.0003800000000000001
-0.0002647058823553972 -0.0003150827329721618 0.0003800000000000001
-0.0002941176470602236 -0.000264140062161919 0.0003800000000000001
-0.0003235294117653751 -0.0003150827329731906 0.0003800000000000001
-0.0002647058823541626 -0.0002131973913511723 0.0003800000000000001
-0.0003235294117648499 -0.0002131973913517916 0.0003800000000000001
-5.717442578406784e-13 -0.0001622547202109445 0.0003800000000000001
0.0001764695560700421 0.00034717258348834 0.0003800000000000001
-0.000351551158669087 4.071343555050761e-05 0.0003800000000000001
-0.0003232977423226926 9.232487909852267e-05 0.0003800000000000001
-0.0002646672709708434 9.243634122138036e-05 0.0003800000000000001
-0.000294072600254812 0.000143375296539659 0.0003800000000000001
-0.0002352801746160483 0.0001433932543113703 0.0003800000000000001
-0.000264696050713776 0.0001943382988354116 0.0003800000000000001
-0.0002058783904961531 0.0001943416874162259 0.0003800000000000001
-0.0002339400713082559 0.0002445048869275762 0.0003800000000000001
-0.0001762442534379938 0.0002451559714896276 0.0003800000000000001
-0.0002960643215333752 0.0002547245972159339 0.0003800000000000001
-0.0002042672087603859 0.0002952968128290689 0.0003800000000000001
-0.0001467519103663988 0.0002960521203593417 0.0003800000000000001
-0.000117601714609223 0.0002452604664514365 0.0003800000000000001
-8.817658455476275e-05 0.0002961954207746864 0.0003800000000000001
-5.881720933298136e-05 0.0002452829970465823 0.0003800000000000001
-2.940092643227341e-05 0.0002962230592764312 0.0003800000000000001
2.042660993259102e-09 0.0002452854666148916 0.0003800000000000001
2.941391152831295e-05 0.000296228077288104 0.0003800000000000001
-5.88119381056816e-05 0.0003471652953237804 0.0003800000000000001
0.0003515766399700995 -0.0002661066189692793 0.0003800000000000001
-0.0003906798613165284 9.095283272755579e-05 0.0003800000000000001
-0.0002352941176470999 -0.0003660254037844083 0.0003800000000000001
-0.0001164251548536171 -0.0003653199371873812 0.0003800000000000001
-5.861987875529367e-05 -0.0003643289381875916 0.0003800000000000001
-0.0001743399005702107 0.0003459418344704799 0.0003800000000000001
-0.0002375674010484282 0.0003484844683511931 0.0003800000000000001
-0.000380861288317938 -0.000110450843329055 0.0003800000000000001
-8.555389372087805e-05 -0.0004102832804906267 0.0003800000000000001
0.0002941176470587797 -0.0003660254037844374 0.0003800000000000001
0.000352292417178721 -0.000367251125235807 0.0003800000000000001
0.0002352941176470154 -0.0003660254037844343 0.0003800000000000001
-0.0004103354498124088 -5.918506791903217e-05 0.0003800000000000001
0.0003828354368371863 0.0003985301935546383 0.0003800000000000001
-0.0004429546504052272 -0.0001141637729675496 0.0003800000000000001
0.0003539305006226305 0.0003470705336100447 0.0003800000000000001
0.0003823529411764641 0.0002962293167565993 0.0003800000000000001
0.0003529406492247698 0.0002460917803608047 0.0003800000000000001
0.0004117060851016425 0.0002427583830419905 0.0003800000000000001
0.0003798899776039438 0.0001927428233831561 0.0003800000000000001
0.0004008672603730549 0.000136525874866264 0.0003800000000000001
0.0003443694444854439 0.0001475400613872738 0.0003800000000000001
0.0003625610208717194 9.234822765415835e-05 0.0003800000000000001
0.0003068635793357186 0.0001029679014817024 0.0003800000000000001
0.0003238050836948666 4.838730392394048e-05 0.0003800000000000001
0.0004106983211697064 8.691173234577816e-05 0.0003800000000000001
0.0002660110188565059 6.070657230444895e-05 0.0003800000000000001
0.0002851148112173689 7.991695065142973e-06 0.0003800000000000001
0.0003411907193671341 -5.882431695010057e-06 0.0003800000000000001
0.0002280752437959692 2.048173791797752e-05 0.0003800000000000001
0.000297014335384534 -5.206268202404658e-05 0.0003800000000000001
0.0003629693222510818 -6.057658614858909e-05 0.0003800000000000001
0.0004129387213070571 0.0003489479183097769 0.0003800000000000001
0.0002676402865439999 -0.000111182142141197 0.0003800000000000001
0.0003307963442536819 -0.0001152882341019398 0.0003800000000000001
0.0003577124631055274 -0.0001708441117917044 0.0003800000000000001
0.00039016487681412 -0.0001134137611502341 0.0003800000000000001
0.0004179094231601473 -6.195201084617616e-05 0.0003800000000000001
-0.0001176471048070116 0.000143401330872647 0.0003800000000000001
0.0002058668465219483 -0.0003150916412194 0.0003800000000000001
0.0001470666776739618 -0.0003150781501873892 0.0003800000000000001
0.0001176588063953795 -0.0002641332308712033 0.0003800000000000001
8.823856107035297e-05 -0.0003150808306272892 0.0003800000000000001
0.000117648912339708 -0.0003644454351013306 0.0003800000000000001
6.00462868027452e-05 -0.0003650562920213537 0.0003800000000000001
9.088320389454463e-05 -0.0004102587557819141 0.0003800000000000001
0.0001764703366578537 -0.0003651370726074013 0.0003800000000000001
-0.0003512009146965618 -0.0001612499798007704 0.0003800000000000001
0.0002356207674343465 0.0001466975735597748 0.0003800000000000001
-0.0002938276035162779 -0.0001620872637010659 0.0003800000000000001
-0.0003901344994003219 -0.0002105686122544576 0.0003800000000000001
-0.0003529411764706257 -0.0002641400621627028 0.0003800000000000001
-0.0003817906056787938 -0.0003131938333988011 0.0003800000000000001
-0.0003529411764706294 -0.0003660254037844024 0.0003800000000000001
-0.0004120439305984428 -0.0003624962863228102 0.0003800000000000001
0.0003499111826778803 -0.0004512778878566271 0.0003800000000000001
-0.0004492762419280651 0.0003525620084843642 0.0003800000000000001
-0.0003981511438347873 0.0003234662171003346 0.0003800000000000001
-0.0003986400770628956 0.0002655948693217796 0.0003800000000000001
-0.0003471719875674525 0.0002941176470588229 0.0003800000000000001
-0.0003471780684768661 0.0003529306440265254 0.0003800000000000001
-0.0002965210338694773 0.0003220821799540191 0.0003800000000000001
-0.0002938396281825305 0.0003817056688211236 0.0003800000000000001
-0.000240217669655617 0.0004096499300762874 0.0003800000000000001
-0.0003474161810371875 0.0004108088891482698 0.0003800000000000001
-0.0003984178498796406 0.0003817389878854563 0.0003800000000000001
-0.0004042305160806893 0.000445653067112032 0.0003800000000000001
-2.941040746532342e-05 0.000194343191531715 0.0003800000000000001
2.941205381314874e-05 0.0001943438082187556 0.0003800000000000001
-0.0004490573291891506 -0.0002352941176470587 0.0003800000000000001
-0.0003529411764706 0.000143401304324092 0.0003800000000000001
0.0002352941176470591 -0.0004490573291891511 0.0003800000000000001
-0.0001172290752073517 0.0003469306646141539 0.0003800000000000001
-8.816369829726868e-05 0.000398073322512144 0.0003800000000000001
-0.0004481915983881802 5.945194296858361e-05 0.0003800000000000001
5.882352941176492e-05 0.00044905732918915 0.0003800000000000001
2.941176470588251e-05 0.0003981146583783036 0.0003800000000000001
8.823529411764526e-05 0.0003981146583783028 0.0003800000000000001
0.0001176470588235283 0.000449057329189151 0.0003800000000000001
-2.941364613528086e-05 -9.425621864717678e-06 0.0003800000000000001
2.940378590249315e-05 -9.424950188222873e-06 0.0003800000000000001
-1.397723713440942e-08 -6.037272728257384e-05 0.0003800000000000001
-0.0003823529411764919 -9.42670810845413e-06 0.0003800000000000001
-0.0002352199009330449 -0.0004509998436445805 0.0003800000000000001
-0.000449057329189151 0.0001176470588235298 0.0003800000000000001
0.0004510277950209903 -0.0002356185546759269 0.0003800000000000001
-0.000352924741011025 -0.0004505188777602307 0.0003800000000000001
-0.0001470588244520116 -0.0002131973908192206 0.0003800000000000001
-0.0002646575438032251 -0.0001112841390786453 0.0003800000000000001
0.0004505378249598931 -0.000352447230523002 0.0003800000000000001
0.0003914669705895192 -0.0003204996724331409 0.0003800000000000001
2.941176449384976e-05 -0.000213197391229476 0.0003800000000000001
2.939710120606503e-05 -0.0001113164301262878 0.0003800000000000001
-0.0002941176470588646 -0.0003660254037844054 0.0003800000000000001
-0.0002058823536364584 -0.0002131973909504594 0.0003800000000000001
-0.0002058735938723359 9.245357646247188e-05 0.0003800000000000001
0.0001470583503394823 0.0002962295899529396 0.0003800000000000001
-0.0001750450336000257 -0.000363631241405259 0.0003800000000000001
5.881646775964e-05 0.0001434053813708157 0.0003800000000000001
-2.937782296245526e-05 -0.0003147999886885989 0.0003800000000000001
-5.882624449997332e-05 -6.036971438323768e-05 0.0003800000000000001
-0.0001764661518083997 0.0001433987429518125 0.0003800000000000001
-0.0002058743068118763 -0.0001113073920107259 0.0003800000000000001
-1.235990476633475e-17 0.0001434013043240721 0.0003800000000000001
0.000294120793740792 0.0002466458494384013 0.0003800000000000001
-8.822650140868622e-05 0.0001943388986620347 0.0003800000000000001
-0.0004493480944813257 0.0002354422821418653 0.0003800000000000001
-0.000176469207574567 4.151516557752977e-05 0.0003800000000000001
-0.000147010686094578 0.000194316182973964 0.0003800000000000001
-0.00023523638026224 -0.0001622213826293763 0.0003800000000000001
-0.0002352859975949762 4.151127458811986e-05 0.0003800000000000001
0.0001471489388930247 -0.0002131434144874363 0.0003800000000000001
-2.941549980277222e-05 -0.0001113130084516284 0.0003800000000000001
8.811386143605803e-05 -0.0001113691956944271 0.0003800000000000001
-0.0003900647104349561 0.0002004290109731203 0.0003800000000000001
-0.0003235294117647145 0.0001943439751349387 0.0003800000000000001
8.823413351002147e-05 0.0001943446452120348 0.0003800000000000001
5.882352941175711e-05 0.0002452866459457678 0.0003800000000000001
8.823556046711107e-05 0.0002962291629796739 0.0003800000000000001
8.823529411761328e-05 -0.0002131973913518769 0.0003800000000000001
5.87915282109048e-05 -0.000162269636895001 0.0003800000000000001
5.882603177914377e-05 -0.0002641386065256173 0.0003800000000000001
0.0002352918918797346 0.0004490586142365151 0.0003800000000000001
2.962217609692782e-05 -0.0003148735306245943 0.0003800000000000001
1.500364176501546e-06 -0.0003632147953662586 0.0003800000000000001
0.0002058787804357765 0.0003981167209652558 0.0003800000000000001
0.0001470580560843023 0.0003981151014629427 0.0003800000000000001
0.0001176467244150572 0.0003471721806382762 0.0003800000000000001
5.882387587233457e-05 0.0003471717875383534 0.0003800000000000001
4.153810449899695e-09 0.0003471695893638798 0.0003800000000000001
-2.939720788306148e-05 0.0003981062539927359 0.0003800000000000001
-0.000118896024399046 0.0004481824420753482 0.0003800000000000001
-5.901733156715022e-05 0.0004489032246282299 0.0003800000000000001
-0.0001470588235294112 0.0003981146583783134 0.0003800000000000001
0.0003904074868532252 3.543482753090967e-05 0.0003800000000000001
0.0004479234292966746 -0.0001159235664018665 0.0003800000000000001
0.0001742260059955519 3.756511391554283e-05 0.0003800000000000001
0.0004050715059575371 -0.0002051009966099823 0.0003800000000000001
0.0004092921023016895 0.0004509186279811597 0.0003800000000000001
0.0004532665161046808 -0.0004097859924995573 0.0003800000000000001
-0.0004494500065871502 -0.0004099906416575094 0.0003800000000000001
0.0003222384923472404 0.0001978058738065572 0.0003800000000000001
0.0003183710181359082 -0.0002161755913020428 0.0003800000000000001
0.0004041017177916402 -0.0003822738599425241 0.0003800000000000001
-0.000350699283327789 0.0002412783697451029 0.0003800000000000001
0.0004535002031082231 0.0001215193900832589 0.0003800000000000001
-0.0004062684247495553 0.0001461454917346309 0.0003800000000000001
0.0004035336281562171 -0.0002609210064593739 0.0003800000000000001
-0.0004048055693160727 -0.0002649136614370143 0.0003800000000000001
0.0003914927841221315 -1.999942562439384e-05 0.0003800000000000001
-5.796932801913708e-05 -0.0004552750809227474 0.0003800000000000001
0.0001180883771196712 -0.0004542235814592439 0.0003800000000000001
-0.0001460252156029531 -0.0004097257274488831 0.0003800000000000001
3.071423792311138e-05 -0.0004099828413692312 0.0003800000000000001
-0.0002536720073039845 0.0002930185890555584 0.0003800000000000001
-0.0003837305631513431 -0.0004084732374430294 0.0003800000000000001
-0.0003237562761839378 -0.0004079402697413355 0.0003800000000000001
-0.000264705882352941 -0.0004075413664867941 0.0003800000000000001
-0.0002053146583024263 -0.0004084952442896573 0.0003800000000000001
0.0002058823529411316 -0.0004075413664867759 0.0003800000000000001
0.0002647058823529113 -0.0004075413664867881 0.0003800000000000001
0.0003227434815947338 -0.0004076908823186769 0.0003800000000000001
-0.0001167400591114198 -0.000454721995305046 0.0003800000000000001
5.996278095331611e-05 -0.0004549678299786425 0.0003800000000000001
-2.791411507277626e-05 -0.0004097377895996536 0.0003800000000000001
0.0001470588235293636 -0.0004074947476291785 0.0003800000000000001
-0.0004033371217730732 3.539272095127598e-05 0.0003800000000000001
-0.0002378301557590115 0.0004599182351461215 0.0003800000000000001
0.0002889683434981294 0.0001495654590804079 0.0003800000000000001
-0.0004022103215151133 -0.0001549477156036689 0.0003800000000000001
-0.0004611126958645946 -0.0003563105592513331 0.0003800000000000001
0.0004602184935352839 0.0002352941176470592 0.0003800000000000001
-0.000352271250608585 0.0004605735976953925 0.0003800000000000001
-0.0004602858079163643 -5.894059581359351e-05 0.0003800000000000001
-0.0001950202842944776 0.0003918434401211984 0.0003800000000000001
0.0004515451450957978 5.578146403493274e-05 0.0003800000000000001
0.0004050488068531534 -0.0001587385565686754 0.0003800000000000001
0.0001986532278710385 -1.599062117928749e-05 0.0003800000000000001
0.000462151146743837 0.0003513755590941317 0.0003800000000000001
0.0004569381877900656 0.0004569381877900656 0.0003800000000000001
0.0004569381877900657 -0.0004569381877900667 0.0003800000000000001
-0.0004569381877900667 0.0004569381877900658 0.0003800000000000001
0.0004650027276018883 -5.882352941176378e-05 0.0003800000000000001
-0.0004572376903202908 -0.0004572376903202908 0.0003800000000000001
0.0002599851285804674 0.0001055205114156674 0.0003800000000000001
0.0003674140330658923 -0.000410404204066136 0.0003800000000000001
0.0002492397946241914 -1.977276992748612e-05 0.0003800000000000001
0.0003639250751672463 -0.000223071460374557 0.0003800000000000001
2 22 0 17
2575
2576
2577
2578
2579
2580
2581
2582
2583
2584
2585
2586
2587
2588
2589
2590
2591
-0.0005 0.0004705882352941176 0.0003950000000000001
-0.0005 -5.882352941176378e-05 0.0003950000000000001
-0.0005 -0.0002352941176470586 0.0003950000000000001
-0.0005 -0.0001764705882352937 0.0003950000000000001
-0.0005 -0.0001176470588235288 0.0003950000000000001
-0.0005 -0.0002941176470588234 0.0003950000000000001
-0.0005 -0.0004705882352941176 0.0003950000000000001
-0.0005 -0.0004117647058823529 0.0003950000000000001
-0.0005 -0.0003529411764705882 0.0003950000000000001
-0.0005 5.882352941176546e-05 0.0003950000000000001
-0.0005 0.0003529411764705882 0.0003950000000000001
-0.0005 0.0001176470588235301 0.0003950000000000001
-0.0005 0.0002352941176470591 0.0003950000000000001
-0.0005 0.0001764705882352945 0.0003950000000000001
-0.0005 0.0002941176470588237 0.0003950000000000001
-0.0005 0.0004117647058823528 0.0003950000000000001
-0.0005 9.75781955236954e-19 0.0003950000000000001
2 23 0 17
2592
2593
2594
2595
2596
2597
2598
2599
2600
2601
2602
2603
2604
2605
2606
2607
2608
0.0005 0.0004705882352941176 0.0003950000000000001
0.0005 -5.882352941176378e-05 0.0003950000000000001
0.0005 -0.0002352941176470586 0.0003950000000000001
0.0005 -0.0001764705882352937 0.0003950000000000001
0.0005 -0.0001176470588235288 0.0003950000000000001
0.0005 -0.0004705882352941177 0.0003950000000000001
0.0005 -0.0002941176470588234 0.0003950000000000001
0.0005 -0.0003529411764705882 0.0003950000000000001
0.0005 -0.0004117647058823529 0.0003950000000000001
0.0005 5.882352941176546e-05 0.0003950000000000001
0.0005 0.0003529411764705882 0.0003950000000000001
0.0005 0.0001176470588235301 0.0003950000000000001
0.0005 0.0002352941176470591 0.0003950000000000001
0.0005 0.0001764705882352945 0.0003950000000000001
0.0005 0.0002941176470588237 0.0003950000000000001
0.0005 0.0004117647058823528 0.0003950000000000001
0.0005 9.75781955236954e-19 0.0003950000000000001
2 24 0 17
2609
2610
2611
2612
2613
2614
2615
2616
2617
2618
2619
2620
2621
2622
2623
2624
2625
0.0004705882352941176 -0.0005 0.0003950000000000001
-5.882352941176383e-05 -0.0005 0.0003950000000000001
-0.0001764705882352937 -0.0005 0.0003950000000000001
-0.0001176470588235288 -0.0005 0.0003950000000000001
-0.0002352941176470586 -0.0005 0.0003950000000000001
-0.0004117647058823529 -0.0005 0.0003950000000000001
-0.0004705882352941177 -0.0005 0.0003950000000000001
-0.0003529411764705882 -0.0005 0.0003950000000000001
-0.0002941176470588234 -0.0005 0.0003950000000000001
0.0001176470588235301 -0.0005 0.0003950000000000001
0.0002352941176470591 -0.0005 0.0003950000000000001
5.882352941176546e-05 -0.0005 0.0003950000000000001
0.0003529411764705882 -0.0005 0.0003950000000000001
9.75781955236954e-19 -0.0005 0.0003950000000000001
0.0001764705882352946 -0.0005 0.0003950000000000001
0.0002941176470588237 -0.0005 0.0003950000000000001
0.0004117647058823528 -0.0005 0.0003950000000000001
2 25 0 17
2626
2627
2628
2629
2630
2631
2632
2633
2634
2635
2636
2637
2638
2639
2640
2641
2642
0.0004705882352941176 0.0005 0.0003950000000000001
-5.882352941176383e-05 0.0005 0.0003950000000000001
-0.0001764705882352937 0.0005 0.0003950000000000001
-0.0001176470588235288 0.0005 0.0003950000000000001
-0.0002352941176470586 0.0005 0.0003950000000000001
-0.0004705882352941177 0.0005 0.0003950000000000001
-0.0002941176470588234 0.0005 0.0003950000000000001
-0.0003529411764705882 0.0005 0.0003950000000000001
-0.0004117647058823529 0.0005 0.0003950000000000001
0.0001176470588235301 0.0005 0.0003950000000000001
0.0002352941176470591 0.0005 0.0003950000000000001
5.882352941176546e-05 0.0005 0.0003950000000000001
0.0003529411764705882 0.0005 0.0003950000000000001
9.75781955236954e-19 0.0005 0.0003950000000000001
0.0001764705882352946 0.0005 0.0003950000000000001
0.0002941176470588237 0.0005 0.0003950000000000001
0.0004117647058823528 0.0005 0.0003950000000000001
2 26 0 313
2643
2644
2645
2646
2647
2648
2649
2650
2651
2652
2653
2654
2655
2656
2657
2658
2659
2660
2661
2662
2663
2664
2665
2666
2667
2668
2669
2670
2671
2672
2673
2674
2675
2676
2677
2678
2679
2680
2681
2682
2683
2684
2685
2686
2687
2688
2689
2690
2691
2692
2693
2694
2695
2696
2697
2698
2699
2700
2701
2702
2703
2704
2705
2706
2707
2708
2709
2710
2711
2712
2713
2714
2715
2716
2717
2718
2719
2720
2721
2722
2723
2724
2725
2726
2727
2728
2729
2730
2731
2732
2733
2734
2735
2736
2737
2738
2739
2740
2741
2742
2743
2744
2745
2746
2747
2748
2749
2750
2751
2752
2753
2754
2755
2756
2757
2758
2759
2760
2761
2762
2763
2764
2765
2766
2767
2768
2769
2770
2771
2772
2773
2774
2775
2776
2777
2778
2779
2780
2781
2782
2783
2784
2785
2786
2787
2788
2789
2790
2791
2792
2793
2794
2795
2796
2797
2798
2799
2800
2801
2802
2803
2804
2805
2806
2807
2808
2809
2810
2811
2812
2813
2814
2815
2816
2817
2818
2819
2820
2821
2822
2823
2824
2825
2826
2827
2828
2829
2830
2831
2832
2833
2834
2835
2836
2837
2838
2839
2840
2841
2842
2843
2844
2845
2846
2847
2848
2849
2850
2851
2852
2853
2854
2855
2856
2857
2858
2859
2860
2861
2862
2863
2864
2865
2866
2867
2868
2869
2870
2871
2872
2873
2874
2875
2876
2877
2878
2879
2880
2881
2882
2883
2884
2885
2886
2887
2888
2889
2890
2891
2892
2893
2894
2895
2896
2897
2898
2899
2900
2901
2902
2903
2904
2905
2906
2907
2908
2909
2910
2911
2912
2913
2914
2915
2916
2917
2918
2919
2920
2921
2922
2923
2924
2925
2926
2927
2928
2929
2930
2931
2932
2933
2934
2935
2936
2937
2938
2939
2940
2941
2942
2943
2944
2945
2946
2947
2948
2949
2950
2951
2952
2953
2954
2955
2.49366499671666e-18 0.0004490573291891518 0.0004100000000000001
2.443807959038626e-06 -0.0004553418012614659 0.0004100000000000001
-0.0004439100493150786 -4.727898381813003e-06 0.0004100000000000001
0.0004449869689790683 -7.020926963103875e-06 0.0004100000000000001
-0.0004459002547555177 -0.0001783053696665122 0.0004100000000000001
-0.0001840359775087852 0.0004438493423724759 0.0004100000000000001
0.0004506839158122073 -0.0001784172104085041 0.0004100000000000001
0.0004443366493529829 0.0001836551065100442 0.0004100000000000001
0.0001764705882352933 0.0004490573291891513 0.0004100000000000001
-0.0004502765022576048 0.0001764705882352944 0.0004100000000000001
0.0001764705882352945 -0.0004490573291891509 0.0004100000000000001
-0.0001755977996784926 -0.0004530478829680188 0.0004100000000000001
-0.0002943088963365383 0.000446091903281844 0.0004100000000000001
0.0004502878230171529 -0.0002941176470588231 0.0004100000000000001
0.0002941176470588227 0.000449057329189151 0.0004100000000000001
-0.0004440695421373802 -0.0003031835153351695 0.0004100000000000001
-0.0004490573291891508 0.0002941176470588233 0.0004100000000000001
0.0002941176470588234 -0.0004490573291891509 0.0004100000000000001
-0.0002941176470588234 -0.0004490573291891506 0.0004100000000000001
0.0004478941462702162 0.0002948681708735179 0.0004100000000000001
0.000447013446242106 0.0004040481185932727 0.0004100000000000001
-0.0004503708056226366 0.0004094896979650105 0.0004100000000000001
0.0004080213660864859 -0.0004435272649770448 0.0004100000000000001
-0.000411494112476105 -0.000454266848646431 0.0004100000000000001
0.0003524604107286592 0.0004493348994196695 0.0004100000000000001
0.0003234492841410492 0.000398160920083388 0.0004100000000000001
0.0002646925277489969 0.0003981223686624839 0.0004100000000000001
0.0002941020666875532 0.0003471809828989978 0.0004100000000000001
0.000235289295151187 0.000347174771836743 0.0004100000000000001
0.0002647024818750788 0.0002962312800234104 0.0004100000000000001
0.0002058809824455494 0.0002962301080126231 0.0004100000000000001
0.0002352933224848035 0.0002452871050328939 0.0004100000000000001
0.0001764702272923073 0.0002452868543362854 0.0004100000000000001
0.0002058821602569608 0.0001943440863811865 0.0004100000000000001
0.0001470587312582036 0.0001943440284077128 0.0004100000000000001
0.0001764705407427132 0.0001434013317439081 0.0004100000000000001
0.000117647035529555 0.0001434013177728391 0.0004100000000000001
0.0001468458029788701 9.258162098540275e-05 0.0004100000000000001
8.819978681021633e-05 9.247913366671108e-05 0.0004100000000000001
0.000117392628761083 4.166285796739877e-05 0.0004100000000000001
5.877520651677184e-05 4.154386193879064e-05 0.0004100000000000001
2.940463628729587e-05 9.246274910760122e-05 0.0004100000000000001
-9.241885609665573e-09 4.152129850750646e-05 0.0004100000000000001
8.818483529139144e-05 -9.397575691572286e-06 0.0004100000000000001
-2.941275901494598e-05 9.24592075778202e-05 0.0004100000000000001
-5.882523544422329e-05 4.151694768066464e-05 0.0004100000000000001
-8.823561558688744e-05 9.245881911357071e-05 0.0004100000000000001
-0.000117647396740492 4.151615779881841e-05 0.0004100000000000001
-8.823563477589925e-05 -9.426511429350137e-06 0.0004100000000000001
0.0001447479204760737 -1.045627139290321e-05 0.0004100000000000001
0.0001172534985102462 -6.053611739724999e-05 0.0004100000000000001
-0.0001470589366252956 -9.426642812541139e-06 0.0004100000000000001
-0.000117647134449236 -6.036933525681076e-05 0.0004100000000000001
-0.0001470588235294274 9.24586335132306e-05 0.0004100000000000001
-5.882374870815597e-05 0.0001434014309348983 0.0004100000000000001
0.0001739727648550713 -6.175064443855207e-05 0.0004100000000000001
0.0001465769262471413 -0.0001115700503963716 0.0004100000000000001
-0.0001764706196889093 -6.036936075957619e-05 0.0004100000000000001
-0.0001470588413759847 -0.0001113120394264583 0.0004100000000000001
0.0002123748925993339 8.638577887363943e-05 0.0004100000000000001
-8.823530969637904e-05 -0.0001113120407358003 0.0004100000000000001
-0.0001176470602737041 -0.0001622547197037757 0.0004100000000000001
-0.0001764705914514394 -0.0001622547186841888 0.0004100000000000001
-5.882353224993667e-05 -0.0001622547189024186 0.0004100000000000001
-8.823529483239459e-05 -0.0002131973909392274 0.0004100000000000001
-2.941176529805824e-05 -0.0002131973910099974 0.0004100000000000001
-0.0002058823770327734 -9.426694199186946e-06 0.0004100000000000001
0.0001176469832878252 0.0002452866895563178 0.0004100000000000001
0.0002072428652800575 -0.0001105130448415537 0.0004100000000000001
0.0001766170240780408 -0.0001621645531706262 0.0004100000000000001
-0.0002352941269046108 -6.036937357447583e-05 0.0004100000000000001
0.0002374024081266246 -0.0001610343092449972 0.0004100000000000001
0.0002062581406615379 -0.0002129789615741432 0.0004100000000000001
0.0002337856819061639 -6.07451852731078e-05 0.0004100000000000001
0.0002642601631147783 -0.0002134539511646164 0.0004100000000000001
-5.882352946849829e-05 -0.0002641400621299844 0.0004100000000000001
-1.08176163339524e-13 -0.0002641400621002869 0.0004100000000000001
-0.000117647058952134 -0.0002641400620884865 0.0004100000000000001
0.0002352941176470214 -0.0002641400621627353 0.0004100000000000001
-0.0002647058879111464 -9.426704899442298e-06 0.0004100000000000001
0.0002647326488055602 0.0001968608328314724 0.0004100000000000001
-0.000294117649528133 -6.036937749366605e-05 0.0004100000000000001
0.0001765332195219892 -0.0002641036571997749 0.0004100000000000001
-8.82352941485634e-05 -0.0003150827329557393 0.0004100000000000001
0.0002968718562532556 -0.0001646268702560646 0.0004100000000000001
0.0002931836282476373 -0.0002646791887898856 0.0004100000000000001
-0.0001470588235560247 -0.0003150827329582208 0.0004100000000000001
5.874952622182466e-05 -6.039231326283032e-05 0.0004100000000000001
0.0001175911485835879 -0.0001622826927569933 0.0004100000000000001
0.0002645502125510422 -0.0003151725874114445 0.0004100000000000001
0.0003259747498628091 -0.0003165953429496094 0.0004100000000000001
0.0003235262482898457 0.0002962311431896609 0.0004100000000000001
-0.0003235294131026386 -9.426707336014075e-06 0.0004100000000000001
-0.0002941176482081911 4.151596336596675e-05 0.0004100000000000001
-0.0003529411771051452 -6.036937855295743e-05 0.0004100000000000001
-0.000323529412282036 -0.0001113120494314911 0.0004100000000000001
-0.0001764705882611873 -0.0002641400621477839 0.0004100000000000001
-0.0002058823529499537 -0.0003150827329685153 0.0004100000000000001
-0.0002352941176528607 -0.0002641400621593806 0.0004100000000000001
-0.0002647058823553972 -0.0003150827329721618 0.0004100000000000001
-0.0002941176470602236 -0.000264140062161919 0.0004100000000000001
-0.0003235294117653751 -0.0003150827329731906 0.0004100000000000001
-0.0002647058823541626 -0.0002131973913511723 0.0004100000000000001
-0.0003235294117648499 -0.0002131973913517916 0.0004100000000000001
-5.717442578406784e-13 -0.0001622547202109445 0.0004100000000000001
0.0001764695560700421 0.00034717258348834 0.0004100000000000001
-0.000351551158669087 4.071343555050761e-05 0.0004100000000000001
-0.0003232977423226926 9.232487909852267e-05 0.0004100000000000001
-0.0002646672709708434 9.243634122138036e-05 0.0004100000000000001
-0.000294072600254812 0.000143375296539659 0.0004100000000000001
-0.0002352801746160483 0.0001433932543113703 0.0004100000000000001
-0.000264696050713776 0.0001943382988354116 0.0004100000000000001
-0.0002058783904961531 0.0001943416874162259 0.0004100000000000001
-0.0002339400713082559 0.0002445048869275762 0.0004100000000000001
-0.0001762442534379938 0.0002451559714896276 0.0004100000000000001
-0.0002960643215333752 0.0002547245972159339 0.0004100000000000001
-0.0002042672087603859 0.0002952968128290689 0.0004100000000000001
-0.0001467519103663988 0.0002960521203593417 0.0004100000000000001
-0.000117601714609223 0.0002452604664514365 0.0004100000000000001
-8.817658455476275e-05 0.0002961954207746864 0.0004100000000000001
-5.881720933298136e-05 0.0002452829970465823 0.0004100000000000001
-2.940092643227341e-05 0.0002962230592764312 0.0004100000000000001
2.042660993259102e-09 0.0002452854666148916 0.0004100000000000001
2.941391152831295e-05 0.000296228077288104 0.0004100000000000001
-5.88119381056816e-05 0.0003471652953237804 0.0004100000000000001
0.0003515766399700995 -0.0002661066189692793 0.0004100000000000001
-0.0003906798613165284 9.095283272755579e-05 0.0004100000000000001
-0.0002352941176470999 -0.0003660254037844083 0.0004100000000000001
-0.0001164251548536171 -0.0003653199371873812 0.0004100000000000001
-5.861987875529367e-05 -0.0003643289381875916 0.0004100000000000001
-0.0001743399005702107 0.0003459418344704799 0.0004100000000000001
-0.0002375674010484282 0.0003484844683511931 0.0004100000000000001
-0.000380861288317938 -0.000110450843329055 0.0004100000000000001
-8.555389372087805e-05 -0.0004102832804906267 0.0004100000000000001
0.0002941176470587797 -0.0003660254037844374 0.0004100000000000001
0.000352292417178721 -0.000367251125235807 0.0004100000000000001
0.0002352941176470154 -0.0003660254037844343 0.0004100000000000001
-0.0004103354498124088 -5.918506791903217e-05 0.0004100000000000001
0.0003828354368371863 0.0003985301935546383 0.0004100000000000001
-0.0004429546504052272 -0.0001141637729675496 0.0004100000000000001
0.0003539305006226305 0.0003470705336100447 0.0004100000000000001
0.0003823529411764641 0.0002962293167565993 0.0004100000000000001
0.0003529406492247698 0.0002460917803608047 0.0004100000000000001
0.0004117060851016425 0.0002427583830419905 0.0004100000000000001
0.0003798899776039438 0.0001927428233831561 0.0004100000000000001
0.0004008672603730549 0.000136525874866264 0.0004100000000000001
0.0003443694444854439 0.0001475400613872738 0.0004100000000000001
0.0003625610208717194 9.234822765415835e-05 0.0004100000000000001
0.0003068635793357186 0.0001029679014817024 0.0004100000000000001
0.0003238050836948666 4.838730392394048e-05 0.0004100000000000001
0.0004106983211697064 8.691173234577816e-05 0.0004100000000000001
0.0002660110188565059 6.070657230444895e-05 0.0004100000000000001
0.0002851148112173689 7.991695065142973e-06 0.0004100000000000001
0.0003411907193671341 -5.882431695010057e-06 0.0004100000000000001
0.0002280752437959692 2.048173791797752e-05 0.0004100000000000001
0.000297014335384534 -5.206268202404658e-05 0.0004100000000000001
0.0003629693222510818 -6.057658614858909e-05 0.0004100000000000001
0.0004129387213070571 0.0003489479183097769 0.0004100000000000001
0.0002676402865439999 -0.000111182142141197 0.0004100000000000001
0.0003307963442536819 -0.0001152882341019398 0.0004100000000000001
0.0003577124631055274 -0.0001708441117917044 0.0004100000000000001
0.00039016487681412 -0.0001134137611502341 0.0004100000000000001
0.0004179094231601473 -6.195201084617616e-05 0.0004100000000000001
-0.0001176471048070116 0.000143401330872647 0.0004100000000000001
0.0002058668465219483 -0.0003150916412194 0.0004100000000000001
0.0001470666776739618 -0.0003150781501873892 0.0004100000000000001
0.0001176588063953795 -0.0002641332308712033 0.0004100000000000001
8.823856107035297e-05 -0.0003150808306272892 0.0004100000000000001
0.000117648912339708 -0.0003644454351013306 0.0004100000000000001
6.00462868027452e-05 -0.0003650562920213537 0.0004100000000000001
9.088320389454463e-05 -0.0004102587557819141 0.0004100000000000001
0.0001764703366578537 -0.0003651370726074013 0.0004100000000000001
-0.0003512009146965618 -0.0001612499798007704 0.0004100000000000001
0.0002356207674343465 0.0001466975735597748 0.0004100000000000001
-0.0002938276035162779 -0.0001620872637010659 0.0004100000000000001
-0.0003901344994003219 -0.0002105686122544576 0.0004100000000000001
-0.0003529411764706257 -0.0002641400621627028 0.0004100000000000001
-0.0003817906056787938 -0.0003131938333988011 0.0004100000000000001
-0.0003529411764706294 -0.0003660254037844024 0.0004100000000000001
-0.0004120439305984428 -0.0003624962863228102 0.0004100000000000001
0.0003499111826778803 -0.0004512778878566271 0.0004100000000000001
-0.0004492762419280651 0.0003525620084843642 0.0004100000000000001
-0.0003981511438347873 0.0003234662171003346 0.0004100000000000001
-0.0003986400770628956 0.0002655948693217796 0.0004100000000000001
-0.0003471719875674525 0.0002941176470588229 0.0004100000000000001
-0.0003471780684768661 0.0003529306440265254 0.0004100000000000001
-0.0002965210338694773 0.0003220821799540191 0.0004100000000000001
-0.0002938396281825305 0.0003817056688211236 0.0004100000000000001
-0.000240217669655617 0.0004096499300762874 0.0004100000000000001
-0.0003474161810371875 0.0004108088891482698 0.0004100000000000001
-0.0003984178498796406 0.0003817389878854563 0.0004100000000000001
-0.0004042305160806893 0.000445653067112032 0.0004100000000000001
-2.941040746532342e-05 0.000194343191531715 0.0004100000000000001
2.941205381314874e-05 0.0001943438082187556 0.0004100000000000001
-0.0004490573291891506 -0.0002352941176470587 0.0004100000000000001
-0.0003529411764706 0.000143401304324092 0.0004100000000000001
0.0002352941176470591 -0.0004490573291891511 0.0004100000000000001
-0.0001172290752073517 0.0003469306646141539 0.0004100000000000001
-8.816369829726868e-05 0.000398073322512144 0.0004100000000000001
-0.0004481915983881802 5.945194296858361e-05 0.0004100000000000001
5.882352941176492e-05 0.00044905732918915 0.0004100000000000001
2.941176470588251e-05 0.0003981146583783036 0.0004100000000000001
8.823529411764526e-05 0.0003981146583783028 0.0004100000000000001
0.0001176470588235283 0.000449057329189151 0.0004100000000000001
-2.941364613528086e-05 -9.425621864717678e-06 0.0004100000000000001
2.940378590249315e-05 -9.424950188222873e-06 0.0004100000000000001
-1.397723713440942e-08 -6.037272728257384e-05 0.0004100000000000001
-0.0003823529411764919 -9.42670810845413e-06 0.0004100000000000001
-0.0002352199009330449 -0.0004509998436445805 0.0004100000000000001
-0.000449057329189151 0.0001176470588235298 0.0004100000000000001
0.0004510277950209903 -0.0002356185546759269 0.0004100000000000001
-0.000352924741011025 -0.0004505188777602307 0.0004100000000000001
-0.0001470588244520116 -0.0002131973908192206 0.0004100000000000001
-0.0002646575438032251 -0.0001112841390786453 0.0004100000000000001
0.0004505378249598931 -0.000352447230523002 0.0004100000000000001
0.0003914669705895192 -0.0003204996724331409 0.0004100000000000001
2.941176449384976e-05 -0.000213197391229476 0.0004100000000000001
2.939710120606503e-05 -0.0001113164301262878 0.0004100000000000001
-0.0002941176470588646 -0.0003660254037844054 0.0004100000000000001
-0.0002058823536364584 -0.0002131973909504594 0.0004100000000000001
-0.0002058735938723359 9.245357646247188e-05 0.0004100000000000001
0.0001470583503394823 0.0002962295899529396 0.0004100000000000001
-0.0001750450336000257 -0.000363631241405259 0.0004100000000000001
5.881646775964e-05 0.0001434053813708157 0.0004100000000000001
-2.937782296245526e-05 -0.0003147999886885989 0.0004100000000000001
-5.882624449997332e-05 -6.036971438323768e-05 0.0004100000000000001
-0.0001764661518083997 0.0001433987429518125 0.0004100000000000001
-0.0002058743068118763 -0.0001113073920107259 0.0004100000000000001
-1.235990476633475e-17 0.0001434013043240721 0.0004100000000000001
0.000294120793740792 0.0002466458494384013 0.0004100000000000001
-8.822650140868622e-05 0.0001943388986620347 0.0004100000000000001
-0.0004493480944813257 0.0002354422821418653 0.0004100000000000001
-0.000176469207574567 4.151516557752977e-05 0.0004100000000000001
-0.000147010686094578 0.000194316182973964 0.0004100000000000001
-0.00023523638026224 -0.0001622213826293763 0.0004100000000000001
-0.0002352859975949762 4.151127458811986e-05 0.0004100000000000001
0.0001471489388930247 -0.0002131434144874363 0.0004100000000000001
-2.941549980277222e-05 -0.0001113130084516284 0.0004100000000000001
8.811386143605803e-05 -0.0001113691956944271 0.0004100000000000001
-0.0003900647104349561 0.0002004290109731203 0.0004100000000000001
-0.0003235294117647145 0.0001943439751349387 0.0004100000000000001
8.823413351002147e-05 0.0001943446452120348 0.0004100000000000001
5.882352941175711e-05 0.0002452866459457678 0.0004100000000000001
8.823556046711107e-05 0.0002962291629796739 0.0004100000000000001
8.823529411761328e-05 -0.0002131973913518769 0.0004100000000000001
5.87915282109048e-05 -0.000162269636895001 0.0004100000000000001
5.882603177914377e-05 -0.0002641386065256173 0.0004100000000000001
0.0002352918918797346 0.0004490586142365151 0.0004100000000000001
2.962217609692782e-05 -0.0003148735306245943 0.0004100000000000001
1.500364176501546e-06 -0.0003632147953662586 0.0004100000000000001
0.0002058787804357765 0.0003981167209652558 0.0004100000000000001
0.0001470580560843023 0.0003981151014629427 0.0004100000000000001
0.0001176467244150572 0.0003471721806382762 0.0004100000000000001
5.882387587233457e-05 0.0003471717875383534 0.0004100000000000001
4.153810449899695e-09 0.0003471695893638798 0.0004100000000000001
-2.939720788306148e-05 0.0003981062539927359 0.0004100000000000001
-0.000118896024399046 0.0004481824420753482 0.0004100000000000001
-5.901733156715022e-05 0.0004489032246282299 0.0004100000000000001
-0.0001470588235294112 0.0003981146583783134 0.0004100000000000001
0.0003904074868532252 3.543482753090967e-05 0.0004100000000000001
0.0004479234292966746 -0.0001159235664018665 0.0004100000000000001
0.0001742260059955519 3.756511391554283e-05 0.0004100000000000001
0.0004050715059575371 -0.0002051009966099823 0.0004100000000000001
0.0004092921023016895 0.0004509186279811597 0.0004100000000000001
0.0004532665161046808 -0.0004097859924995573 0.0004100000000000001
-0.0004494500065871502 -0.0004099906416575094 0.0004100000000000001
0.0003222384923472404 0.0001978058738065572 0.0004100000000000001
0.0003183710181359082 -0.0002161755913020428 0.0004100000000000001
0.0004041017177916402 -0.0003822738599425241 0.0004100000000000001
-0.000350699283327789 0.0002412783697451029 0.0004100000000000001
0.0004535002031082231 0.0001215193900832589 0.0004100000000000001
-0.0004062684247495553 0.0001461454917346309 0.0004100000000000001
0.0004035336281562171 -0.0002609210064593739 0.0004100000000000001
-0.0004048055693160727 -0.0002649136614370143 0.0004100000000000001
0.0003914927841221315 -1.999942562439384e-05 0.0004100000000000001
-5.796932801913708e-05 -0.0004552750809227474 0.0004100000000000001
0.0001180883771196712 -0.0004542235814592439 0.0004100000000000001
-0.0001460252156029531 -0.0004097257274488831 0.0004100000000000001
3.071423792311138e-05 -0.0004099828413692312 0.0004100000000000001
-0.0002536720073039845 0.0002930185890555584 0.0004100000000000001
-0.0003837305631513431 -0.0004084732374430294 0.0004100000000000001
-0.0003237562761839378 -0.0004079402697413355 0.0004100000000000001
-0.000264705882352941 -0.0004075413664867941 0.0004100000000000001
-0.0002053146583024263 -0.0004084952442896573 0.0004100000000000001
0.0002058823529411316 -0.0004075413664867759 0.0004100000000000001
0.0002647058823529113 -0.0004075413664867881 0.0004100000000000001
0.0003227434815947338 -0.0004076908823186769 0.0004100000000000001
-0.0001167400591114198 -0.000454721995305046 0.0004100000000000001
5.996278095331611e-05 -0.0004549678299786425 0.0004100000000000001
-2.791411507277626e-05 -0.0004097377895996536 0.0004100000000000001
0.0001470588235293636 -0.0004074947476291785 0.0004100000000000001
-0.0004033371217730732 3.539272095127598e-05 0.0004100000000000001
-0.0002378301557590115 0.0004599182351461215 0.0004100000000000001
0.0002889683434981294 0.0001495654590804079 0.0004100000000000001
-0.0004022103215151133 -0.0001549477156036689 0.0004100000000000001
-0.0004611126958645946 -0.0003563105592513331 0.0004100000000000001
0.0004602184935352839 0.0002352941176470592 0.0004100000000000001
-0.000352271250608585 0.0004605735976953925 0.0004100000000000001
-0.0004602858079163643 -5.894059581359351e-05 0.0004100000000000001
-0.0001950202842944776 0.0003918434401211984 0.0004100000000000001
0.0004515451450957978 5.578146403493274e-05 0.0004100000000000001
0.0004050488068531534 -0.0001587385565686754 0.0004100000000000001
0.0001986532278710385 -1.599062117928749e-05 0.0004100000000000001
0.000462151146743837 0.0003513755590941317 0.0004100000000000001
0.0004569381877900656 0.0004569381877900656 0.0004100000000000001
0.0004569381877900657 -0.0004569381877900667 0.0004100000000000001
-0.0004569381877900667 0.0004569381877900658 0.0004100000000000001
0.0004650027276018883 -5.882352941176378e-05 0.0004100000000000001
-0.0004572376903202908 -0.0004572376903202908 0.0004100000000000001
0.0002599851285804674 0.0001055205114156674 0.0004100000000000001
0.0003674140330658923 -0.000410404204066136 0.0004100000000000001
0.0002492397946241914 -1.977276992748612e-05 0.0004100000000000001
0.0003639250751672463 -0.000223071460374557 0.0004100000000000001
2 27 0 74
2956
2957
2958
2959
2960
2961
2962
2963
2964
2965
2966
2967
2968
2969
2970
2971
2972
2973
2974
2975
2976
2977
2978
2979
2980
2981
2982
2983
2984
2985
2986
2987
2988
2989
2990
2991
2992
2993
2994
2995
2996
2997
2998
2999
3000
3001
3002
3003
3004
3005
3006
3007
3008
3009
3010
3011
3012
3013
3014
3015
3016
3017
3018
3019
3020
3021
3022
3023
3024
3025
3026
3027
3028
3029
-0.0005 0.0004566987298107782 0.0005350000000000003
-0.0005 -0.0004566987298107782 0.0005350000000000003
-0.0005 -2.473401195362212e-06 0.0004583409563303365
-0.0005 0.0002352941176470591 0.0004609426708108492
-0.0005 0.0001177233064682462 0.0006088687019400468
-0.0005 -0.000294586853044745 0.0004608747407777999
-0.0005 -0.0001764705882352937 0.0006090573291891506
-0.0005 0.0002941899202102082 0.0006091634648359527
-0.0005 -5.959298044912198e-05 0.0006072527702187091
-0.0005 -0.0001176440527840125 0.0004609444063485734
-0.0005 0.00034676838306405 0.0004663999187627282
-0.0005 -0.0003470793723810275 0.0006034577689147709
-0.0005 0.0001176470588235301 0.0004609426708108493
-0.0005 0.0004143368467650578 0.0006082695662260943
-0.0005 -0.0004146297597163264 0.0004615862389331409
-0.0005 0.0003532537364227354 0.0006090994345786618
-0.0005 0.0003212236081143522 0.0005598659143398203
-0.0005 0.0002645887677703805 0.0005596221051410384
-0.0005 0.0002927094181696182 0.0005061171844904474
-0.0005 0.0003795367254154407 0.0005526887336799528
-0.0005 -0.0003536361689922627 0.0004607550843027342
-0.0005 -0.0003219770627298146 0.000509990968862116
-0.0005 -0.0002654340117742999 0.0005118532005189861
-0.0005 -0.0002960038247325828 0.0005622704406995353
-0.0005 -0.0002375256874492728 0.0005633617029397397
-0.0005 -0.0002063283804218674 0.0005109342668095921
-0.0005 -0.0003799075387502286 0.0005170951632079144
-0.0005 -0.0004136538025510181 0.0006083031302489421
-0.0005 0.0004136069263180864 0.0004616363935147882
-0.0005 0.0002353637629994425 0.0006092352310021223
-0.0005 0.0002061693998892404 0.0005593257099387074
-0.0005 0.0001766047994852255 0.0006091714320949166
-0.0005 0.0001473091698604117 0.000559302083444922
-0.0005 8.841134836872562e-05 0.0005591563518237314
-0.0005 0.0001771244157038132 0.0005068202340770553
-0.0005 5.889617007669178e-05 0.0006089888109776511
-0.0005 3.439158816725832e-05 0.0005587102684395165
-0.0005 6.5723671079499e-05 0.0005075402179064225
-0.0005 -5.923526193773825e-05 0.0004605093409870513
-0.0005 -8.830341519872238e-05 0.0005106753022842311
-0.0005 -0.0001470982537747481 0.0005104020144783067
-0.0005 -0.0001176701324517279 0.0005637632210518666
-0.0005 -0.0001764777886973108 0.0004608670354178181
-0.0005 -0.0002355692115387234 0.0004607548739206994
-0.0005 -3.483715842299675e-05 0.0005090951662457583
-0.0005 3.15601291112186e-06 0.0006101099703027248
-0.0005 0.0004593674457565776 0.000486894560916757
-0.0005 -0.0004595614747960595 0.0004868862018198156
-0.0005 0.0004594400498383173 0.0005830897657067239
-0.0005 -0.0004593781158476568 0.0005830953597105318
-0.0005 -0.0003807348204351953 0.0005683589595830924
-0.0005 0.0003804428333758415 0.0005013974805435053
-0.0005 0.0002926014425996749 0.000450691954812805
-0.0005 -0.0002869072201510434 0.0006122051604095919
-0.0005 -0.0001178055637566402 0.0006200146640919453
-0.0005 0.0002351772238360222 0.0005185655808916195
-0.0005 -6.303247737013352e-05 0.0005512988863962074
-0.0005 -0.000177018608466582 0.0005515037068937311
-0.0005 0.0001766013537289984 0.0004497411151397508
-0.0005 0.0001192431327671959 0.0005187523116125961
-0.0005 -0.0002342983462259455 0.0006209248385076965
-0.0005 5.543701313577131e-05 0.0004561741442460722
-0.0005 0.000341483375252054 0.0005167886269657879
-0.0005 -0.0003435101269686317 0.0005524358246221568
-0.0005 0.0004267188922267937 0.0005578096131225545
-0.0005 -1.577858952037125e-05 0.0005623999338584386
-0.0005 -0.0004268793513382617 0.0005121135207921743
-0.0005 0.0004193952588172531 0.000515904463629593
-0.0005 1.636123587198666e-05 0.000507169289944862
-0.0005 -0.0004195420597888564 0.0005539943555904425
-0.0005 0.000462990673438322 0.0006242718663865636
-0.0005 -0.0004630735410201243 0.0004456944881505914
-0.0005 0.0004628301685325797 0.0004457061908863091
-0.0005 -0.000462841677797382 0.0006242796979918949
2 28 0 74
3030
3031
3032
3033
3034
3035
3036
3037
3038
3039
3040
3041
3042
3043
3044
3045
3046
3047
3048
3049
3050
3051
3052
3053
3054
3055
3056
3057
3058
3059
3060
3061
3062
3063
3064
3065
3066
3067
3068
3069
3070
3071
3072
3073
3074
3075
3076
3077
3078
3079
3080
3081
3082
3083
3084
3085
3086
3087
3088
3089
3090
3091
3092
3093
3094
3095
3096
3097
3098
3099
3100
3101
3102
3103
0.0005 0.0004566987298107782 0.0005350000000000003
0.0005 -0.0004566987298107782 0.0005350000000000003
0.0005 0.0002352941176470591 0.0004609426708108492
0.0005 5.489244897741857e-07 0.0004621644461814697
0.0005 0.0001176470588235302 0.0004609426708108493
0.0005 -0.0002941176470588234 0.0004609426708108495
0.0005 -0.0001767932753674888 0.0004615405260136216
0.0005 0.0002941899202102082 0.0006091634648359527
0.0005 5.885785632706551e-05 0.0006089214744655193
0.0005 0.0001765937685293965 0.0006089024955014898
0.0005 -5.630476901222897e-05 0.00061155815489837
0.0005 -0.0002352941176470586 0.0006090573291891506
0.0005 0.00034676838306405 0.0004663999187627282
0.0005 -0.0003470787657989862 0.0006034696717151799
0.0005 0.0004143368467650578 0.0006082695662260943
0.0005 -0.0004146297597163264 0.0004615862389331409
0.0005 0.0003532537364227354 0.0006090994345786618
0.0005 0.0003212236081143522 0.0005598659143398203
0.0005 0.0002645887677703803 0.0005596221051410385
0.0005 0.0002927094181696182 0.0005061171844904474
0.0005 0.0003795367254154407 0.0005526887336799528
0.0005 -0.0003535579679946091 0.0004607664059749091
0.0005 -0.0003218851205535039 0.000510013495746236
0.0005 -0.00026531111442615 0.0005108680545162952
0.0005 -0.0002915056660696349 0.0005654855696659638
0.0005 -0.0003798824985889751 0.0005171007981054139
0.0005 -0.0004136537158964408 0.0006083048306490005
0.0005 0.0004136069263180864 0.0004616363935147882
0.0005 -0.0002356447301628727 0.000461141241000007
0.0005 -0.0002066245130577732 0.000511163495393548
0.0005 -0.0001474655836437429 0.0005123113227601732
0.0005 -0.0001868772666818335 0.0005615333061992282
0.0005 -0.0001317682650354384 0.0005642989532134376
0.0005 -9.552510173350997e-05 0.0005115200206634443
0.0005 0.0002353688529281419 0.0006092688929253671
0.0005 0.0002061163826662486 0.0005594280716714413
0.0005 0.0001473181078262116 0.0005592034509643494
0.0005 0.0001768604519312251 0.0005069459168079776
0.0005 0.0001177637029568104 0.0006090923321018587
0.0005 8.839745962263958e-05 0.0005592682649156889
0.0005 2.948803854156126e-05 0.0005592033334396716
0.0005 5.87400970936795e-05 0.0005067498604638221
0.0005 8.673617379884035e-19 0.0006087307865906246
0.0005 -2.400647810193166e-05 0.0005606579915467228
0.0005 -6.241219818179018e-05 0.0004597754554416245
0.0005 -0.0001195817127622649 0.0004608578874798106
0.0005 0.0004593674457565776 0.000486894560916757
0.0005 -0.0004595614747960595 0.0004868862018198156
0.0005 0.0004594400498383173 0.0005830897657067239
0.0005 -0.0004593781014052272 0.0005830956431105415
0.0005 -0.0003807286461646589 0.0005683639263479262
0.0005 0.0003804428333758415 0.0005013974805435053
0.0005 0.0002926014425996749 0.000450691954812805
0.0005 -0.0002924227687266653 0.000619602514114059
0.0005 0.0002351138276369064 0.0005186111897843508
0.0005 0.0001765485609744807 0.0004497662516859353
0.0005 4.113537564626852e-06 0.0005185602453251338
0.0005 0.0001177926350594572 0.0005186220327925374
0.0005 5.891662784610302e-05 0.0004499713954912283
0.0005 -0.0001137421381420386 0.000614064638061649
0.0005 -0.0002373454524285061 0.0005552122975812196
0.0005 -0.0001741503400917802 0.0006147164097771005
0.0005 0.000341483375252054 0.0005167886269657879
0.0005 -4.3310476200057e-05 0.0005073737182074105
0.0005 -0.0003418714165710658 0.0005529149236404994
0.0005 0.0004267188922267937 0.0005578096131225545
0.0005 -0.0004268743433060111 0.0005121146477716742
0.0005 -7.744287137086744e-05 0.0005615789127651723
0.0005 0.0004193952588172531 0.000515904463629593
0.0005 -0.0004195360058620152 0.0005539966409974261
0.0005 0.000462990673438322 0.0006242718663865636
0.0005 -0.0004630735410201243 0.0004456944881505914
0.0005 0.0004628301685325797 0.0004457061908863091
0.0005 -0.0004628416575779806 0.0006242800947519085
2 29 0 73
3104
3105
3106
3107
3108
3109
3110
3111
3112
3113
3114
3115
3116
3117
3118
3119
3120
3121
3122
3123
3124
3125
3126
3127
3128
3129
3130
3131
3132
3133
3134
3135
3136
3137
3138
3139
3140
3141
3142
3143
3144
3145
3146
3147
3148
3149
3150
3151
3152
3153
3154
3155
3156
3157
3158
3159
3160
3161
3162
3163
3164
3165
3166
3167
3168
3169
3170
3171
3172
3173
3174
3175
3176
0.0004566987298107782 -0.0005 0.0005350000000000003
-0.0004566987298107782 -0.0005 0.0005350000000000003
0.0001765937685293967 -0.0005 0.0004610639804541117
8.673617379884035e-19 -0.0005 0.0004609426708108493
0.0002941899202102083 -0.0005 0.0004608365351640477
-0.0002945886306756392 -0.0005 0.0004608764145055962
-0.0001764705882352937 -0.0005 0.0006090573291891506
5.882352941176546e-05 -0.0005 0.0006090573291891509
0.0002352941176470591 -0.0005 0.000609057329189151
-5.882352941176383e-05 -0.0005 0.0006090573291891507
-0.0001176470588235287 -0.0005 0.0004609426708108495
0.0003467683830640502 -0.0005 0.0006036000812372718
-0.0003469942318045614 -0.0005 0.0006034333411644921
0.0004143368467650576 -0.0005 0.000461730433773906
-0.0004146319441290379 -0.0005 0.0004614793066612149
0.0003532537364227355 -0.0005 0.0004609005654213385
0.0003212236081143525 -0.0005 0.0005101340856601799
0.0002645887677703809 -0.0005 0.0005103778948589621
0.0002927094181696189 -0.0005 0.0005638828155095529
0.0003795367254154408 -0.0005 0.0005173112663200473
-0.0003536378736793275 -0.0005 0.0004606120068012749
-0.0003219689794592742 -0.0005 0.0005098345892297217
-0.0002654362583635274 -0.0005 0.0005118297211626884
-0.000296007871120215 -0.0005 0.0005622665969693062
-0.0002375303354425665 -0.0005 0.0005633617219456756
-0.0002063339818711227 -0.0005 0.0005109312550235135
-0.0003798965032331448 -0.0005 0.0005169715284145122
-0.0004136390714053415 -0.0005 0.0006082402776734122
0.0004136069263180862 -0.0005 0.0006083636064852119
0.0002353688529281419 -0.0005 0.0004607255197339003
0.0002061163826662488 -0.0005 0.0005105654097643706
0.0001472943014310027 -0.0005 0.0005118795798342873
0.0001865253328467735 -0.0005 0.0005611114612961597
0.0001180315342802665 -0.0005 0.0005631558890777784
8.831418665697301e-05 -0.0005 0.0005108491390321311
-5.882352941176383e-05 -0.0005 0.0004609426708108494
-2.941176470588143e-05 -0.0005 0.0005107507057406908
2.940048044204157e-05 -0.0005 0.0005103962946520551
1.192622389734055e-18 -0.0005 0.0005628280124325477
-8.823529411764613e-05 -0.0005 0.0005105581222214764
-0.0001470912916466664 -0.0005 0.0005103799661483782
-0.0001176470588235284 -0.0005 0.0005628071471982675
-0.0001764705882352937 -0.0005 0.0004609426708108496
-0.00023556961573995 -0.0005 0.0004607633435837747
5.88292784147827e-05 -0.0005 0.000460746995929289
0.0001177209421132023 -0.0005 0.0004607566158749699
0.000459440049838317 -0.0005 0.0004869102342932765
-0.0004595633366158797 -0.0005 0.0004868683797744946
0.0004593674457565775 -0.0005 0.0005831054390832433
-0.0004593770995141612 -0.0005 0.0005830848842812769
-0.0003807015529139382 -0.0005 0.0005683080737853293
0.0003804428333758415 -0.0005 0.0005686025194564947
0.0002926014425996751 -0.0005 0.0006193080451871952
-0.0002868981194134791 -0.0005 0.0006122011644975507
-0.0001176470588235286 -0.0005 0.0006201843611153138
0.0002370468038200163 -0.0005 0.0005509989821236393
9.75781955236954e-19 -0.0005 0.0006201885341621699
-5.882352941176372e-05 -0.0005 0.0005512002633564267
-0.0001770146512038355 -0.0005 0.0005513074839009971
5.891394615820957e-05 -0.0005 0.0005512573328767327
0.0001684065366780363 -0.0005 0.000611561344833071
0.0001161111436034256 -0.0005 0.0006207549126200001
-0.0002342974556770913 -0.0005 0.0006209240431264754
0.0003414833752520543 -0.0005 0.0005532113730342117
0.0004267188922267935 -0.0005 0.0005121903868774459
-0.0003434727544655975 -0.0005 0.0005523720818445459
-0.0004268796801102919 -0.0005 0.0005120638429700445
0.0004193952588172528 -0.0005 0.0005540955363704072
-0.0004195321061646093 -0.0005 0.0005539447678540959
0.000462990673438322 -0.0005 0.0004457281336134366
-0.0004630743502666306 -0.0005 0.000445669537287142
-0.0004628385283015476 -0.0005 0.0006242650323909378
0.0004628301685325797 -0.0005 0.0006242938091136911
2 30 0 73
3177
3178
3179
3180
3181
3182
3183
3184
3185
3186
3187
3188
3189
3190
3191
3192
3193
3194
3195
3196
3197
3198
3199
3200
3201
3202
3203
3204
3205
3206
3207
3208
3209
3210
3211
3212
3213
3214
3215
3216
3217
3218
3219
3220
3221
3222
3223
3224
3225
3226
3227
3228
3229
3230
3231
3232
3233
3234
3235
3236
3237
3238
3239
3240
3241
3242
3243
3244
3245
3246
3247
3248
3249
0.0004566987298107782 0.0005 0.0005350000000000003
-0.0004566987298107782 0.0005 0.0005350000000000003
8.673617379884035e-19 0.0005 0.000609057329189151
0.0001765937685293967 0.0005 0.0004610975044985108
0.0002941899202102083 0.0005 0.0004608365351640477
-0.0002945886306756392 0.0005 0.0004607885023449285
-0.0001764705882352937 0.0005 0.0006090573291891506
5.885785632706551e-05 0.0005 0.0004610785255344811
0.0002352941176470591 0.0005 0.000609057329189151
0.0001176470588235301 0.0005 0.0006090573291891509
-5.88149910316797e-05 0.0005 0.0004610028429818813
0.0003467683830640502 0.0005 0.0006036000812372718
-0.0003469956810601084 0.0005 0.0006034046008118117
-0.0001764705882352937 0.0005 0.0004609426708108496
0.0004143368467650576 0.0005 0.000461730433773906
-0.0004146319441290379 0.0005 0.0004614793066612149
0.0003532537364227355 0.0005 0.0004609005654213385
0.0003212236081143525 0.0005 0.0005101340856601799
0.0002645887677703809 0.0005 0.0005103778948589621
0.0002927094181696189 0.0005 0.0005638828155095529
0.0003795367254154408 0.0005 0.0005173112663200473
-0.0003536378736793275 0.0005 0.000460597354774497
-0.0003219706702574124 0.0005 0.0005097949949430485
-0.0002655016292690012 0.0005 0.0005117006249763434
-0.0002960057096297481 0.0005 0.0005621450961943587
-0.0002377169826867604 0.0005 0.0005632493389392296
-0.000206871754029871 0.0005 0.0005110206230266456
-0.0003798985028156355 0.0005 0.0005169618502614984
-0.0004136392784418482 0.0005 0.0006082361719087435
0.0004136069263180862 0.0005 0.0006083636064852119
0.0002353688529281419 0.0005 0.0004607311070746335
0.0002061163826662488 0.0005 0.0005105719283285592
0.0001473181078262116 0.0005 0.0005107965490356512
0.0001768604519312243 0.0005 0.0005630540831920234
0.0001177637029568105 0.0005 0.0004609076678981418
8.83974596226399e-05 0.0005 0.0005107317350843115
2.948803854156126e-05 0.0005 0.0005107966665603287
5.874009709367961e-05 0.0005 0.0005632501395361786
3.994778287786001e-08 0.0005 0.0004608599314734385
-2.93771704013151e-05 0.0005 0.000510651622172782
-8.821526579414071e-05 0.0005 0.0005120136129846839
-5.898478725217262e-05 0.0005 0.000563067847002674
-0.000127927484407708 0.0005 0.0005615494007589052
-0.0001179020525784333 0.0005 0.0004611179341895866
-0.000235670139583987 0.0005 0.0004607420701931279
-0.0001491694997706885 0.0005 0.0005105306993388614
0.000459440049838317 0.0005 0.0004869102342932765
-0.0004595633366158797 0.0005 0.0004868683797744946
0.0004593674457565775 0.0005 0.0005831054390832433
-0.0004593771340202457 0.0005 0.0005830841999871654
-0.0003807047453447063 0.0005 0.0005682968687797276
0.0003804428333758415 0.0005 0.0005686025194564947
-0.0002869202545336308 0.0005 0.0006121431510736001
0.0002926014425996751 0.0005 0.0006193080451871952
-0.0001095834178256661 0.0005 0.0006116117529688418
0.0002351138276369065 0.0005 0.0005513888102156498
-0.0002343392121499604 0.0005 0.0006208899638403961
-5.724305278027316e-05 0.0005 0.0006207473858321334
0.0001765485609744805 0.0005 0.0006202337483140651
-2.676440364918643e-08 0.0005 0.0005513647208922229
0.0001177926350594571 0.0005 0.0005513779672074631
5.880684294814835e-05 0.0005 0.0006202729595828962
-0.0001796312618260643 0.0005 0.0005510814782505584
0.0003414833752520543 0.0005 0.0005532113730342117
0.0004267188922267935 0.0005 0.0005121903868774459
-0.0003434771520563217 0.0005 0.0005523381218319447
-0.00042688008002679 0.0005 0.0005120619073394417
0.0004193952588172528 0.0005 0.0005540955363704072
-0.0004195330784100006 0.0005 0.0005539401663794295
0.000462990673438322 0.0005 0.0004457281336134366
-0.0004630743502666306 0.0005 0.000445669537287142
-0.0004628385766100658 0.0005 0.0006242640743791819
0.0004628301685325797 0.0005 0.0006242938091136911
2 31 0 313
3250
3251
3252
3253
3254
3255
3256
3257
3258
3259
3260
3261
3262
3263
3264
3265
3266
3267
3268
3269
3270
3271
3272
3273
3274
3275
3276
3277
3278
3279
3280
3281
3282
3283
3284
3285
3286
3287
3288
3289
3290
3291
3292
3293
3294
3295
3296
3297
3298
3299
3300
3301
3302
3303
3304
3305
3306
3307
3308
3309
3310
3311
3312
3313
3314
3315
3316
3317
3318
3319
3320
3321
3322
3323
3324
3325
3326
3327
3328
3329
3330
3331
3332
3333
3334
3335
3336
3337
3338
3339
3340
3341
3342
3343
3344
3345
3346
3347
3348
3349
3350
3351
3352
3353
3354
3355
3356
3357
3358
3359
3360
3361
3362
3363
3364
3365
3366
3367
3368
3369
3370
3371
3372
3373
3374
3375
3376
3377
3378
3379
3380
3381
3382
3383
3384
3385
3386
3387
3388
3389
3390
3391
3392
3393
3394
3395
3396
3397
3398
3399
3400
3401
3402
3403
3404
3405
3406
3407
3408
3409
3410
3411
3412
3413
3414
3415
3416
3417
3418
3419
3420
3421
3422
3423
3424
3425
3426
3427
3428
3429
3430
3431
3432
3433
3434
3435
3436
3437
3438
3439
3440
3441
3442
3443
3444
3445
3446
3447
3448
3449
3450
3451
3452
3453
3454
3455
3456
3457
3458
3459
3460
3461
3462
3463
3464
3465
3466
3467
3468
3469
3470
3471
3472
3473
3474
3475
3476
3477
3478
3479
3480
3481
3482
3483
3484
3485
3486
3487
3488
3489
3490
3491
3492
3493
3494
3495
3496
3497
3498
3499
3500
3501
3502
3503
3504
3505
3506
3507
3508
3509
3510
3511
3512
3513
3514
3515
3516
3517
3518
3519
3520
3521
3522
3523
3524
3525
3526
3527
3528
3529
3530
3531
3532
3533
3534
3535
3536
3537
3538
3539
3540
3541
3542
3543
3544
3545
3546
3547
3548
3549
3550
3551
3552
3553
3554
3555
3556
3557
3558
3559
3560
3561
3562
2.49366499671666e-18 0.0004490573291891518 0.0006600000000000001
2.443807959038626e-06 -0.0004553418012614659 0.0006600000000000001
-0.0004439100493150786 -4.727898381813003e-06 0.0006600000000000001
0.0004449869689790683 -7.020926963103875e-06 0.0006600000000000001
-0.0004459002547555177 -0.0001783053696665122 0.0006600000000000001
-0.0001840359775087852 0.0004438493423724759 0.0006600000000000001
0.0004506839158122073 -0.0001784172104085041 0.0006600000000000001
0.0004443366493529829 0.0001836551065100442 0.0006600000000000001
0.0001764705882352933 0.0004490573291891513 0.0006600000000000001
-0.0004502765022576048 0.0001764705882352944 0.0006600000000000001
0.0001764705882352945 -0.0004490573291891509 0.0006600000000000001
-0.0001755977996784926 -0.0004530478829680188 0.0006600000000000001
-0.0002943088963365383 0.000446091903281844 0.0006600000000000001
0.0004502878230171529 -0.0002941176470588231 0.0006600000000000001
0.0002941176470588227 0.000449057329189151 0.0006600000000000001
-0.0004440695421373802 -0.0003031835153351695 0.0006600000000000001
-0.0004490573291891508 0.0002941176470588233 0.0006600000000000001
0.0002941176470588234 -0.0004490573291891509 0.0006600000000000001
-0.0002941176470588234 -0.0004490573291891506 0.0006600000000000001
0.0004478941462702162 0.0002948681708735179 0.0006600000000000001
0.000447013446242106 0.0004040481185932727 0.0006600000000000001
-0.0004503708056226366 0.0004094896979650105 0.0006600000000000001
0.0004080213660864859 -0.0004435272649770448 0.0006600000000000001
-0.0004490573291891506 -0.0004117647058823529 0.0006600000000000001
0.0003524604107286592 0.0004493348994196695 0.0006600000000000001
0.0003234492841410492 0.000398160920083388 0.0006600000000000001
0.0002646925277489969 0.0003981223686624839 0.0006600000000000001
0.0002941020666875532 0.0003471809828989978 0.0006600000000000001
0.000235289295151187 0.000347174771836743 0.0006600000000000001
0.0002647024818750788 0.0002962312800234104 0.0006600000000000001
0.0002058809824455494 0.0002962301080126231 0.0006600000000000001
0.0002352933224848035 0.0002452871050328939 0.0006600000000000001
0.0001764702272923073 0.0002452868543362854 0.0006600000000000001
0.0002058821602569608 0.0001943440863811865 0.0006600000000000001
0.0001470587312582036 0.0001943440284077128 0.0006600000000000001
0.0001764705407427132 0.0001434013317439081 0.0006600000000000001
0.000117647035529555 0.0001434013177728391 0.0006600000000000001
0.0001468458029788701 9.258162098540275e-05 0.0006600000000000001
8.819978681021633e-05 9.247913366671108e-05 0.0006600000000000001
0.000117392628761083 4.166285796739877e-05 0.0006600000000000001
5.877520651677184e-05 4.154386193879064e-05 0.0006600000000000001
2.940463628729587e-05 9.246274910760122e-05 0.0006600000000000001
-9.241885609665573e-09 4.152129850750646e-05 0.0006600000000000001
8.818483529139144e-05 -9.397575691572286e-06 0.0006600000000000001
-2.941275901494598e-05 9.24592075778202e-05 0.0006600000000000001
-5.882523544422329e-05 4.151694768066464e-05 0.0006600000000000001
-8.823561558688744e-05 9.245881911357071e-05 0.0006600000000000001
-0.000117647396740492 4.151615779881841e-05 0.0006600000000000001
-8.823563477589925e-05 -9.426511429350137e-06 0.0006600000000000001
0.0001447479204760737 -1.045627139290321e-05 0.0006600000000000001
0.0001172534985102462 -6.053611739724999e-05 0.0006600000000000001
-0.0001470589366252956 -9.426642812541139e-06 0.0006600000000000001
-0.000117647134449236 -6.036933525681076e-05 0.0006600000000000001
-0.0001470588235294274 9.24586335132306e-05 0.0006600000000000001
-5.882374870815597e-05 0.0001434014309348983 0.0006600000000000001
0.0001739727648550713 -6.175064443855207e-05 0.0006600000000000001
0.0001465769262471413 -0.0001115700503963716 0.0006600000000000001
-0.0001764706196889093 -6.036936075957619e-05 0.0006600000000000001
-0.0001470588413759847 -0.0001113120394264583 0.0006600000000000001
0.0002123748925993339 8.638577887363943e-05 0.0006600000000000001
-8.823530969637904e-05 -0.0001113120407358003 0.0006600000000000001
-0.0001176470602737041 -0.0001622547197037757 0.0006600000000000001
-0.0001764705914514394 -0.0001622547186841888 0.0006600000000000001
-5.882353224993667e-05 -0.0001622547189024186 0.0006600000000000001
-8.823529483239459e-05 -0.0002131973909392274 0.0006600000000000001
-2.941176529805824e-05 -0.0002131973910099974 0.0006600000000000001
-0.0002058823770327734 -9.426694199186946e-06 0.0006600000000000001
0.0001176469832878252 0.0002452866895563178 0.0006600000000000001
0.0002072428652800575 -0.0001105130448415537 0.0006600000000000001
0.0001766170240780408 -0.0001621645531706262 0.0006600000000000001
-0.0002352941269046108 -6.036937357447583e-05 0.0006600000000000001
0.0002374024081266246 -0.0001610343092449972 0.0006600000000000001
0.0002062581406615379 -0.0002129789615741432 0.0006600000000000001
0.0002337856819061639 -6.07451852731078e-05 0.0006600000000000001
0.0002642601631147783 -0.0002134539511646164 0.0006600000000000001
-5.882352946849829e-05 -0.0002641400621299844 0.0006600000000000001
-1.08176163339524e-13 -0.0002641400621002869 0.0006600000000000001
-0.000117647058952134 -0.0002641400620884865 0.0006600000000000001
0.0002352941176470214 -0.0002641400621627353 0.0006600000000000001
-0.0002647058879111464 -9.426704899442298e-06 0.0006600000000000001
0.0002647326488055602 0.0001968608328314724 0.0006600000000000001
-0.000294117649528133 -6.036937749366605e-05 0.0006600000000000001
0.0001765332195219892 -0.0002641036571997749 0.0006600000000000001
-8.82352941485634e-05 -0.0003150827329557393 0.0006600000000000001
0.0002968718562532556 -0.0001646268702560646 0.0006600000000000001
0.0002931836282476373 -0.0002646791887898856 0.0006600000000000001
-0.0001470588235560247 -0.0003150827329582208 0.0006600000000000001
5.874952622182466e-05 -6.039231326283032e-05 0.0006600000000000001
0.0001175911485835879 -0.0001622826927569933 0.0006600000000000001
0.0002645502125510422 -0.0003151725874114445 0.0006600000000000001
0.0003259747498628091 -0.0003165953429496094 0.0006600000000000001
0.0003235262482898457 0.0002962311431896609 0.0006600000000000001
-0.0003235294131026386 -9.426707336014075e-06 0.0006600000000000001
-0.0002941176482081911 4.151596336596675e-05 0.0006600000000000001
-0.0003529411771051452 -6.036937855295743e-05 0.0006600000000000001
-0.000323529412282036 -0.0001113120494314911 0.0006600000000000001
-0.0001764705882611873 -0.0002641400621477839 0.0006600000000000001
-0.0002058823529499537 -0.0003150827329685153 0.0006600000000000001
-0.0002352941176528607 -0.0002641400621593806 0.0006600000000000001
-0.0002647058823553972 -0.0003150827329721618 0.0006600000000000001
-0.0002941176470602236 -0.000264140062161919 0.0006600000000000001
-0.0003235294117653751 -0.0003150827329731906 0.0006600000000000001
-0.0002647058823541626 -0.0002131973913511723 0.0006600000000000001
-0.0003235294117648499 -0.0002131973913517916 0.0006600000000000001
-5.717442578406784e-13 -0.0001622547202109445 0.0006600000000000001
0.0001764695560700421 0.00034717258348834 0.0006600000000000001
-0.000351551158669087 4.071343555050761e-05 0.0006600000000000001
-0.0003232977423226926 9.232487909852267e-05 0.0006600000000000001
-0.0002646672709708434 9.243634122138036e-05 0.0006600000000000001
-0.000294072600254812 0.000143375296539659 0.0006600000000000001
-0.0002352801746160483 0.0001433932543113703 0.0006600000000000001
-0.000264696050713776 0.0001943382988354116 0.0006600000000000001
-0.0002058783904961531 0.0001943416874162259 0.0006600000000000001
-0.0002339400713082559 0.0002445048869275762 0.0006600000000000001
-0.0001762442534379938 0.0002451559714896276 0.0006600000000000001
-0.0002960643215333752 0.0002547245972159339 0.0006600000000000001
-0.0002042672087603859 0.0002952968128290689 0.0006600000000000001
-0.0001467519103663988 0.0002960521203593417 0.0006600000000000001
-0.000117601714609223 0.0002452604664514365 0.0006600000000000001
-8.817658455476275e-05 0.0002961954207746864 0.0006600000000000001
-5.881720933298136e-05 0.0002452829970465823 0.0006600000000000001
-2.940092643227341e-05 0.0002962230592764312 0.0006600000000000001
2.042660993259102e-09 0.0002452854666148916 0.0006600000000000001
2.941391152831295e-05 0.000296228077288104 0.0006600000000000001
-5.88119381056816e-05 0.0003471652953237804 0.0006600000000000001
0.0003515766399700995 -0.0002661066189692793 0.0006600000000000001
-0.0003906798613165284 9.095283272755579e-05 0.0006600000000000001
-0.0002352941176470999 -0.0003660254037844083 0.0006600000000000001
-0.0001164251548536171 -0.0003653199371873812 0.0006600000000000001
-5.861987875529367e-05 -0.0003643289381875916 0.0006600000000000001
-0.0001743399005702107 0.0003459418344704799 0.0006600000000000001
-0.0002375674010484282 0.0003484844683511931 0.0006600000000000001
-0.000380861288317938 -0.000110450843329055 0.0006600000000000001
-8.555389372087805e-05 -0.0004102832804906267 0.0006600000000000001
0.0002941176470587797 -0.0003660254037844374 0.0006600000000000001
0.000352292417178721 -0.000367251125235807 0.0006600000000000001
0.0002352941176470154 -0.0003660254037844343 0.0006600000000000001
-0.0004103354498124088 -5.918506791903217e-05 0.0006600000000000001
0.0003828354368371863 0.0003985301935546383 0.0006600000000000001
-0.0004429546504052272 -0.0001141637729675496 0.0006600000000000001
0.0003539305006226305 0.0003470705336100447 0.0006600000000000001
0.0003823529411764641 0.0002962293167565993 0.0006600000000000001
0.0003529406492247698 0.0002460917803608047 0.0006600000000000001
0.0004117060851016425 0.0002427583830419905 0.0006600000000000001
0.0003798899776039438 0.0001927428233831561 0.0006600000000000001
0.0004008672603730549 0.000136525874866264 0.0006600000000000001
0.0003443694444854439 0.0001475400613872738 0.0006600000000000001
0.0003625610208717194 9.234822765415835e-05 0.0006600000000000001
0.0003068635793357186 0.0001029679014817024 0.0006600000000000001
0.0003238050836948666 4.838730392394048e-05 0.0006600000000000001
0.0004106983211697064 8.691173234577816e-05 0.0006600000000000001
0.0002660110188565059 6.070657230444895e-05 0.0006600000000000001
0.0002851148112173689 7.991695065142973e-06 0.0006600000000000001
0.0003411907193671341 -5.882431695010057e-06 0.0006600000000000001
0.0002280752437959692 2.048173791797752e-05 0.0006600000000000001
0.000297014335384534 -5.206268202404658e-05 0.0006600000000000001
0.0003629693222510818 -6.057658614858909e-05 0.0006600000000000001
0.0004129387213070571 0.0003489479183097769 0.0006600000000000001
0.0002676402865439999 -0.000111182142141197 0.0006600000000000001
0.0003307963442536819 -0.0001152882341019398 0.0006600000000000001
0.0003577124631055274 -0.0001708441117917044 0.0006600000000000001
0.00039016487681412 -0.0001134137611502341 0.0006600000000000001
0.0004179094231601473 -6.195201084617616e-05 0.0006600000000000001
-0.0001176471048070116 0.000143401330872647 0.0006600000000000001
0.0002058668465219483 -0.0003150916412194 0.0006600000000000001
0.0001470666776739618 -0.0003150781501873892 0.0006600000000000001
0.0001176588063953795 -0.0002641332308712033 0.0006600000000000001
8.823856107035297e-05 -0.0003150808306272892 0.0006600000000000001
0.000117648912339708 -0.0003644454351013306 0.0006600000000000001
6.00462868027452e-05 -0.0003650562920213537 0.0006600000000000001
9.088320389454463e-05 -0.0004102587557819141 0.0006600000000000001
0.0001764703366578537 -0.0003651370726074013 0.0006600000000000001
-0.0003512009146965618 -0.0001612499798007704 0.0006600000000000001
0.0002356207674343465 0.0001466975735597748 0.0006600000000000001
-0.0002938276035162779 -0.0001620872637010659 0.0006600000000000001
-0.0003901344994003219 -0.0002105686122544576 0.0006600000000000001
-0.0003529411764706257 -0.0002641400621627028 0.0006600000000000001
-0.0003817906056787939 -0.0003131938333988011 0.0006600000000000001
-0.0003528474538877818 -0.0003641316993608691 0.0006600000000000001
-0.0004116553449061449 -0.0003603638341738386 0.0006600000000000001
-0.0003835765504989672 -0.0004084288943883815 0.0006600000000000001
0.0003499111826778803 -0.0004512778878566271 0.0006600000000000001
-0.0004492762419280651 0.0003525620084843642 0.0006600000000000001
-0.0003981511438347873 0.0003234662171003346 0.0006600000000000001
-0.0003986400770628956 0.0002655948693217796 0.0006600000000000001
-0.0003471719875674525 0.0002941176470588229 0.0006600000000000001
-0.0003471780684768661 0.0003529306440265254 0.0006600000000000001
-0.0002965210338694773 0.0003220821799540191 0.0006600000000000001
-0.0002938396281825305 0.0003817056688211236 0.0006600000000000001
-0.000240217669655617 0.0004096499300762874 0.0006600000000000001
-0.0003474161810371875 0.0004108088891482698 0.0006600000000000001
-0.0003984178498796406 0.0003817389878854563 0.0006600000000000001
-0.0004042305160806893 0.000445653067112032 0.0006600000000000001
-2.941040746532342e-05 0.000194343191531715 0.0006600000000000001
2.941205381314874e-05 0.0001943438082187556 0.0006600000000000001
-0.0004490573291891506 -0.0002352941176470587 0.0006600000000000001
-0.0003529411764706 0.000143401304324092 0.0006600000000000001
0.0002352941176470591 -0.0004490573291891511 0.0006600000000000001
-0.0001172290752073517 0.0003469306646141539 0.0006600000000000001
-8.816369829726868e-05 0.000398073322512144 0.0006600000000000001
-0.0004481915983881802 5.945194296858361e-05 0.0006600000000000001
5.882352941176492e-05 0.00044905732918915 0.0006600000000000001
2.941176470588251e-05 0.0003981146583783036 0.0006600000000000001
8.823529411764526e-05 0.0003981146583783028 0.0006600000000000001
0.0001176470588235283 0.000449057329189151 0.0006600000000000001
-2.941364613528086e-05 -9.425621864717678e-06 0.0006600000000000001
2.940378590249315e-05 -9.424950188222873e-06 0.0006600000000000001
-1.397723713440942e-08 -6.037272728257384e-05 0.0006600000000000001
-0.0003823529411764919 -9.42670810845413e-06 0.0006600000000000001
-0.0002352199009330449 -0.0004509998436445805 0.0006600000000000001
-0.000449057329189151 0.0001176470588235298 0.0006600000000000001
0.0004510277950209903 -0.0002356185546759269 0.0006600000000000001
-0.0001470588244520116 -0.0002131973908192206 0.0006600000000000001
-0.0002646575438032251 -0.0001112841390786453 0.0006600000000000001
0.0004505378249598931 -0.000352447230523002 0.0006600000000000001
0.0003914669705895192 -0.0003204996724331409 0.0006600000000000001
2.941176449384976e-05 -0.000213197391229476 0.0006600000000000001
2.939710120606503e-05 -0.0001113164301262878 0.0006600000000000001
-0.0002941135809327781 -0.0003651232736172944 0.0006600000000000001
-0.0002058823536364584 -0.0002131973909504594 0.0006600000000000001
-0.0002058735938723359 9.245357646247188e-05 0.0006600000000000001
0.0001470583503394823 0.0002962295899529396 0.0006600000000000001
-0.0001750450336000257 -0.000363631241405259 0.0006600000000000001
5.881646775964e-05 0.0001434053813708157 0.0006600000000000001
-2.937782296245526e-05 -0.0003147999886885989 0.0006600000000000001
-5.882624449997332e-05 -6.036971438323768e-05 0.0006600000000000001
-0.0001764661518083997 0.0001433987429518125 0.0006600000000000001
-0.0002058743068118763 -0.0001113073920107259 0.0006600000000000001
-1.235990476633475e-17 0.0001434013043240721 0.0006600000000000001
0.000294120793740792 0.0002466458494384013 0.0006600000000000001
-8.822650140868622e-05 0.0001943388986620347 0.0006600000000000001
-0.0004493480944813257 0.0002354422821418653 0.0006600000000000001
-0.000176469207574567 4.151516557752977e-05 0.0006600000000000001
-0.000147010686094578 0.000194316182973964 0.0006600000000000001
-0.00023523638026224 -0.0001622213826293763 0.0006600000000000001
-0.0002352859975949762 4.151127458811986e-05 0.0006600000000000001
0.0001471489388930247 -0.0002131434144874363 0.0006600000000000001
-2.941549980277222e-05 -0.0001113130084516284 0.0006600000000000001
8.811386143605803e-05 -0.0001113691956944271 0.0006600000000000001
-0.0003900647104349561 0.0002004290109731203 0.0006600000000000001
-0.0003235294117647145 0.0001943439751349387 0.0006600000000000001
8.823413351002147e-05 0.0001943446452120348 0.0006600000000000001
5.882352941175711e-05 0.0002452866459457678 0.0006600000000000001
8.823556046711107e-05 0.0002962291629796739 0.0006600000000000001
8.823529411761328e-05 -0.0002131973913518769 0.0006600000000000001
5.87915282109048e-05 -0.000162269636895001 0.0006600000000000001
5.882603177914377e-05 -0.0002641386065256173 0.0006600000000000001
0.0002352918918797346 0.0004490586142365151 0.0006600000000000001
2.962217609692782e-05 -0.0003148735306245943 0.0006600000000000001
1.500364176501546e-06 -0.0003632147953662586 0.0006600000000000001
0.0002058787804357765 0.0003981167209652558 0.0006600000000000001
0.0001470580560843023 0.0003981151014629427 0.0006600000000000001
0.0001176467244150572 0.0003471721806382762 0.0006600000000000001
5.882387587233457e-05 0.0003471717875383534 0.0006600000000000001
4.153810449899695e-09 0.0003471695893638798 0.0006600000000000001
-2.939720788306148e-05 0.0003981062539927359 0.0006600000000000001
-0.000118896024399046 0.0004481824420753482 0.0006600000000000001
-5.901733156715022e-05 0.0004489032246282299 0.0006600000000000001
-0.0001470588235294112 0.0003981146583783134 0.0006600000000000001
0.0003904074868532252 3.543482753090967e-05 0.0006600000000000001
0.0004479234292966746 -0.0001159235664018665 0.0006600000000000001
0.0001742260059955519 3.756511391554283e-05 0.0006600000000000001
0.0004050715059575371 -0.0002051009966099823 0.0006600000000000001
0.0004092921023016895 0.0004509186279811597 0.0006600000000000001
0.0004532665161046808 -0.0004097859924995573 0.0006600000000000001
0.0003222384923472404 0.0001978058738065572 0.0006600000000000001
0.0003183710181359082 -0.0002161755913020428 0.0006600000000000001
0.0004041017177916402 -0.0003822738599425241 0.0006600000000000001
-0.000350699283327789 0.0002412783697451029 0.0006600000000000001
0.0004535002031082231 0.0001215193900832589 0.0006600000000000001
-0.0004062684247495553 0.0001461454917346309 0.0006600000000000001
0.0004035336281562171 -0.0002609210064593739 0.0006600000000000001
-0.0004048055693160727 -0.0002649136614370143 0.0006600000000000001
0.0003914927841221315 -1.999942562439384e-05 0.0006600000000000001
-0.0003487807594785044 -0.0004532153260974677 0.0006600000000000001
-5.796932801913708e-05 -0.0004552750809227474 0.0006600000000000001
0.0001180883771196712 -0.0004542235814592439 0.0006600000000000001
-0.0001460252156029531 -0.0004097257274488831 0.0006600000000000001
3.071423792311138e-05 -0.0004099828413692312 0.0006600000000000001
-0.0004159612114968048 -0.0004543649856513925 0.0006600000000000001
-0.0002536720073039845 0.0002930185890555584 0.0006600000000000001
-0.000264705882352941 -0.0004075413664867941 0.0006600000000000001
-0.0002053146583024263 -0.0004084952442896573 0.0006600000000000001
0.0002058823529411316 -0.0004075413664867759 0.0006600000000000001
0.0002647058823529113 -0.0004075413664867881 0.0006600000000000001
0.0003227434815947338 -0.0004076908823186769 0.0006600000000000001
-0.0001167400591114198 -0.000454721995305046 0.0006600000000000001
5.996278095331611e-05 -0.0004549678299786425 0.0006600000000000001
-0.0003235294117647491 -0.0004074947476291676 0.0006600000000000001
-2.791411507277626e-05 -0.0004097377895996536 0.0006600000000000001
0.0001470588235293636 -0.0004074947476291785 0.0006600000000000001
-0.0004033371217730732 3.539272095127598e-05 0.0006600000000000001
-0.0002378301557590115 0.0004599182351461215 0.0006600000000000001
0.0002889683434981294 0.0001495654590804079 0.0006600000000000001
-0.0004022103215151133 -0.0001549477156036689 0.0006600000000000001
-0.0004609564432465352 -0.0003562388816665074 0.0006600000000000001
0.0004602184935352839 0.0002352941176470592 0.0006600000000000001
-0.000352271250608585 0.0004605735976953925 0.0006600000000000001
-0.0004602858079163643 -5.894059581359351e-05 0.0006600000000000001
-0.0001950202842944776 0.0003918434401211984 0.0006600000000000001
0.0004515451450957978 5.578146403493274e-05 0.0006600000000000001
0.0004050488068531534 -0.0001587385565686754 0.0006600000000000001
0.0001986532278710385 -1.599062117928749e-05 0.0006600000000000001
0.000462151146743837 0.0003513755590941317 0.0006600000000000001
0.0004569381877900656 0.0004569381877900656 0.0006600000000000001
0.0004569381877900657 -0.0004569381877900667 0.0006600000000000001
-0.0004569381877900667 0.0004569381877900658 0.0006600000000000001
0.0004650027276018883 -5.882352941176378e-05 0.0006600000000000001
0.0002599851285804674 0.0001055205114156674 0.0006600000000000001
0.0003674140330658923 -0.000410404204066136 0.0006600000000000001
-0.0004615365836840188 -0.0004615365836840187 0.0006600000000000001
0.0002492397946241914 -1.977276992748612e-05 0.0006600000000000001
0.0003639250751672463 -0.000223071460374557 0.0006600000000000001
3 1 0 2
3563
3564
-0.0003239340931059289 -0.000347837243380492 2.476679299044694e-05
-0.0003125252295916256 0.0003519169338826978 2.497953599411836e-05
3 2 0 497
3565
3566
3567
3568
3569
3570
3571
3572
3573
3574
3575
3576
3577
3578
3579
3580
3581
3582
3583
3584
3585
3586
3587
3588
3589
3590
3591
3592
3593
3594
3595
3596
3597
3598
3599
3600
3601
3602
3603
3604
3605
3606
3607
3608
3609
3610
3611
3612
3613
3614
3615
3616
3617
3618
3619
3620
3621
3622
3623
3624
3625
3626
3627
3628
3629
3630
3631
3632
3633
3634
3635
3636
3637
3638
3639
3640
3641
3642
3643
3644
3645
3646
3647
3648
3649
3650
3651
3652
3653
3654
3655
3656
3657
3658
3659
3660
3661
3662
3663
3664
3665
3666
3667
3668
3669
3670
3671
3672
3673
3674
3675
3676
3677
3678
3679
3680
3681
3682
3683
3684
3685
3686
3687
3688
3689
3690
3691
3692
3693
3694
3695
3696
3697
3698
3699
3700
3701
3702
3703
3704
3705
3706
3707
3708
3709
3710
3711
3712
3713
3714
3715
3716
3717
3718
3719
3720
3721
3722
3723
3724
3725
3726
3727
3728
3729
3730
3731
3732
3733
3734
3735
3736
3737
3738
3739
3740
3741
3742
3743
3744
3745
3746
3747
3748
3749
3750
3751
3752
3753
3754
3755
3756
3757
3758
3759
3760
3761
3762
3763
3764
3765
3766
3767
3768
3769
3770
3771
3772
3773
3774
3775
3776
3777
3778
3779
3780
3781
3782
3783
3784
3785
3786
3787
3788
3789
3790
3791
3792
3793
3794
3795
3796
3797
3798
3799
3800
3801
3802
3803
3804
3805
3806
3807
3808
3809
3810
3811
3812
3813
3814
3815
3816
3817
3818
3819
3820
3821
3822
3823
3824
3825
3826
3827
3828
3829
3830
3831
3832
3833
3834
3835
3836
3837
3838
3839
3840
3841
3842
3843
3844
3845
3846
3847
3848
3849
3850
3851
3852
3853
3854
3855
3856
3857
3858
3859
3860
3861
3862
3863
3864
3865
3866
3867
3868
3869
3870
3871
3872
3873
3874
3875
3876
3877
3878
3879
3880
3881
3882
3883
3884
3885
3886
3887
3888
3889
3890
3891
3892
3893
3894
3895
3896
3897
3898
3899
3900
3901
3902
3903
3904
3905
3906
3907
3908
3909
3910
3911
3912
3913
3914
3915
3916
3917
3918
3919
3920
3921
3922
3923
3924
3925
3926
3927
3928
3929
3930
3931
3932
3933
3934
3935
3936
3937
3938
3939
3940
3941
3942
3943
3944
3945
3946
3947
3948
3949
3950
3951
3952
3953
3954
3955
3956
3957
3958
3959
3960
3961
3962
3963
3964
3965
3966
3967
3968
3969
3970
3971
3972
3973
3974
3975
3976
3977
3978
3979
3980
3981
3982
3983
3984
3985
3986
3987
3988
3989
3990
3991
3992
3993
3994
3995
3996
3997
3998
3999
4000
4001
4002
4003
4004
4005
4006
4007
4008
4009
4010
4011
4012
4013
4014
4015
4016
4017
4018
4019
4020
4021
4022
4023
4024
4025
4026
4027
4028
4029
4030
4031
4032
4033
4034
4035
4036
4037
4038
4039
4040
4041
4042
4043
4044
4045
4046
4047
4048
4049
4050
4051
4052
4053
4054
4055
4056
4057
4058
4059
4060
4061
0.0002843396124254795 0.0001210528454893779 0.000175
-0.0003250127163812989 -0.0003740787757851816 0.0001750000000000001
3.047739752014257e-05 -0.0003735438561966964 0.000175
-4.685211248894271e-05 0.0003742222805882703 0.000175
-0.0003728989752366638 0.0003386038860249939 0.000175
0.0003752904577598953 -3.814448724458803e-05 0.000175
0.0003390476519766207 0.0003728291710660622 0.000175
0.0002095268505223245 0.0002262014296003069 0.000175
-0.0002058823529536764 -0.0002811209524323877 0.0001750000000000001
-0.0002352941293830598 -2.640759731260013e-05 0.000175
-5.882353008565585e-05 -0.000230178281439194 0.000175
-0.0001176472731368068 0.0001094396652161383 0.000175
0.0001470580239467725 0.0003641535061492319 0.000175
-0.0001176470751582069 -9.433112778983824e-05 0.000175
6.451501536807131e-10 0.0002113242291260103 0.000175
5.880694303533306e-05 7.549224433319994e-05 0.000175
5.874020331417408e-05 -0.0001283439577636535 0.000175
-0.0001469532186153833 0.0002621758621127347 0.000175
-0.0002646711969177097 0.0001263909016366998 0.000175
0.0002061340641120132 -0.0003489050226827956 0.0001750000000000001
8.824147050823418e-05 -0.000253754385245443 0.000175
-0.0003468356185516019 -9.080611329995842e-05 0.0001750000000000001
0.0003442813473635616 -0.0001989249658991346 0.000175
0.0001699722724066073 -3.005733673657607e-05 0.000175
0.0003305813045154116 -0.0003746826025586927 0.000175
-9.519802879992876e-05 -0.0003523306764922232 0.000175
0.000335627674730702 0.0002367328495390583 0.000175
0.0002073203765567769 -0.0001783069884031251 0.0001750000000000001
-0.0002292786143480975 -0.000151835560152153 0.000175
-1.307534501895803e-05 -2.640233205809281e-05 0.0001775223229539056
-0.0002149823777481448 0.0003749689508339491 0.000175
-0.0003733540544589156 5.852573552200748e-05 0.0001750000000000001
-0.0003604269018573382 0.0002112602333430291 0.0001759950263301832
-0.0003789404616788439 -0.0002600290303747705 0.0001785277498291902
0.0003906454086002244 7.201318905455927e-05 0.0001594856090728682
-0.0002616632100695388 0.0002699023941628744 0.00016297945459591
0.0001677340689583309 0.0001172772766474682 0.0001639092619737118
0.0001017975231882526 0.0002605382827387987 0.0001617032438850165
0.0002743594443973033 9.771909290066038e-06 0.0001880431862514194
-0.000198269739777997 -0.0003909138966665402 0.0001904851687131779
0.0002450007364879516 0.0003253849811029806 0.0001953933343954909
0.0002824021051411716 -9.755605063834965e-05 0.0001595175930366862
-0.000137254902610841 7.55424966277205e-06 0.0001959774910245664
5.16538987807578e-05 0.0003990568293159944 0.000151798355409982
0.0002642426323058264 -0.0002640059588558782 0.0001514856890062964
0.000397843468424065 -0.000291512819672935 0.0001704285833531998
0.00012374291652502 -0.0003999875536405417 0.0001476909467549302
8.895026454115639e-05 0.00016842463864373 0.0002020092393618538
-0.0004104389052574962 -0.0004104530797357253 0.0001707644697883033
2.140694723457359e-05 0.0003056680360644601 0.0002006769624893264
-0.0002879767550719926 -0.0002292175885425125 0.0001470410792285989
-3.480942020389699e-05 6.445331731741615e-05 0.0001447897101381326
-3.481098848247961e-05 -0.0001391212972053056 0.0001447622572420565
-0.0001844859793815765 0.0001757947327526708 0.0001447751314386615
-0.0001414211590927853 -0.000185284856820803 0.0002053924197333956
-0.0002010194849175268 5.940532182208389e-05 0.0001429633381423348
7.780166370194229e-05 -3.783142653678053e-05 0.0001432355201151327
0.0002352847923838324 0.000407093168420971 0.0001427296945756237
-5.747939969856249e-05 0.0002829787352366464 0.0001423980440861323
-0.0004029125481789773 -0.0001684145434756474 0.0001484433675821899
0.0003692132385858127 0.0001526327243060228 0.0002072693126289102
0.0004130877480603042 -0.0004111696893956921 0.0001709410995467012
-8.817451275308575e-05 0.0001942742984831645 0.0002052377930792655
0.0004029565274971165 0.0003031320677025273 0.0001463794993906696
-0.0004152748706097946 0.0004153043332788812 0.0001716153961676434
0.0004154501080048282 0.0004154217468054009 0.0001717276501789843
7.2460215318281e-06 -0.0002885193414643054 0.000140988043375491
-0.0004052244228796 -2.415432688587615e-05 0.000209053177308428
0.0001777967821580593 -0.0002634048277334622 0.0002050552002729856
-0.0001307762013663319 0.0004063549145579056 0.0001434709330132623
-0.0003046160726320378 0.0004031447088400483 0.0001455092336234028
0.0004035796341442046 -0.0001269810545631234 0.0002041872558853331
-2.25776967539454e-05 0.0001286020931528112 0.0002110041429555892
0.0001174323836240441 -0.000333623453961713 0.0002123754554396664
-0.0002902889310692031 -0.0002958913324936602 0.0002123151387158152
-0.0004078512465282787 0.0001385738070561441 0.0001426516571334046
0.0001459376138918178 -0.000114941643980423 0.0002064150637495734
-0.0002879383225650036 4.269429009623917e-05 0.0002074723624001844
2.088781968717166e-05 -0.0002034233870901324 0.0002098938605509908
0.0001367592506589557 4.627726995215388e-05 0.0002113651273990686
-0.0001254754900149986 0.0003437257358597386 0.0002093664007660664
-0.0003183273317283193 -1.138689859715167e-05 0.0001408569203248152
-0.0003328303479424959 -0.0001763997096251119 0.0002096783227996341
0.0002574772218058542 -0.000414321766755091 0.0001397689715435674
0.0001243696316830438 -0.0001790805581347091 0.0001387132334834373
-4.101605136178359e-05 -0.00041421733336492 0.0002112043282755182
-0.0001378897231682952 -0.0002396663051884848 0.0001347272385480393
-0.0002348121733340361 0.0002014039845622013 0.0002149740637237171
-0.0001261303741219353 -0.0002787845907614654 0.0002131823685715522
-0.0004141307241051409 -0.0003332600848588371 0.0002151414882249189
0.0004093711242850604 0.0001967018477773613 0.000137123062281735
-0.0002536810029186217 -0.0003426792964036344 0.0001332640894845239
0.0001764696829303933 0.0002943520702050523 0.0001319749383154453
0.0001758293428148021 -0.0004183231967759916 0.000218330956254176
-0.0002903426137996774 0.0003411617022088123 0.0002073281730530359
5.878969803749479e-05 4.932510372466358e-07 0.0002188482130190342
0.0002081512826608601 4.165243025478819e-05 0.0001355190602584674
-5.391401589195533e-05 0.0001565099861903898 0.0001353618088267119
-3.572782252191576e-05 -0.0003035477038573524 0.0002145018102179387
-0.0001919539027880977 -8.718723675121004e-05 0.0001316879210946468
-0.0001919539027880977 -8.718723675121003e-05 0.0002183120789053532
-0.0001911587230875985 0.000117919723655772 0.0002190568296403
9.946151976642656e-05 0.0004186817149206596 0.000218741116780495
0.0004151769281085606 0.0002445471744205319 0.0002097388476249093
0.0003027888076562421 0.0003056491917422346 0.0001337364493233139
3.104054784656264e-05 0.0001441168432404987 0.0001313332014878276
0.0001631627021424107 0.0002854861179284292 0.0002163418552519066
-8.724356425760941e-05 -2.512469635457031e-05 0.0001343659456529101
0.0001431831803844732 -0.0003062914273081964 0.0001352457768907005
0.0002232626142284226 7.423943984198452e-05 0.0002139160508682466
0.0003199969445009879 -0.0002950862720971595 0.000213703079144092
-4.364873972002952e-05 -9.532013734591286e-05 0.0002174265010288929
-0.0003896464855339833 -0.0003360980301968361 0.0001326349762842673
0.0002756985514428575 0.0001940935380399286 0.000133626807048222
0.0001992078234410843 -0.0001015214348131034 0.000135765695239693
7.697952338511302e-06 0.000419539963503434 0.0002211045255590064
0.0002780381977685537 0.0001930562288912105 0.0002173692703854362
0.0001436710212449791 0.0001925677156866709 0.0001343143403816582
-0.0001226881379077915 -0.000420410681231955 0.0001314272228457109
-0.0002761237012579842 -8.393821553760047e-05 0.0002211097853129986
-0.0002761237012579842 -8.393821553760039e-05 0.0001288902146870014
-0.0004130842297700425 0.0002700833659386972 0.0001368245448220063
0.0004198458373731583 0.000345070515891528 0.0002167409368257377
-0.0003441568648728567 0.0001327256298043414 0.0002128321358618565
-5.970393583293925e-05 3.062449566718217e-05 0.000217096532197327
-0.0001640049622040698 -0.0003376546852579715 0.000129112456629955
0.0004173723084890304 -0.0001819137485453975 0.000132270847593494
0.0001019263545474681 -0.0001848511755326801 0.0002207791753084091
0.0002799398338638965 -0.0001611216407068205 0.0002164202330454529
-0.0002453321136358118 -0.0002215003579991761 0.0002188335330842511
-3.739721504514385e-05 -0.0003927778884909229 0.000130897374393917
-0.0001470588257707019 -0.0001569544279240622 0.0001275071769793256
0.0002727332987139264 0.0004010263279621507 0.0002170216554866101
4.358933022288825e-05 -0.0001967072866206182 0.0001302206670712859
-0.0003450224535646192 0.0004198942930233521 0.0002168482777520985
-0.000419076746893985 -6.620464572756832e-05 0.0001352933123344703
-0.00041144157173588 -0.0001234256513139449 0.0002208635722825155
0.0004174109763286961 -0.0002205336373295655 0.0002158022064602156
-5.878076909464976e-05 0.0002792254739064713 0.0002248040297467092
0.0001162828561551933 3.440289975048084e-05 0.0001322515049546039
5.671781823470618e-05 0.0003204864853194557 0.0001278269280630582
0.0002623464920276782 -0.0003908142363817282 0.0002189765774368871
-0.0003201316288972265 -0.0001546337364086869 0.0001286584468593243
0.0001681165957250246 0.0001741373472390307 0.0002232050629810269
0.0003606492499302944 -0.0001175370041721111 0.000130479233994167
0.0002229800136949644 -8.079619850887103e-05 0.0002180382114673193
-0.0001242372068194964 -0.000416956133245029 0.000219529090296656
-0.0001603846911268765 0.0004185440652328259 0.0002203609657295318
8.425866633265731e-05 -0.0004199307159111415 0.0002178730627255946
0.0003476890976061822 0.0003045208881390143 0.0002211474682375961
-0.0004214795135211437 0.0002514964336601681 0.0002193451667139935
0.0002763999687200251 -0.0001846362345472472 0.0001284703062867324
-0.0002813744864523537 6.15001076782637e-05 0.0001282122433056168
-0.000275609863976797 -0.0004216169392636654 0.0001300340009934307
-0.000207933906652878 3.811317028553131e-05 0.0002231398676051602
0.0003368701041740438 7.771913839318596e-05 0.0002224470828773116
-0.0001418961826470055 0.0003272392780279032 0.0001255504192328283
0.0003502852292468911 0.000136009328828001 0.0001301182658764708
-0.0002068265629042974 0.0003029761492892349 0.0002167641668483147
-0.0002893044207101587 0.000195566033997029 0.000131639661775888
0.0001795032345119184 0.0004168490560650824 0.0002263682285260928
9.507179106201469e-05 0.0003279207165592183 0.0002249594521362364
-7.188365635434861e-05 -0.0002927812319377444 0.0001257998532122773
0.0003336498210620358 1.851702589497532e-05 0.0001296690840717388
-0.0004172378773210244 0.0001695985119923011 0.0002179938495310529
-0.0001140043973323744 0.0002088145013503109 0.0001247360666196636
-0.0002711246997862951 -0.0004216532420736419 0.0002177923922985846
4.426473121893728e-05 -0.0003018175063979034 0.0002220633879026966
-0.0004228427092386299 1.497932763166407e-05 0.000126692968091441
0.0003921087021646817 -0.0003528124580851895 0.0002244915309697781
0.0001594338943141635 0.0004249317352806056 0.0001243994483299757
0.0001905879117804172 -0.0002410862674150206 0.0001264755145750525
0.0004178308284569825 1.963384312918046e-05 0.0002209147686918165
2.945943420898976e-05 2.239486979362071e-05 0.0001231724136675909
0.0002394606122801674 -3.218119981942211e-05 0.0001289039726240453
3.22735730603102e-05 -7.394725843928975e-05 0.0002264009168806702
-0.0001694812696491948 -1.13524923619933e-05 0.0001260355635714121
-0.0003304621249912423 0.0002631242042081233 0.0001237160960499743
-0.0003297220466885916 0.0001259716679322329 0.0001274301404838223
-0.0003409278725272982 0.0002777990670176103 0.0002198436304168907
0.0003594239023542256 -0.0004267392241134758 0.0002246555510837882
1.320743426224535e-05 -7.954209575430141e-05 0.0001254153899051275
0.000250738183399368 -0.0002393462225183003 0.0002259542076854257
0.0003098749809379905 0.0004259583773339332 0.0001240676085855716
-1.676111089408033e-05 0.0004247717948521246 0.0001228599990114198
-0.0002124899150006907 -0.0002139048833487026 0.0001288612035807187
-0.0003274418605039145 -2.397338860976705e-05 0.0002225120201662767
0.0002308776281592247 0.0001133656651873473 0.000120533933936829
5.72148131722974e-05 0.0002373511736884848 0.000221958787288644
0.0002790264635664094 -0.0003384047387202559 0.0001253987613282466
-0.0003548533614386271 -0.0004300901953118493 0.0002172392702050692
0.0004106711078729444 6.589988413356944e-06 0.0001212126346962053
-0.0001172437272346965 4.685524871701084e-05 0.000128053212787715
-0.0003196929192817521 -0.0002991884214347831 0.0001275519805192822
0.000386577446680768 -0.0003539547429657932 0.0001223245585455866
-6.722556981608233e-05 -0.0001693452002614346 0.0002228984444958157
0.0001209320809807039 -0.0001013746430538925 0.0001241628889634779
7.02770909101345e-05 -0.0003305977811988586 0.0001239599631452013
0.0004280465050815958 9.770485952185861e-05 0.0002239019335078553
0.000101883376616657 0.0001137987563092271 0.0001232248042009821
0.0003441329252144109 -0.0004246191731533757 0.0001202329287095353
-0.0002647610186952976 0.0004159081423739572 0.0002234504428190051
-0.0004222865703371384 -0.0002041766384206285 0.00021906414140553
-0.000427819650940954 0.0003656186622881856 0.0002280373897662568
5.409767339128618e-05 0.0002164967696249293 0.0001209082117841578
0.0003656757474400108 0.000427817805271628 0.0002280931762593034
-0.0004266516811696502 0.0003567539481538388 0.0001232573401707813
0.0003334810414536697 -8.952636324609557e-05 0.000222631028462989
-0.0004298724579458762 -0.0002576206478278531 0.0001217265886075692
-0.0002636916654018267 0.0003388417294520846 0.000124109244908083
-8.316291332336434e-05 0.0004284628873661029 0.0002175331060377503
-0.0001599389983357206 0.0002076646112745416 0.0002263208594104425
-0.0003524730322047694 -0.0004220184794614798 0.0001207616320631262
5.477406582644781e-05 -0.0004252192600470907 0.0001222986067240911
-0.0002007055415248961 0.0002472559009659371 0.0001225366125604583
0.0002817526328919434 0.0002679206709525766 0.0002283515357296887
0.0001165211200439535 -4.791505529851966e-05 0.0002254356151423387
-0.0001985707383002341 -0.0004286910245405891 0.0001237086156910817
7.569239653829904e-06 6.203485727807952e-05 0.0002281873438468607
-0.0001814901821408658 -0.000328013307352034 0.0002293732272151841
-9.281953400095226e-05 -4.074170630582652e-05 0.000232101089000648
0.0004283146627288865 -7.621967859007477e-05 0.0001300036764968503
0.0003391373906716283 -0.0002614571802484804 0.0001275415436734121
0.000187201320835958 -0.0004254831739719746 0.0001193494527660282
-0.0004252426511836828 9.023410043052734e-05 0.000227489024577114
0.000428212542302218 -5.854790532418445e-05 0.0002251027827873001
0.0002118023819304358 1.662193054645568e-06 0.0002284145418796154
0.0002430071232886787 0.0002640684120291983 0.0001210703872297926
0.0002943868583558239 7.831203303786397e-05 0.0001171565751386812
-0.0002114620133546657 0.0004293546019383076 0.0001205316282761378
-8.17650733480362e-05 -0.000189052082490926 0.0001188712758442877
0.0002485447731119886 -0.0003144546532572202 0.0002265847733185913
-1.395744581424254e-05 0.0003376039634355704 0.0001210461311330192
0.0002352810182536104 0.0003368073885104605 0.0001224223480077703
-0.0004346714199223103 -0.0004346732559226777 0.0002323231197863203
0.0003879717231210025 0.0003707056704836199 0.0001188899538845808
0.0004352123552631616 -0.0004353057870987804 0.0002325367183622547
-0.0001292167280824195 6.879817280862211e-05 0.0002338702983113828
0.0004310502581988713 -0.0002523888608875056 0.0001183229558985934
-0.000357277735907277 -0.0002204886876515313 0.0001175889840390438
0.0003386775762880443 2.962540829879649e-06 0.0002257170343212606
-0.0001608287066998913 0.0001134756180390881 0.0001174984071946552
0.000115548408535601 0.0001106394501533855 0.0002358560227708435
-0.0004341649887907134 0.0002024662945695931 0.000118989938252315
0.0002242881592393392 0.0001575152667889146 0.0001747844935431759
-0.0004358529926993267 0.0004358598245135818 0.0002344726313063312
0.0004358995135842215 0.0004358950384428761 0.0002346199369840505
0.000423089385972492 0.0001258128873907464 0.0001199887727977391
0.000108640292163984 0.0003751013902842517 0.0001154384868361043
-0.0002648194934776203 0.0002639785488604827 0.0002348561433039764
-0.0004371117884745786 -0.0004371072418533126 0.0001142155755601978
0.0003270934208016767 -5.35331566433319e-05 0.000122835362325998
7.382221025403094e-06 0.0002699258361143451 0.0001163065536116598
4.464328375701084e-05 0.0001225206709482782 0.0002334864756241412
-0.0002495420605998219 -0.0003533759056760559 0.0002299171792903493
-0.0003081992307050087 0.0001964500500238398 0.0002270801238013701
-0.0003448120778304471 -0.0003375830361587318 0.0002336817802461107
-8.850195519096529e-05 0.0001268870179279528 0.0002373732104134495
0.0001713442049627791 -0.0001979497759462635 0.0002340445341091216
-2.83031005831897e-05 0.000342219767482035 0.0002353302988006948
-0.0004368356705113109 -0.0002705171644885423 0.0002375676710685163
-0.0002645088799926477 -0.000152057655146521 0.0002363758386129615
-0.0002363894629499928 6.46931850449639e-06 0.0001126103514665124
0.0004375227090835767 -0.0004374252519926304 0.0001136508023612688
-0.0004379887136808778 0.0004379937689331533 0.0001125968985071719
-0.0003663693643234646 0.0004317103464005003 0.0001208593612546626
-0.0001786267394709304 -0.0002372296607828914 0.00023497194733496
0.0004380007240834542 0.0004379550482689284 0.0001125816527395661
-8.225396871343758e-05 0.0003636905897685182 0.0001146663751206497
-1.827206676221079e-05 -0.0002274064704294498 0.0001178044531701143
-0.0002308372056020748 0.0001161065896886867 0.0001144448160028022
-7.880483964034747e-05 -9.237940556115401e-05 0.0001167606001581954
8.17542240127856e-06 -0.000139146306518555 0.0002344582497595443
-0.0001206468976789422 -0.0001264777740720225 0.0002370407378993905
0.000216251889115267 -0.0003065350017025197 0.0001193660954847145
0.000125709780197916 0.0002288263382858264 0.0002326079645322441
0.0004366059527209554 -0.000347385567531307 0.000167978595602441
0.0003520105035962333 -0.0002365084779168517 0.0002329010008979912
-4.253703707041054e-05 0.0002215357101615039 0.0001133505857982468
0.0004355369204126521 0.0001560330367330869 0.0001869638465010302
-0.000437338993413145 0.0003160414102362009 0.0001815982249704048
0.0001816705396932451 -0.0003345352347332955 0.0002381342390407244
0.0002562119334475251 0.0001310846174186983 0.0002366038309780668
-0.0003336899682356352 0.0003333082240321139 0.0001164936882055799
0.0003520684225359568 0.000212742580177369 0.0002385683948793166
-0.0003353783240317785 -0.0002441326239709224 0.0002333299920642963
1.9557538834801e-05 -0.0004387115442325763 0.0002347696117726083
-0.0002450603527275162 -0.0002754543690580614 0.0001178745317811449
0.0001898685232327617 0.0003480824112278792 0.0002315677993782475
-0.0001950540632129322 -0.0001538264819541566 0.0002344643877082498
0.0001217151294469187 -0.0002438888153327644 0.0001156661007810155
0.0003414393962712757 0.0002025555646677612 0.0001157425145346477
-3.132950036412671e-05 0.0002174329862232141 0.0002355717064209248
-0.000125524665432102 0.0002744740739649872 0.0002387231164296238
-3.08800171394397e-05 -0.0002390900833549897 0.0002367493086047217
0.0001397720917293131 -3.613277922706137e-05 0.000113559679952487
-0.0001814535944686682 -2.284028500188875e-05 0.0002378915930578377
0.0002100658530050142 0.0001905682308316818 0.0001174530200320794
3.691360595924427e-05 0.0003605624884629179 0.0002372776313399493
-0.0002051487951256503 0.0003112244107725871 0.0001482083388214632
-4.099638314392512e-06 -0.0003610978748997203 0.0002322414700904491
-0.0004385463154352797 8.146700044480467e-05 0.0001201398135482277
-0.0002529245641905718 9.441111057534849e-05 0.0002334244018390994
0.000419849661413919 -0.0002874641393756062 0.0002370282970968692
0.0003023194379430026 -0.0004357770846212797 0.0001866216939669697
-0.0001069857993420071 -0.0003375889284244416 0.0002395073584361526
-0.00025495284576767 -0.0001461094985271693 0.0001126744884774765
-0.0002083132420073214 -0.0004381581254237248 0.0002386498194793795
0.0002058818472601332 0.0002283058157380477 0.0002420427382848342
8.824087236258437e-05 -0.0002472080998092348 0.0002419360842034104
5.874020331417408e-05 -0.0001283439577636535 0.0001078961826449273
6.457358604724064e-06 -0.0004365038289100851 0.0001683743486896976
0.000216225905067426 -0.0001463338522712133 0.0002365924701466075
0.0003250745190848407 0.0003652477352189248 0.000240832770056917
0.0003479536105280204 -0.0001587260908592372 0.0002319505862549076
8.746986851970467e-05 0.000439329436732996 0.0001106705632670039
-0.0003767196608518681 3.100179572409919e-05 0.0002373354995274056
0.0003159635880902229 0.0004401345301511906 0.0001875437571824614
-4.475200029832423e-06 -2.401959782982392e-06 0.0002388480244895771
0.0003553166872949277 0.0002685033320570166 0.0001135497615198025
0.0003234030052685174 -0.0003572421309393556 0.0002398163202278438
-0.0003465710371865861 -0.000116579746031212 0.0002370772598329778
-0.0003746674312878264 -0.0001146799951168761 0.0001176532897737541
0.0002671381763095563 -3.460790654158833e-05 0.0002374061787925586
-8.768657011938734e-05 -0.0003552551574293848 0.0001090510742246313
-9.11185038404558e-05 0.0001060226847101589 0.0001145926474462096
-0.0002629950760893411 -1.288960320584267e-05 0.0002337593597147021
8.549779756900063e-05 -0.0001128862664831271 0.0002337169448956179
0.000177111088098434 -0.0003599968189357202 0.000116134547249484
-0.0003234530117241471 -0.0003629982434299743 0.0001095395716937352
0.0001741882607959374 0.0003611240768052975 0.0001146815148789637
-0.0003548020862219227 0.0001881795006182001 0.0001112052910715658
-0.000229969674495979 -0.0002834247060797469 0.0002368065533904774
-3.360907797751194e-05 6.641135760194366e-06 0.000113577765663868
7.22671470653806e-05 6.145082582363069e-05 0.000238973861303975
0.0001181205551921443 0.000310780664051528 0.0001070008368535443
0.0002068416359871427 -0.0001785862478786087 0.0001077684318249987
0.0003586207524371705 -0.000201269936638753 0.0001113307005952283
-0.0001966283643821676 0.0003653698465276747 0.0002385976978768091
7.824120864591551e-06 -0.0003483007500683653 0.0001136927445356444
-0.0003707509644927908 0.0003348878553758542 0.000240951203259717
0.0003230697857991376 0.0003630985683518845 0.0001075080726087513
-9.960256969635468e-05 -0.0002241550229359305 0.0002367862817846479
0.000440456284036007 0.0002535881838666089 0.0001233038900983548
-0.0001944491022891418 0.0003656112343585984 0.000111241403209436
0.0003743457645800727 0.0004339402738696334 0.0001249466451869116
5.830006094100726e-05 -0.0002580805511188482 0.0001147056570156263
-0.0003468960391430951 6.255367397143367e-05 0.0001133703388420816
-0.0001121464458564468 0.0002718597268278497 0.0001090501472880557
-0.0003672873470897946 0.0002216416143885301 0.0002400374605322591
2.392985077790006e-05 0.0001837620796117122 0.0002363920502279223
-8.125920958346979e-05 0.000438338652595396 0.0001120802403398936
4.5514882701628e-05 8.407421762795995e-05 0.0001120890684218285
0.0004413265390446434 -2.547373877935953e-05 0.0001697793294078381
6.432214170433372e-05 -0.0003614175875484802 0.000235864149599684
-0.0004393086070054 5.152282453153156e-05 0.0001775367530588131
-0.0004382032731890768 -0.0003722730285932776 0.0001088136601691234
0.0004392522972006408 -0.0003167321610043014 0.0001103176548569109
-0.000135895387978528 -6.386156522553669e-05 0.0001112964923474841
-3.591564570102301e-05 -0.0003345580229583946 0.000158441265431733
-0.0001618928755225371 -4.837128592979879e-05 0.0001774967822986188
-0.0002112400161844283 0.0004393966718764953 0.0001850722722604645
-0.0002901882599077317 -0.0001321062984471783 0.000180908286380914
0.000230767644417678 -0.0004406877434073113 0.0001924777285341746
0.0002793804532717696 5.168916285693972e-05 0.0002372233859598761
-9.866879632091364e-05 -0.0001547475274143035 0.0001696314866180119
-0.0003687952588799003 -3.556095674961348e-05 0.0001078908408437398
0.0003196523741262325 0.0001734434993586582 0.0001740533487546999
0.0003167074469971342 0.000149607308162806 0.0002428693329057685
-6.90767924355138e-05 -0.0004398886500209297 0.000159989556507567
-0.000181911569143055 -0.0002792392589830434 0.0001115212811585406
0.0001366847177821086 0.0002504740498913184 0.0001100102347777553
0.0003117451750029963 -4.251670824804047e-05 0.0001843841260364249
-0.0004381214572373104 -0.0001247952862238448 0.0001170297650154055
-0.0001673733676304085 -0.0001324890816351072 0.0001819687538464402
-1.81151847788992e-05 0.0001126744897034154 0.000108301556569978
0.0004142652847246758 0.0001866702984244565 0.0002413686792966572
0.0002786641947529253 0.0003643199828980851 0.0001589771833781224
-0.0002339997317124867 0.0001789350333709786 0.0001049491397072934
0.0001339034410391155 0.0003730599521737711 0.000244191991589531
0.0004392263239440331 0.0003572172899243432 0.0001561353218254521
-0.0004419666896874284 2.804417573021432e-05 0.0002384368591994746
0.0002628610176844819 2.347573377772926e-05 0.0001078939376630239
0.0001597941223296635 7.849417757107061e-05 0.0001122266188378122
-3.43826709116013e-05 0.0004425753146345366 0.0001805014216703748
-0.0004486734682244818 -0.000368134071763512 0.0001834504917190575
0.0002208708808847844 0.0002888502279603292 0.0002398679192668452
0.0002697485806750582 0.0002421128683210549 0.0001729072359334261
0.0004401426855889838 3.628025302170642e-05 0.0001661733160246307
-0.0002646799320458883 0.0001549890697245679 0.0002456153635371883
0.0001124963327746953 -3.22097338409899e-06 0.0001819764240131613
0.0002857054694999985 0.0001384845669584524 0.0001101033733601753
-0.0004387166549146455 -0.0003068619920341674 0.0001620025028387315
0.0001392146808663641 -0.0002190184184812338 0.0001842694669062082
0.0001800681315756893 0.0001133323273552656 0.0002425713161461548
-0.0001452771543520852 0.0001504548720810918 0.0002450090789651201
0.0004221219044808014 6.551352377243185e-05 0.0001067733629799177
-0.0004353583758615772 -6.881846269289255e-05 0.0002425196214939483
0.0002526983439798964 -0.0001273594756614426 0.0001106281265829124
-0.0003180506296168367 8.845917209784017e-05 0.0001765574837873486
-0.0001394018281798545 0.0001661161379213923 0.000185681347630711
-0.0002357159607064166 -9.051130790828017e-05 0.000175
0.0001380071239696212 -0.000286347480297183 0.0002461973150487014
0.0002647058823529413 -0.0004460498864478645 0.0002460202872631897
4.060976645177437e-05 0.0002582729613574383 0.0001666414288029776
-0.0002045596576339753 0.0002472053803112672 0.0002445085192802771
-0.0003328534398118759 7.567428113273747e-05 0.0002360466492652143
0.0001572697519563645 -0.0004463965968448096 0.000167826399604525
-0.0003108237727194814 -0.0004446261384590799 0.0001758180158807611
-0.0001626722160242915 -0.0004407065382563902 0.0001756522922420917
0.0001293360428868963 -0.0003859410329407575 0.0002431766676417792
-8.317444301606245e-05 0.000367034345124892 0.0002472667506947421
0.0003252649806393553 -0.0001394683020764366 0.0001770393868506544
0.0002285630184640342 0.00043879319185457 0.0001955387151956604
-0.0001260501093340759 -0.0002965859770836751 0.0001544332649041794
-0.0004415077965960763 -0.0002479372413248819 0.0001809529369782864
-6.390155177706292e-05 8.697004561549542e-05 0.0001936603569243139
0.0003414169723648847 -0.0003154297487763506 0.0001587518172379451
8.72759673250883e-05 0.0003527822305481249 0.0001697118755629765
9.332281043274542e-05 0.0001719326492534968 0.000106582688388647
0.0001172145749485809 0.000446632856795478 0.0001654384623251518
1.265470155618731e-05 0.0003628126690737326 0.0001814294430519271
6.03765973981201e-05 0.0004485855525472625 0.000184468236182797
0.0004386374908049911 -0.0001659557390779662 0.0002393204068742137
-1.786286368357438e-06 0.0002700150731658569 0.0002443262391835089
0.0002607670189460023 6.531859678457742e-05 0.000166502827265009
-0.0004445422910586351 0.0002098872793888508 0.0001796326475313546
-0.0001970248879747427 -0.0002023252715585177 0.0001867847766101048
7.875368923237415e-06 -0.0002610482756905404 0.000195286127888243
-3.734725209083989e-05 -7.904434694625938e-05 0.000159186477590451
9.948423476317109e-05 -8.291907945930582e-05 0.0001783289251422455
-0.0003942003496037179 -0.0003870695437158039 0.0002415229095187227
-2.941176470588147e-05 -0.0004465789293805322 0.0001032251336476476
0.0001763096831781722 -4.727011887092435e-05 0.000240187336602352
0.0003329252352125355 8.82652812055542e-05 0.0001620810871777056
-0.0002718107184830267 0.0004417915687470296 0.0001084609646698378
-0.0004250417407709306 0.0003069011359362639 0.0002451526573531617
0.0002851737405857704 -0.000214569435633758 0.000181452552846014
-0.0004417062666754911 -0.0001976188631308298 0.0001092134402893412
-0.0002606620139001407 0.000244564903422374 0.0001061751790142725
-7.478973612202745e-05 0.0003217700749112575 0.0001851902073935165
-0.0002047963124474169 0.000244318304842481 0.0001834529897863286
0.0003837897090075097 -4.466918161061624e-05 0.0001044384944000412
-0.0003524431560562435 -0.0003154154374292588 0.000176912650889308
-0.0003196417819002716 0.000303762490747665 0.0001684439140918482
-5.37041876440009e-05 0.0002375852593467457 0.0001816889140949252
3.331692491401534e-05 0.0003697364644525246 0.0001027428039505457
1.794622242760339e-05 2.486951784689173e-05 0.0001821088041286323
2.872000942730915e-05 -0.0002474800509006518 0.0002499531645518092
0.0002986210002492295 0.0002442893694893309 0.0001098653620071581
-0.0003708127541886406 -6.134653583424894e-05 0.0002421728022422765
0.0002792429168098748 0.0003259702569277905 0.0002452963410484737
0.0004468349987307081 -0.0003758627424747259 0.0002373565693561731
-0.0003750116018470131 -1.002303344364562e-06 0.0001612291081899295
0.0004386738807695811 0.0003272760598050418 0.0001019597101144064
7.501205807226243e-05 0.0002694625033084517 0.0001023508787164938
-0.0002083189820985466 -0.0003716061901850544 0.0001044567511386909
0.0001551458663806614 0.0001388428766093638 0.000108657352743525
-3.592982068460409e-05 -5.246111016700136e-05 0.0001046873682203872
0.0003569244564786911 7.13407381579115e-05 0.0001077773098688072
-0.0001542816913096272 6.253439759079242e-05 0.0001800196327852759
-0.0003808444052546946 -0.000169206427678796 0.0002454434116215854
-0.000375183745086534 -0.0002821917503686038 0.000105200608000246
6.257102746124818e-06 0.0001022561212404767 0.0001658908175628986
-0.0001418202221315881 -7.152792986553357e-05 0.0002466098306674557
-0.0001083493915875784 1.466875151064964e-05 0.0002476094594298237
-0.0003784959308527626 -0.0002869831575684646 0.0002330132889017464
0.0001159520917111393 9.198683841613457e-05 0.0001792222504665363
0.0002062520500162207 0.0003616575186875153 0.0001682056990663447
0.0004419073571826917 0.0002918996587503331 0.000238737788960367
0.0003292681376704359 -0.0003671712196551554 0.0001064106456814083
0.0003934337019663022 -0.0002317086010124825 0.0001612003646279446
-0.0001721007460349813 -0.0003898474712200384 0.0002452882678411658
0.0004421753220462504 -0.0003770377840729579 0.0001154315469700292
0.000367967654482956 -0.0004494011813413995 0.0001669582702284241
0.0002458256734316404 -0.0002308021014236559 0.000104688680625989
-0.0003234014815144306 0.0003722603237352298 0.000247615590305314
0.0001505243428113205 0.0002312813554309859 0.0001787613344379755
-0.0003167238682300961 -0.0003904367437053691 0.0002423742276330539
0.0001105074881472266 6.980531217998295e-06 0.0002474079114627473
-0.0004455298535982345 -0.0001049163228852923 0.0001740247289980248
-0.0002343610774904771 -0.0004357072022962803 0.000171913842672819
0.0003114100790280897 -0.000141396149259418 0.0001041732016291234
0.0002114048279362023 0.0004457069218321095 0.0001043420599566922
0.0004461163450129729 -0.0002561955880936149 0.0001767864747596148
-1.534595317926974e-05 -0.0001913600157426793 0.0001646663094109826
-0.0001971909419271924 -0.0001382357995117474 0.0001020625247979407
-0.0003287474769525916 -8.036291985088149e-05 0.000100834147758905
9.259428590643229e-05 -0.0003805330470210131 0.0001012109405450246
5.483627036659613e-05 0.0002907621528352682 0.0002469982071375124
-7.999838538273792e-05 -0.0002858765339127841 0.0002493483737330706
-0.0002474445812058732 3.058522002734082e-05 0.0001653794466676918
0.0002759491873607778 -0.0001040386347898812 0.0002393399556638176
9.415042950961774e-10 0.0001830566008811789 9.981014411282322e-05
-0.0003086519492071372 0.0002401788732572851 0.0001858332052943197
-0.0002139655683579119 0.0004417318174577504 0.0002463967483518351
0.0002797378286472597 -0.0003444864810743013 0.0001850712029547856
3 3 0 10
4062
4063
4064
4065
4066
4067
4068
4069
4070
4071
0.0002075488608774076 -0.0001442991579296364 0.0003148522276119242
-2.95295233581585e-05 0.0004319173910408185 0.0003150611194681004
-0.0001175713256533626 0.0002792717304403564 0.000314938880532731
-0.000325431848883289 0.0002303009659129771 0.0003149728638026022
-0.0003640770644155961 0.0003817854837731928 0.0003148932398043048
-0.0002053656563186503 -0.0003809022822370605 0.0003145528791034339
1.394220486553895e-07 -0.0002978335719189119 0.0003150611194682537
0.0001467190937079417 -0.0003803921195773467 0.0003154951642822856
0.0003244882619503179 -0.000349895853179666 0.0003150608401879436
0.0001470219654592793 0.0003301243471738501 0.0003150388805327496
3 4 0 8
4072
4073
4074
4075
4076
4077
4078
4079
-0.0001460912398008274 -0.0004379159031311988 0.000354234085507505
5.871772369376493e-05 -2.63021926359827e-05 0.0003551018657799935
-0.000231268467685385 0.000308093293956617 0.0003565901843254428
0.0003069750415890797 -1.721146876804647e-05 0.0003545127951458236
0.0004335474772660083 -0.0001537440228829473 0.0003557237944933617
-0.0001466354245781105 -0.0004716209773449715 0.0003549767033539268
0.0004901620898688085 -0.0001453655791028131 0.0003550000000000001
-0.0001949324100259072 0.0003361153704404575 0.0003559534259073148
3 5 0 6
4080
4081
4082
4083
4084
4085
0.0001470948122267727 0.000432009483419822 0.0003949611194683271
-0.0003841444746391592 0.0001287373434105489 0.0003948680313372879
-5.878179682047863e-05 0.0002113888012235852 0.0003949611194683484
0.0004321534813576881 0.0001444761164902555 0.000394911643536886
0.0004326764023767819 -0.0001540046611859642 0.00039549115075268
0.00017652755365944 -0.0002300735311960808 0.0003949105082733717
3 6 0 499
4086
4087
4088
4089
4090
4091
4092
4093
4094
4095
4096
4097
4098
4099
4100
4101
4102
4103
4104
4105
4106
4107
4108
4109
4110
4111
4112
4113
4114
4115
4116
4117
4118
4119
4120
4121
4122
4123
4124
4125
4126
4127
4128
4129
4130
4131
4132
4133
4134
4135
4136
4137
4138
4139
4140
4141
4142
4143
4144
4145
4146
4147
4148
4149
4150
4151
4152
4153
4154
4155
4156
4157
4158
4159
4160
4161
4162
4163
4164
4165
4166
4167
4168
4169
4170
4171
4172
4173
4174
4175
4176
4177
4178
4179
4180
4181
4182
4183
4184
4185
4186
4187
4188
4189
4190
4191
4192
4193
4194
4195
4196
4197
4198
4199
4200
4201
4202
4203
4204
4205
4206
4207
4208
4209
4210
4211
4212
4213
4214
4215
4216
4217
4218
4219
4220
4221
4222
4223
4224
4225
4226
4227
4228
4229
4230
4231
4232
4233
4234
4235
4236
4237
4238
4239
4240
4241
4242
4243
4244
4245
4246
4247
4248
4249
4250
4251
4252
4253
4254
4255
4256
4257
4258
4259
4260
4261
4262
4263
4264
4265
4266
4267
4268
4269
4270
4271
4272
4273
4274
4275
4276
4277
4278
4279
4280
4281
4282
4283
4284
4285
4286
4287
4288
4289
4290
4291
4292
4293
4294
4295
4296
4297
4298
4299
4300
4301
4302
4303
4304
4305
4306
4307
4308
4309
4310
4311
4312
4313
4314
4315
4316
4317
4318
4319
4320
4321
4322
4323
4324
4325
4326
4327
4328
4329
4330
4331
4332
4333
4334
4335
4336
4337
4338
4339
4340
4341
4342
4343
4344
4345
4346
4347
4348
4349
4350
4351
4352
4353
4354
4355
4356
4357
4358
4359
4360
4361
4362
4363
4364
4365
4366
4367
4368
4369
4370
4371
4372
4373
4374
4375
4376
4377
4378
4379
4380
4381
4382
4383
4384
4385
4386
4387
4388
4389
4390
4391
4392
4393
4394
4395
4396
4397
4398
4399
4400
4401
4402
4403
4404
4405
4406
4407
4408
4409
4410
4411
4412
4413
4414
4415
4416
4417
4418
4419
4420
4421
4422
4423
4424
4425
4426
4427
4428
4429
4430
4431
4432
4433
4434
4435
4436
4437
4438
4439
4440
4441
4442
4443
4444
4445
4446
4447
4448
4449
4450
4451
4452
4453
4454
4455
4456
4457
4458
4459
4460
4461
4462
4463
4464
4465
4466
4467
4468
4469
4470
4471
4472
4473
4474
4475
4476
4477
4478
4479
4480
4481
4482
4483
4484
4485
4486
4487
4488
4489
4490
4491
4492
4493
4494
4495
4496
4497
4498
4499
4500
4501
4502
4503
4504
4505
4506
4507
4508
4509
4510
4511
4512
4513
4514
4515
4516
4517
4518
4519
4520
4521
4522
4523
4524
4525
4526
4527
4528
4529
4530
4531
4532
4533
4534
4535
4536
4537
4538
4539
4540
4541
4542
4543
4544
4545
4546
4547
4548
4549
4550
4551
4552
4553
4554
4555
4556
4557
4558
4559
4560
4561
4562
4563
4564
4565
4566
4567
4568
4569
4570
4571
4572
4573
4574
4575
4576
4577
4578
4579
4580
4581
4582
4583
4584
0.0002843396124254795 0.0001210528454893779 0.0005350000000000001
-0.0003236477169400681 -0.00037453120865318 0.0005356900416330079
0.0003771856403589603 -0.0002193867227027301 0.0005350000000000001
0.0003717891657760794 6.469448275203187e-06 0.0005350000000000001
0.0003731394744298649 -0.000347568723320799 0.0005350000000000001
-0.0003249429590143697 0.00037385316086657 0.0005350000000000001
0.0003390476519766208 0.0003728291710660622 0.0005350000000000001
0.0002632226576568286 -0.0002799442518048818 0.0005350000000000001
0.0002095268505223246 0.0002262014296003069 0.0005350000000000001
-0.0002058823529536764 -0.0002811209524323877 0.0005350000000000001
-0.0002352941293830599 -2.640759731260013e-05 0.0005350000000000001
-5.882353008565595e-05 -0.0002301782814391939 0.0005350000000000001
-0.0001176472731368068 0.0001094396652161383 0.0005350000000000001
0.0001470580239467725 0.0003641535061492318 0.0005350000000000001
-0.0001176470751582069 -9.433112778983812e-05 0.0005350000000000001
6.451501536705487e-10 0.0002113242291260103 0.0005350000000000001
-2.940513185592449e-05 0.0003641479073937146 0.0005350000000000001
5.880694303533304e-05 7.54922443332e-05 0.0005350000000000001
5.874020331417409e-05 -0.0001283439577636535 0.0005350000000000001
-0.0001469532186153833 0.0002621758621127348 0.0005350000000000001
-0.0002646711969177097 0.0001263909016366998 0.0005350000000000001
5.887209661622754e-05 -0.000331454228530552 0.0005350000000000001
-0.0003746101840554635 -4.174556221127704e-05 0.0005350000000000001
-0.0002645084058936182 -0.0001518505401446749 0.0005350000000000001
0.0002677736685054371 -0.0001509967662680664 0.0005350000000000001
0.0002229756145342813 -3.086752309992675e-05 0.0005350000000000001
-8.768178394443583e-05 -0.0003555343364846458 0.0005350000000000001
0.0001436213474996708 -0.0002365666340326557 0.0005350000000000001
0.0003356276747307021 0.0002367328495390583 0.0005350000000000001
-0.0003745574308020071 0.0002536579229737578 0.0005350000000000001
0.000177551742323366 -0.0003711754158513396 0.0005350000000000001
-1.307534501895796e-05 -2.64023320580928e-05 0.0005375223229539057
-0.0001987674045386464 0.0003767706080028826 0.0005348017378813075
-0.000378888894627698 -0.0002634862386314611 0.000538682980582978
-0.0003836351822712006 0.0001250661146123295 0.0005447096757324108
0.0001759778350810795 7.646924224251763e-05 0.0005470132463017903
-0.0002614814646908347 0.0002773197687408226 0.0005246544658925121
0.0001093045874113352 -2.644240149856426e-05 0.0005213164563678954
0.0001017975231882526 0.0002605382827387986 0.0005482967561149835
-0.000388171934049763 -0.0001526482496563012 0.0005216238531166649
0.0003929031118978407 0.0001421295460911576 0.0005319469421213623
-0.0001919821563219055 -0.0003901248913366655 0.0005187393947454855
0.0003716508610058485 -0.0001065264118823625 0.0005220115167186843
0.0002450007364879517 0.0003253849811029806 0.0005146066656045091
0.0001641139705975066 -0.0001187892504303605 0.0005158410339601176
0.0001193433439389154 0.0001608545195546134 0.0005150755286027224
-0.0001617646967515834 -0.0001877260482852994 0.000511715694955353
-0.0001372549026108411 7.554249662772104e-06 0.0005140225089754337
0.0002795898123644598 -0.0003945364295024742 0.0005147673797518602
4.245790284432501e-05 -0.000231502952142302 0.0005584824475094841
-0.0003215815315466744 4.359172281076118e-05 0.000560156333853888
-0.0004099750533725921 -0.0004099877623340039 0.0005306830917854629
5.882519339123869e-05 0.0004036322147586774 0.0005062928134726524
-4.575103155936761e-06 -0.0004033190399016522 0.0005069167537895712
-3.4809420203897e-05 6.445331731741617e-05 0.0005047897101381327
-3.481098848247961e-05 -0.0001391212972053056 0.0005652377427579436
-0.0001844859793815765 0.0001757947327526709 0.0005047751314386617
-0.0004108323828074081 0.0004087546837083322 0.00053935662317151
-0.0002010194849175269 5.940532182208383e-05 0.0005670366618576653
-5.876717377700265e-05 0.0002792572544233696 0.000500173349800331
-0.0002899045638596613 -0.0002412971744126115 0.0005049244705220637
0.0002352849952857506 0.0004049801971216794 0.0005683273553739869
-0.000111400811456335 0.0004060052614490941 0.0005039898019135353
-8.817451275308579e-05 0.0001942742984831645 0.0005652377930792655
0.0004029489343161685 0.0003031322585122846 0.0005636232481365025
3.159018770806863e-05 0.0003015412700755241 0.000502928215397593
-0.0003943452713626744 4.302579369760568e-05 0.0005022461571212
0.0004116442556798529 0.0004114407648597314 0.0005744420354000082
-2.257769675394546e-05 0.0001286020931528113 0.0005710041429555893
0.0002780364118128404 3.524552520246189e-05 0.000498939006230003
0.0003548118429776838 -0.0004193977059759715 0.0005764775737907901
-0.0004123306200404232 0.0003276792196454006 0.0004992486370011266
9.913474217683151e-05 -0.0004083139401663671 0.000502326502833908
0.0002062614575507322 0.0001446893466613911 0.0004958979992091868
-0.0001117446479581309 0.0003403269398864875 0.0005684058148704197
0.0004142483245571153 -0.0004142410153708137 0.0004934546906327752
-2.073874340081451e-05 -0.0003049455522748819 0.0005700245913906295
-0.0002941176470606831 -0.0002981018427019387 0.0005757199791516685
-0.0001234687578869347 -0.0002812960457880857 0.0004983552454172789
-0.0001998101883464637 -0.0001007947280962124 0.0005709189373505409
-0.0003001803144280644 -7.741963380595207e-05 0.0005715600890764396
-0.0003018228606249172 0.0002053860965088569 0.0005693904635108699
0.000417011851809932 0.0003559132859930587 0.0004963104981211962
6.855844863925302e-05 0.0003441474770924719 0.0005716659353541867
-7.463109071784893e-05 2.597398579711606e-05 0.0005740996071379584
-0.0002623188491508754 4.761989477078996e-05 0.0004942692590356239
-0.0001379364377042475 -0.0002428182051220264 0.0005766301304961639
-0.0002144181672704297 0.0002206930755380806 0.0005754799302571071
4.459845728279503e-06 -0.0001844579353534855 0.0004948290508356759
0.0003079614651593724 -5.436393890932153e-05 0.0005669018362848037
-0.0004155145731656274 -0.0003345108188216452 0.0005758383606341676
0.0001764696829303933 0.0002943520702050522 0.0005780250616845548
0.0004162833307035948 6.994627044989411e-05 0.0005747399262513602
0.0004168222456171421 -0.0002847927439218047 0.0004929102435384198
-1.500128951026473e-05 0.0002870706830875068 0.000574814128808371
-5.391401589195529e-05 0.0001565099861903899 0.0004953618088267119
5.024142317136421e-05 -0.0004088129731699807 0.000574795262636092
5.744473516038565e-05 0.0001609458125888718 0.0005753869601909848
-0.0002569074500752972 -0.0003380413480111948 0.0004935223136743237
0.0001895233349772001 -0.0002965770230307295 0.0004928933511432074
0.0002194318489576795 -0.0002141128942788422 0.0004968062806663846
0.0003027888076562422 0.0003056491917422346 0.0005762635506766861
3.104054784656269e-05 0.0001441168432404987 0.0004913332014878277
0.0001938285502956133 -0.000176561168136804 0.0005750283200290058
-4.279382022498554e-05 -9.349869581950842e-05 0.000492929494100835
0.0001631627021424107 0.0002854861179284292 0.0004936581447480935
0.0004146511273693061 0.000221127813953305 0.0004965466736379985
7.471586361835303e-06 -0.0002762821553744973 0.0004944308603091618
0.0001316497548458367 -0.0003111650268532658 0.0005756790192065163
0.0004115848592127682 -0.0002846274216899414 0.000578248645530072
0.0002769593673476218 0.000416215616873742 0.0004935379911336871
-0.0003303749461610599 -0.000197740039795263 0.0005683266620190521
5.477989586953625e-05 3.105712960281865e-06 0.0005796797497716911
-0.0001593431020643391 -0.0003382799868977207 0.0005785238359778148
0.000230898388607585 -0.0004201352518420626 0.0005796659111151813
0.0002756985514428576 0.0001940935380399287 0.0005763731929517782
-4.977523657776834e-05 -0.000419184382217715 0.0005778156483618579
0.000252087473291321 5.512111603282582e-05 0.0005768514760600277
1.701338468579897e-05 0.0004209363918726013 0.0005786797627978567
-0.0002149923421081994 -0.0002073233686474131 0.0005758536830123044
-0.0004155249338233927 -0.0003250868418235648 0.0004893294285539743
0.0003027319488161262 -0.0002167846204525229 0.0005762793131408764
-0.000419465659696058 1.575067719242694e-05 0.0005788124335121828
0.0003004474634664078 -0.0003425806853935981 0.000578622849663622
0.0002780381977685536 0.0001930562288912105 0.0004926307296145639
0.0001029925339390556 0.0004213364295715315 0.0005796814905750261
0.000304906123789616 -0.0002208761920303074 0.0004925925920296503
0.0001179946187864919 -8.734178809052812e-05 0.0005796073182788421
-0.0002997500212381851 -9.107930624769594e-05 0.0004883411639451919
-0.0001947690273857877 -8.376228031395769e-05 0.0004886991325782264
-0.0001785323405835184 7.589804672257454e-05 0.0004877416076511461
0.0004053701651581887 6.977717131380096e-05 0.0004917542755503658
-0.0001183030758034789 -0.0004201517066807256 0.0004894433998726782
0.000192790334613748 0.0004192325772652591 0.0004905318460505065
-0.0002515403373469641 -0.0003856921412701826 0.0005790479732903602
-0.000328397081859992 0.0001700317769046045 0.0004939029488435133
-8.464500686350504e-05 -0.0001654947628389525 0.0004891938392222679
8.737999524284304e-05 -0.0001932795154736143 0.0004910576440846162
0.0004299297374451556 -0.0004299223757857728 0.0005816009383769308
-0.0004213222794295196 0.0003376969280295277 0.000581360572016699
0.0004181413111649763 -0.0001554426698593299 0.0005751642706925827
0.0003521071687894942 0.0003040444704158306 0.0004993529177866393
0.0001611261365907437 1.687023368308244e-06 0.0005796221966124636
-0.0001332956866875184 -0.0004175939756842647 0.0005718025633114246
-0.0002628630174520209 0.0004160396720391117 0.0004928199211604963
0.0004175826697839713 -5.531615396832198e-05 0.0005740185428414253
-7.760347872249255e-05 0.0004153278440661701 0.0005793670807722372
0.000103590896117529 -0.0001805649914758822 0.0005806665140345818
-0.0001121889370804669 -0.0001645421882184493 0.0005778025573728498
-0.0001934314140662594 0.0001408235573557615 0.0005791388845790125
6.711973804034212e-05 0.0002179048347590811 0.000487107961021611
-0.0004134411144190371 0.0001882400049467423 0.0004928856668779223
-0.0004182834247148342 0.0001949179570215321 0.0005767991431360962
4.276252054926349e-05 9.336626259620124e-06 0.0004889141470137512
-0.0002700090580004808 -0.000419792537207019 0.0004917306806414603
0.0001792290080070308 0.0001576178246645283 0.0005758521907421675
-0.0001682024176414861 -2.586284091434457e-05 0.0005823624034143036
0.000122704841480113 4.860329125368128e-05 0.0004914182720207938
0.0004030725835431493 0.0002114154167549482 0.0005802852433354543
-0.0001455207873705123 0.0003312059753205032 0.0004873780862329746
-0.0003210791556814536 0.0003019206432022493 0.0005797100262036884
-0.000262658295871761 0.000412968973449514 0.0005779206867882954
0.0004230940383200376 -0.0001675578177835775 0.0004900616265656045
9.06310019956321e-05 -0.0002745289566206601 0.0004861421653135368
0.0003336750962758659 6.804321434032904e-05 0.0005747961583392233
-0.0002037853197220319 0.0003055641008276607 0.0005774728897796465
0.0002784978287126731 -7.857999554506049e-05 0.0004897526694335923
-0.0001140043973323744 0.0002088145013503109 0.0004847360666196637
2.936323114798366e-05 -7.401384372977323e-05 0.0005864373305833647
0.0002221178999414838 -9.960494355415213e-05 0.0005799587387394048
3.367229715685409e-05 -7.031741426884007e-05 0.0004855724184860448
0.0001996300654728973 -0.0002687106193236857 0.0005830379044539871
-1.53654832660218e-05 0.0004251251384190106 0.0004849259464199336
-0.0004126481353429735 -9.992910582238057e-05 0.0005826556004746248
-0.0003319342964273088 -0.0003085434940738188 0.0004899889491955936
-0.0003152844936416529 -1.24183914414481e-05 0.0004897107664709327
0.0004189463835549686 -4.589434855891877e-05 0.0004920371758465401
0.0001125921823298776 0.0001047714686641161 0.000585483862061938
0.0001995889728406851 2.878432269029719e-05 0.0004879843049166202
-0.0003301111578251047 0.0003056488941995283 0.0004895179627936754
0.0004313087398267037 0.0004313599393182223 0.0004843149614430964
0.0002115755318511867 -0.000424463940047188 0.0004872139971311822
-0.0004219562302700166 -8.713825327578815e-05 0.0004860428855367828
-7.186934193933814e-05 -5.208090331936355e-05 0.0005829325778128079
-0.0003300468790703762 9.010540639148431e-05 0.0004956670048234836
0.0003274259872247706 -0.000298729792569142 0.0004891147203565508
-0.0003548533614386271 -0.0004302306738839497 0.0005772392702050694
0.0003093658922448765 0.0004239447775295987 0.0005869773485887984
-6.594266833169969e-05 -4.192422854803909e-06 0.0004845979382896798
0.0003310392692984764 8.909915252023679e-05 0.000482200361053961
-0.0003213794558202365 -0.000171811091104632 0.00048361633011851
0.0003367732025824096 0.000148393139470967 0.0005837466303260868
-0.0004226226357417672 -0.0002181521618941809 0.0004859016008332432
-3.142193108134232e-06 5.456241830481342e-05 0.0005835920126657376
-8.926508154927628e-05 0.0002685777066830683 0.0005875125645551559
-0.0004102413301729046 -0.0002023506928661344 0.0005818307100717506
-0.0003501444005280678 -0.00042584538014223 0.000483660144367826
0.0001007734475792096 0.0003299369128861985 0.0004834251013535508
-0.0002028502362275012 0.0002480497481488224 0.0004829310856404081
0.0001245428175045605 -0.0003913063507839128 0.0005877153362720941
-0.0002314331491775774 -0.0001939709459736005 0.0004798824074191727
0.0002242499660457478 -0.0003412788824076821 0.0005881393471762741
0.0003400320750805117 -0.0004271752255650871 0.0004816646103483205
-0.0003202896919340227 0.0001328112340149141 0.000588157190629666
0.000284447034288684 0.0002684493313575992 0.0004825157406442291
0.0001282857919175631 -0.0003408014086205217 0.0004818088801150077
-3.542860329993823e-05 -0.0003381078554614395 0.0004823168341285029
0.0003320715183458131 -0.0001416022584173209 0.0005833863346911299
-0.0002580101568188802 0.0001992796127845035 0.0005061265060546447
-0.0001809996814575807 -0.0003263713453733546 0.000480180661165882
0.000321513435424387 -0.0001470061046120612 0.000480444756492111
0.0001060885590992616 -8.79044750337191e-05 0.0004787481456348984
0.0001706187202963128 -4.950757008960723e-05 0.0004842102129664296
0.0001176465121837049 0.0002019548199987438 0.0005917932767942456
-0.0002584226122249408 1.777861940754226e-05 0.0005906690430295621
0.0003516685668069152 0.0004270240023914235 0.0004828918563621461
-0.0003548498954527554 0.0004334505635000774 0.0005772089834765001
0.0004323345919290768 -0.0003547417424741896 0.0005771347899124963
0.0003515832259698989 0.0001784289176597821 0.0004792509121720659
-9.346483349211171e-05 -0.0003019514367974606 0.0005866808328783374
-0.000337290363751959 0.0004297533546465892 0.0004848653859027674
-0.0001576276446146751 0.0004253038195224703 0.0005846331118246608
2.915741748619085e-05 -0.0001663046835377864 0.000591701597248443
0.0001605777513805143 0.0002123309491477968 0.000480828445248003
-0.0004314666194436277 8.956298902357835e-05 0.0005917287498651698
4.208139194398427e-05 0.0002416721586657087 0.0005879063104288582
-0.0001039343675408984 6.331971306657453e-05 0.0004791066062960695
0.0002430071232886787 0.0002640684120291984 0.0005889296127702075
0.0002544431733001994 -0.0003321160776633506 0.0004821389786185608
0.0003399851282598156 -0.0002787756013452791 0.0005595128324970882
-0.0002460854988428233 0.0003415873985195301 0.0004858491300498988
-0.0001326964762917139 6.676939264224436e-05 0.0005927678799530728
-0.000416127348512626 0.0001145762834628683 0.0004776219461327104
-0.0004334620089585389 0.0002655595949996018 0.0005933886868113976
-0.0004350704436731921 0.0003901043775505051 0.0004759361744727818
-0.0004345532771186226 -0.0004345549816085952 0.0005921083102307039
0.000343605015457672 -3.954930507336158e-05 0.0004808797962476829
0.0001215104672123068 0.0004298693041320668 0.0004801351825863663
-0.000201565333322122 7.483932133956243e-06 0.0004804266452102732
-0.0001909817067608953 0.000432117858895745 0.0004864002047819524
-0.0003465206191513897 -0.000130354557627142 0.0005928361199699181
0.000434502249447653 0.0001462077584339715 0.0005922441987442072
-7.496418477292971e-05 0.000347443891354266 0.0004808747150655713
-0.0004350042561065349 0.000258235398778596 0.0004938837212826096
0.000234611458696326 0.0003357537407900362 0.0005887370277067117
0.000226433882914288 -0.0001291027271490328 0.0004783978215021505
6.531187925687231e-05 -0.0002900144451511441 0.0005933115951803508
0.0002437954541215242 0.0001237378187227811 0.0005932717519630725
0.0002528557839444696 9.645938694571141e-05 0.0004783525525094474
-0.0002639968976498549 0.0003424727713784512 0.000559633115561501
-0.0004370179338921261 -0.0004370134649911473 0.0004743821194903513
-0.0002272488434500654 -0.0003194373333086522 0.0005917032700033058
0.0001577669858406767 -0.0001804960399634542 0.0004778327141794395
-1.918645568886655e-05 -0.0002377244987717352 0.0005938123716359727
-0.0001449112886941128 0.0002248249206918399 0.0005956437129750109
-0.000434010043940311 -1.552166250016958e-05 0.0004857162330653662
-8.844404051051111e-05 0.0001263000541510841 0.0005975326844757994
0.0001756217576345141 0.0003806446865296071 0.0005976330181266809
-0.0001316014434399217 -5.356542648088079e-05 0.0004789622035332567
-0.0004369250891040509 0.0004368919419775178 0.0005956859239973384
-0.0003363175040333742 -1.908026293862604e-05 0.0005906067250841302
-0.0001816848288987894 -0.0002466773800740961 0.0004782589851062168
0.0001888463610544316 0.0003496553963646424 0.0004794294750762487
-0.0002375065588296893 0.0001107249244703433 0.0004721446553670443
3.257909642387432e-05 -0.0003537200241375001 0.0004737165199851275
9.019376968375122e-05 0.0001091323562603406 0.0004779722527487493
-3.216528205070495e-05 0.0002226677255773372 0.0005960861871138024
-0.0001434762538058321 -0.0001297777614836577 0.0004772695392293734
-0.0003473400389541904 -0.0003411763391295252 0.0005933538550425483
-3.35210571929448e-05 0.0002196925454926463 0.0004746369842374866
0.0003001022991775994 0.000351403745090025 0.0004797942056766137
-0.0002020377556988912 -0.0004365081135522712 0.0005719438894277278
-0.0002610538269139439 0.0002692111358060071 0.0005946235571354517
-0.0003375505577595219 0.0002373016526217487 0.0004782933318762475
-0.0002691935928556229 8.617756084733179e-05 0.0005911883803164566
-0.0001408098529824422 0.0001320617236376315 0.0004740326521481923
1.220246385182423e-05 0.0003623236965983581 0.0004763285883659125
0.0004354794283853071 -0.0002212328624560896 0.000570361708148814
0.0002585590197795134 -1.237139403927111e-05 0.0005916333712138377
0.0004005184440266152 7.011975184628498e-06 0.0005974416501845316
0.0003656041714449764 -0.0002452346440451849 0.0004737328775408138
2.674097727370066e-05 -0.0003475423422563934 0.0005973069242760638
0.0003724116703374178 0.0003576002711409596 0.0005939294075695535
-5.89063026609627e-05 -0.0002691155974443026 0.0004784654345036621
0.0004361787275685101 0.0001555092295160563 0.0004758651589532582
-0.0002767135289549999 -0.0002334261532416007 0.0005945302507473807
0.0001511389329966774 -0.0004360057132676314 0.0005405362359956809
-0.0003541409705647001 -0.0002344921967637238 0.0004748033287666715
-0.0002060537332537593 -0.0004387257443516312 0.0004719365172414869
-0.0004334870068674592 -0.0002683388412053254 0.0005949432597700074
-0.0002574009107143114 0.0001600866944175977 0.0005967205919890816
2.588770471367896e-05 7.390674944746574e-05 0.0004754179844585205
0.0004192225353070282 0.0002884228515707922 0.0004745677221916296
-0.0002562383475874363 -4.132444847486812e-05 0.000471939212690917
0.0002937298689321642 -0.0004056027014380128 0.0005998296025364957
0.0004365515771817992 -0.0003498773145149755 0.0005068414730467648
-0.0002444100490418976 -0.0001275393441574758 0.0004728979174089481
4.118302721179988e-06 0.0003498337102573636 0.0005922812274235642
0.0003692337867638079 -0.0001962239548702436 0.0005980969007254368
-0.0001365786794847713 -8.340098956529853e-05 0.0005991439477345324
-0.0002496906410161436 -0.000136604710782543 0.0005991525522461874
4.446359242637973e-05 -0.0004349950593924689 0.0004727439743639728
-0.0001158792057933807 -0.000344244812941959 0.0004744123560736476
-0.000360142201285083 0.0003668038292999241 0.000593787417108521
0.0001084582419101851 4.08807775499818e-05 0.0005645591993993714
0.0003549489548886091 0.0002650993464099401 0.0005942494033883424
-0.0001193163520670114 -0.0002200932812948659 0.0004708479559882818
-0.0003609571987728512 0.0002257331175424305 0.0005950284745027936
0.0001154030372271821 -0.000245133143456609 0.0005954857347918293
-0.0004375922854062798 -0.0001525550878203813 0.0004745836215499577
0.0001635937670633834 0.0004276158133359899 0.0005507501514011521
0.0002193415911105537 0.000253980586437922 0.0004746519053385891
-0.0003602358693629751 0.0003657492545449941 0.0004760720839479391
0.0004366432658562241 2.394640128526236e-05 0.0005299456181657932
0.0001789576519209817 0.0002293142862288094 0.0005947685777348535
4.432352280330895e-05 -0.0001366608055108875 0.0004701475008322755
0.0003564607411923249 2.674448684628003e-05 0.0004717787376828734
0.0001498167509856967 -0.0002480595886999938 0.0004692971568250552
0.0001135364483138976 0.0003028263719077982 0.0005985870948127873
0.0001486842568700189 -0.0004398434695294469 0.0004702019625564928
-5.437739027414607e-05 -0.0004340998964237285 0.000473762430936601
4.726711348134892e-05 9.864047993726455e-05 0.0005962528958879823
-0.000364741009758082 8.283304539272339e-05 0.0005932832669299264
0.0003209027014491774 -0.0003634169796312238 0.0004716944694056681
0.0002639119048731705 -0.0002653866902050174 0.0005999325366629516
-0.0002419769766019269 -5.530903615916373e-05 0.0005942612555219255
0.0003587719869164664 0.0004375368532312153 0.0005467745239180158
-0.0001410011194688773 0.0002672234899152322 0.0004692869780058094
-0.0002414126525730439 -0.0002759300513834221 0.0004752366894848646
-0.0001757056210278454 -0.0001576119207351132 0.0005942030833123044
-8.744985034316097e-05 -0.0003690630946983463 0.0006001819936305016
-0.0004369227632184857 -4.41106719717804e-05 0.0005569025684883554
-0.000443859653217873 0.0004439435303919147 0.0005002927417045285
0.0002637015206550875 -0.000267602576080866 0.0004698343068846078
0.0001735426568081669 8.975211797377757e-05 0.0004725530122546984
0.0003340065663685596 2.818151449344204e-06 0.0005902477464801192
0.0002453332329043399 -1.626282354973604e-05 0.0004752423176003475
0.000196564994658852 -0.000362034841539444 0.0004726265389813924
0.0002567907171570958 -0.0001729622665682744 0.0005971602970768342
-0.0003613942687151547 -0.0001134931843059455 0.0004741521771434026
-2.494670217894929e-06 -1.915596723507602e-05 0.0006014345074240136
-0.0002929056413868205 -0.0004308182414382409 0.0005531500334424439
-0.0001701012475572257 0.0003606703642498954 0.0005923485530810376
-0.0003762803102936784 -4.27044263569397e-05 0.000469087772272087
-0.0002472269431844311 -8.975188936973172e-05 0.0005266136853109511
-8.102931510682933e-05 -0.0002184426280429543 0.0005958060297505327
0.0004376713822217008 -0.0001057285948371264 0.0005344171058326641
0.0001058917810873401 0.0002668240499614338 0.0004699157064753588
-0.0003189602515160873 -0.0003697420022410163 0.0004705136536591219
0.0003632946841548823 -0.000328388095652288 0.0005990643542820928
0.0001644092165291815 -5.486060349713306e-05 0.0005483774484103354
0.0001075680248859808 -2.733172945791746e-05 0.0006010670090937742
-0.0002104853154126043 0.0004398478495125454 0.0005485739867606855
-0.0001947213045128547 -0.0002642239042317525 0.0005982260966579409
0.0004396113140915811 0.0002627978707682253 0.0006020899669698891
0.0004376496397682893 0.0003528906783032083 0.0005886445136011664
0.0002717013872495756 -0.0004401940853812178 0.0004698564500051274
-7.487691252464395e-06 -2.447633268568853e-05 0.0004682187828902379
-0.0004406257246014581 -0.0002828272294039151 0.0005319338459131756
0.0002380603523355076 -0.0002220868785732407 0.0005587090203945888
0.0003608213710204873 -8.261544358711617e-05 0.0005967911253563154
-0.0002025009214581775 -0.0001391021947585054 0.0005197896346843788
-5.629914677642146e-05 0.0003297842993422419 0.0005984981019102119
-0.0003432952647369551 -0.0002574793218293433 0.0005945376281915725
0.0004372740078059705 -0.0002275704310285316 0.0004721927807467207
0.0002025527601665335 -4.230501705332914e-05 0.0006014987604782349
-0.0001993876448876265 0.0003055258877235675 0.0005127697248871305
0.0004436873491125926 0.0001816765243505488 0.0005388722682106729
-0.0003988185753411321 -0.0003850343047317794 0.0004722144609644056
0.0001484848452131099 -0.0001395290798795181 0.0006019673350736157
-1.884684358063611e-05 -0.0003673559434183877 0.0005574984939788031
-0.0001425032349223846 0.0001653491949628246 0.0005508560090880369
-0.0003794525906912601 0.0001514848811397927 0.0006024942803498182
0.0003582547289500415 0.0002421517561149823 0.0004739488666450612
-0.0003484598089755075 -0.0001005370475013594 0.0005358435929058196
0.0003856023127723237 -0.000361705783476952 0.0004685944069782774
4.587648857021297e-05 -0.0002343305681084204 0.0004671221471692698
-0.0004427288647924776 0.0001454732454152531 0.0005305851254772506
0.0003130115782865288 -0.0004433302632607422 0.0005360792947891346
0.0002792871442433755 0.0003623377545229445 0.0005527615583504567
0.000451756872310102 -0.000451756872310102 0.0005105638971701599
0.0002636114019869569 -0.0001806961031387059 0.0004648943442090265
-0.0003634506466422426 0.0001857995974228246 0.0005450764711365865
3.180745371600027e-06 -9.917509766671635e-05 0.000535259874220937
0.0004516031415776401 0.0004516031415776401 0.0005594094297244556
0.0001539210078241117 6.041372716285275e-05 0.0006043477345145244
0.0004278206212697636 -0.0001061620699276175 0.0004705922787339932
-8.100504201015888e-05 -0.0001122042315680389 0.0005978168483468609
9.397818760051315e-05 -0.0004440066390703825 0.0006029277109350895
-0.0004413313965834593 -0.0001516439787968289 0.0005576304801685714
-0.0004445568109930485 5.777429303590909e-05 0.0005382883166574761
0.0004436182511614144 0.0002673896715197644 0.0005297291893748659
-6.429712830668204e-05 8.474487894231659e-05 0.0005558891806799232
-0.0003674337119077795 0.0003274137210360538 0.0005443440192417585
0.0003288434879523229 -0.0001797829864968628 0.0005331769980592393
0.0002697613881319226 0.0002421213468218063 0.0005370788597874643
4.249072231230104e-06 0.0001730296109505482 0.0006054027884146721
0.000172115055472894 -0.0004308924759890091 0.0005997775493590796
0.0002967833528893765 0.0001388556204583702 0.0004701540692119306
0.0003606598918799822 0.0003659734192506929 0.0004698052854955301
6.923291535525895e-05 -0.0001195567580127747 0.0006011951139153571
0.0001980081031957926 0.0004439431159209427 0.000600977323092987
-0.0001450540276414989 0.0002956343173004543 0.0005972592121614668
-0.0001919969256572484 0.0003707994003887715 0.0004698557493019603
-9.607667595442597e-05 -3.663434271868252e-05 0.0005279893415946368
0.0003314135767016765 0.0002080427691789077 0.0005995934622946999
5.184029349890301e-05 -4.262572305691132e-05 0.0005379556351602633
-5.88242616530451e-05 0.0001037177188506945 0.0004633375637894545
-0.0004488992890642134 -0.0003692307335477924 0.0005437798859084814
-0.0003807104255660328 -0.0001769545404757656 0.0004644677873974775
0.0003819628414787002 0.0001240673589947215 0.0004701957997166972
1.892189375700653e-05 0.0002518152935019691 0.0004684763851518917
0.0001481695769799445 0.0002201029831442 0.0005410269768892278
-0.0003105312662071378 -0.0003918501050500738 0.000600351251245546
-4.59879666974294e-05 -0.0002094035083739171 0.0004693786395109189
-2.968657389392463e-05 -0.0001451158263610908 0.0004616747700965467
-6.297870808299157e-05 0.0004425867740684243 0.0005235962419005242
-0.0001943710596260165 -0.0003832354420087686 0.000603980572691121
-0.0002610269154655629 0.0002617575059650756 0.0004638866371255256
-0.0002562539936088994 -0.0004449154508002123 0.0006016025223916211
-0.0003796539368129627 0.0002966460190389898 0.0006056753560754708
8.181406625071802e-05 -3.267210861300252e-05 0.0004666115796939536
-0.0003952332271763048 -3.676616751560902e-05 0.0006033043328521341
-0.0002933899925042364 -9.743565366478061e-06 0.0005473117641584954
-0.0003707541384953531 -0.0003335444947681063 0.0005321704938511229
-0.0004459195136984488 0.0002970906801460819 0.0005414616761023716
0.0002935709475422692 -2.324204873697977e-05 0.0005146276349030228
-0.0002033849268598211 0.000120109504022472 0.0005222574207208988
-0.0003044674655170385 0.0004411495661312122 0.0005385658474206325
8.757914309154622e-05 -0.0003458496757912181 0.0006066654607262845
-0.0001127054199139193 -1.157498931788917e-05 0.000603917187647169
0.0002441759561182188 0.0003724954930598101 0.0004653322233928275
0.0004409294493194191 0.0001035058581907621 0.00052921983889415
0.000282988631124678 -0.0001037963469209884 0.0005985361032935839
2.489538234733291e-06 -0.0004409777042720271 0.0005976754340928673
-0.0004475451978918433 0.0003649874970214108 0.0005271741717440117
-9.670982541028279e-06 -0.0001932578450189475 0.0005533662190699846
0.0001165335550147667 0.0003662759098159152 0.0006021061751783265
-6.760027435662381e-05 -0.0002979965685547394 0.0005315331743256184
0.0004247366729307275 1.335827796454463e-05 0.0004675904328789141
0.0003196480707155129 0.0001698730380269975 0.0005298795611993512
-1.737874616918148e-05 0.0003099210535799764 0.0004679569001800621
0.0001144246511501365 -0.0001523845724832726 0.0005275353168012709
-8.835311338953008e-05 0.0004462846594045756 0.0004638370331918003
0.0003110075936730003 -0.000106769367737994 0.0005341865666024996
-0.000176794140484303 -3.744208099608747e-05 0.0005234622116587088
0.0001142293370723446 -0.0003564305112407353 0.0005389206804038788
0.0002322257078967525 9.190503927869111e-05 0.0005342071860299481
-2.818712043295278e-05 -0.0001799426595047523 0.0006094378458159742
-2.693709457089191e-05 -8.602284336220186e-05 0.0006050830550246907
-8.939203706962188e-05 -0.0004447872730653544 0.0005380553456991485
0.0004470551675408905 0.0003954860321339252 0.0005292320328475329
-3.178941272035032e-05 0.0004465565277582103 0.0006052521344532355
0.0003663184238441701 -0.0001865137449494319 0.0004860048363673073
0.000125237167859136 0.0001019138907753119 0.0005265561294790684
3.814481859839743e-05 0.0003006161628498533 0.0006004115094338206
-0.000161614100086944 -0.000383917585422821 0.0004660656041709616
-0.0003939658955240373 -0.0003875684798329367 0.0006016625725844271
0.0003124311717517897 0.00036518062202955 0.0006042981987731725
-0.0004435442698403625 -0.0002737582600748363 0.0004715635946395655
0.0002385350213853455 0.0001588948231394035 0.0005446891574228345
0.0004011894979705323 -0.0004491043050837051 0.000536438521711975
0.0004491197006281728 -0.0004011842793209397 0.0005364366826932307
0.0002075224506950291 2.536091855294694e-05 0.0005496090273655486
8.927357585080091e-05 0.0001673638016635081 0.0004635728071432521
0.0003833899013451293 0.0001131594517398154 0.0006050669657694634
3.865191377963653e-05 0.0004436765833777393 0.0004663228537052222
0.0002236185705065641 0.0001945548467903742 0.0004673452185360718
0.0001363369588632198 0.0003740856904206423 0.0004638832683570178
-0.0001464193930570536 0.0001607324940595676 0.0006104285710326939
-0.0004482100625899 0.0001472167269766023 0.0005987748908914191
-0.0002759539438003976 0.0001572738597835651 0.0004662036040537413
-5.344762942386231e-05 0.000237061441549212 0.0005421416919950441
0.0002347396334355899 0.0004461613404018103 0.0005243604265326497
9.704717771876406e-05 -0.0002726771238533992 0.0005456199566788531
0.0001669489378054236 -0.0003515721291511115 0.0006023979108330693
5.882352941176379e-05 0.0003902627959200492 0.0006085046077688939
-0.000222710408965703 -0.0003806692072170451 0.0004674083604584897
6.257102746124818e-06 0.0001022561212404768 0.0005258908175628988
-0.0001632797034294624 -0.0004433415372181757 0.0005255410602110806
-0.0003835985296143169 0.0002820728381657319 0.0004681130592026903
8.329018275795925e-05 0.0002039639423886645 0.0005429303914842528
-0.0002997186819682003 0.0003695010964059361 0.0004799013184646294
0.0003426066277917362 0.0001113813845710988 0.0005356674166422359
0.0001344596079879238 -4.981752476915391e-06 0.0004683569664342228
5.600176732569816e-06 2.947520393923861e-05 0.0005305452792550491
0.0002499689735763539 -0.0004447842346371453 0.0005284875895025768
0.0002058446501240935 0.0003601096009469174 0.0005427803406259396
0.0001696540854287457 -0.0002220534789218695 0.0006053449041868534
-0.0001176217041822914 0.0003832144756381838 0.0006101082492123286
-0.0001470580743616395 2.801124800109096e-05 0.0004594503684129732
0.0001419445032138718 0.0001395566490573617 0.0004642473120888665
-0.0002017555783387878 1.596490330697498e-05 0.0006069251506095108
0.0002356424404849638 -0.0003583174813052994 0.0005322152165499166
-0.0001500485766891434 6.030187081989204e-05 0.0005368668234939077
0.0002223441330696723 0.0001890147019371707 0.0006028022374438787
3.212010482157654e-05 -0.0004439553790188908 0.0005302894864804245
-0.0002165842618330012 -0.0003393741610820917 0.0005369267324454353
-0.0003146989621619833 0.0002506354775566855 0.0005321479449867112
$EndNodes
$Elements
9 23623 1 23623
2 5 2 692
1 1 45 887 
2 93 1 887 
3 60 4 883 
4 4 125 883 
5 77 5 882 
6 5 108 882 
7 8 92 881 
8 140 8 881 
9 45 46 600 
10 45 600 887 
11 46 47 872 
12 600 46 872 
13 47 48 592 
14 47 592 872 
15 48 49 772 
16 592 48 772 
17 49 50 581 
18 49 581 772 
19 50 51 716 
20 581 50 716 
21 51 52 875 
22 716 51 875 
23 52 53 579 
24 52 579 875 
25 53 54 777 
26 579 53 777 
27 54 55 787 
28 777 54 787 
29 55 56 586 
30 55 586 787 
31 56 57 808 
32 586 56 808 
33 57 58 593 
34 57 593 808 
35 58 59 759 
36 593 58 759 
37 59 60 598 
38 59 598 759 
39 598 60 883 
40 78 77 841 
41 841 77 882 
42 79 78 791 
43 791 78 841 
44 80 79 590 
45 590 79 791 
46 81 80 788 
47 80 590 788 
48 82 81 583 
49 583 81 788 
50 83 82 837 
51 82 583 837 
52 84 83 884 
53 83 837 884 
54 85 84 580 
55 580 84 884 
56 86 85 877 
57 85 580 877 
58 87 86 846 
59 846 86 877 
60 88 87 584 
61 584 87 846 
62 89 88 873 
63 88 584 873 
64 90 89 596 
65 596 89 873 
66 91 90 880 
67 90 596 880 
68 92 91 597 
69 597 91 880 
70 92 597 881 
71 94 93 856 
72 856 93 887 
73 95 94 851 
74 851 94 856 
75 96 95 595 
76 595 95 851 
77 97 96 786 
78 96 595 786 
79 98 97 588 
80 588 97 786 
81 99 98 863 
82 98 588 863 
83 100 99 852 
84 852 99 863 
85 101 100 578 
86 578 100 852 
87 102 101 864 
88 101 578 864 
89 103 102 853 
90 853 102 864 
91 104 103 587 
92 587 103 853 
93 105 104 774 
94 104 587 774 
95 106 105 594 
96 594 105 774 
97 107 106 758 
98 106 594 758 
99 108 107 599 
100 599 107 758 
101 108 599 882 
102 125 126 769 
103 125 769 883 
104 126 127 874 
105 769 126 874 
106 127 128 589 
107 127 589 874 
108 128 129 869 
109 589 128 869 
110 129 130 582 
111 129 582 869 
112 130 131 833 
113 582 130 833 
114 131 132 834 
115 833 131 834 
116 132 133 577 
117 132 577 834 
118 133 134 778 
119 577 133 778 
120 134 135 781 
121 778 134 781 
122 135 136 585 
123 135 585 781 
124 136 137 824 
125 585 136 824 
126 137 138 591 
127 137 591 824 
128 138 139 601 
129 591 138 601 
130 139 140 840 
131 601 139 840 
132 840 140 881 
133 577 778 779 
134 577 779 832 
135 577 832 834 
136 578 852 866 
137 578 855 864 
138 855 578 866 
139 714 579 785 
140 579 714 875 
141 579 777 868 
142 785 579 868 
143 580 739 850 
144 739 580 884 
145 836 580 850 
146 580 836 877 
147 581 716 871 
148 581 752 772 
149 752 581 871 
150 582 766 869 
151 766 582 876 
152 582 833 835 
153 582 835 876 
154 583 788 839 
155 837 583 878 
156 583 839 878 
157 720 584 721 
158 584 720 873 
159 721 584 722 
160 722 584 846 
161 781 585 828 
162 585 824 827 
163 585 827 828 
164 787 586 847 
165 586 808 816 
166 586 816 847 
167 774 587 860 
168 587 853 867 
169 860 587 867 
170 588 786 859 
171 854 588 859 
172 588 854 863 
173 765 589 766 
174 589 765 767 
175 766 589 869 
176 589 767 874 
177 788 590 848 
178 590 791 792 
179 590 792 848 
180 591 601 602 
181 591 602 603 
182 591 603 824 
183 592 754 756 
184 754 592 849 
185 592 756 872 
186 592 772 849 
187 593 759 760 
188 593 760 761 
189 593 761 808 
190 758 594 862 
191 594 774 861 
192 594 861 862 
193 786 595 858 
194 595 851 865 
195 858 595 865 
196 718 596 720 
197 596 718 734 
198 720 596 873 
199 596 734 880 
200 715 597 734 
201 597 715 840 
202 734 597 880 
203 597 840 881 
204 759 598 768 
205 768 598 769 
206 769 598 883 
207 599 758 886 
208 841 599 844 
209 599 841 882 
210 844 599 886 
211 600 756 757 
212 756 600 872 
213 600 757 856 
214 600 856 887 
215 602 601 715 
216 715 601 840 
217 603 602 604 
218 604 602 717 
219 602 715 717 
220 603 604 605 
221 603 605 827 
222 824 603 827 
223 605 604 606 
224 606 604 668 
225 668 604 717 
226 605 606 607 
227 605 607 682 
228 605 682 827 
229 607 606 608 
230 608 606 806 
231 606 668 806 
232 607 608 609 
233 607 609 798 
234 682 607 798 
235 609 608 610 
236 610 608 657 
237 657 608 806 
238 609 610 611 
239 609 611 644 
240 609 644 798 
241 611 610 612 
242 612 610 750 
243 610 657 750 
244 611 612 613 
245 611 613 818 
246 644 611 818 
247 613 612 614 
248 614 612 636 
249 636 612 750 
250 613 614 615 
251 613 615 800 
252 613 800 818 
253 615 614 616 
254 616 614 838 
255 614 636 838 
256 615 616 617 
257 615 617 618 
258 615 618 800 
259 617 616 620 
260 620 616 626 
261 626 616 838 
262 618 617 619 
263 619 617 783 
264 617 620 783 
265 618 619 621 
266 618 621 805 
267 800 618 805 
268 621 619 622 
269 622 619 782 
270 782 619 783 
271 620 626 627 
272 620 627 664 
273 620 664 783 
274 621 622 623 
275 621 623 631 
276 621 631 805 
277 623 622 624 
278 624 622 625 
279 625 622 782 
280 623 624 630 
281 623 630 740 
282 631 623 740 
283 624 625 628 
284 624 628 809 
285 630 624 809 
286 628 625 629 
287 629 625 802 
288 625 782 802 
289 627 626 632 
290 632 626 879 
291 626 838 879 
292 627 632 633 
293 627 633 815 
294 664 627 815 
295 628 629 634 
296 628 634 643 
297 628 643 809 
298 634 629 635 
299 635 629 637 
300 637 629 802 
301 740 630 803 
302 630 797 803 
303 797 630 809 
304 631 740 807 
305 631 770 805 
306 770 631 807 
307 633 632 645 
308 645 632 650 
309 650 632 879 
310 633 645 646 
311 633 646 665 
312 633 665 815 
313 634 635 804 
314 643 634 647 
315 647 634 804 
316 635 637 638 
317 635 638 639 
318 635 639 804 
319 636 728 731 
320 728 636 885 
321 636 731 838 
322 636 750 885 
323 638 637 640 
324 640 637 814 
325 637 802 814 
326 639 638 789 
327 638 640 641 
328 638 641 789 
329 639 789 796 
330 639 796 811 
331 804 639 811 
332 641 640 642 
333 642 640 681 
334 681 640 814 
335 641 642 652 
336 641 652 654 
337 641 654 789 
338 652 642 653 
339 653 642 793 
340 642 681 793 
341 643 647 656 
342 643 656 812 
343 809 643 812 
344 798 644 820 
345 644 818 819 
346 644 819 820 
347 646 645 648 
348 648 645 735 
349 645 650 735 
350 646 648 649 
351 646 649 813 
352 665 646 813 
353 656 647 658 
354 658 647 790 
355 790 647 804 
356 649 648 651 
357 651 648 661 
358 661 648 735 
359 649 651 655 
360 649 655 659 
361 649 659 813 
362 650 732 735 
363 732 650 888 
364 650 879 888 
365 655 651 662 
366 651 661 843 
367 662 651 843 
368 652 653 801 
369 654 652 660 
370 660 652 801 
371 653 793 823 
372 801 653 825 
373 653 823 825 
374 654 660 663 
375 654 663 673 
376 654 673 789 
377 659 655 741 
378 655 662 666 
379 655 666 741 
380 656 658 669 
381 656 669 670 
382 656 670 812 
383 750 657 870 
384 657 806 842 
385 657 842 870 
386 669 658 671 
387 671 658 672 
388 672 658 790 
389 659 741 742 
390 659 742 743 
391 659 743 813 
392 663 660 705 
393 705 660 706 
394 706 660 801 
395 661 735 736 
396 661 736 737 
397 661 737 843 
398 666 662 667 
399 667 662 702 
400 702 662 843 
401 673 663 674 
402 674 663 799 
403 663 705 799 
404 783 664 784 
405 784 664 794 
406 794 664 815 
407 665 813 821 
408 815 665 822 
409 665 821 822 
410 666 667 711 
411 666 711 713 
412 666 713 741 
413 667 702 792 
414 711 667 712 
415 712 667 792 
416 668 717 718 
417 668 718 719 
418 668 719 806 
419 670 669 683 
420 669 671 785 
421 683 669 785 
422 670 683 684 
423 670 684 685 
424 670 685 812 
425 671 672 709 
426 671 709 714 
427 671 714 785 
428 709 672 749 
429 749 672 751 
430 751 672 790 
431 673 674 675 
432 673 675 796 
433 789 673 796 
434 675 674 676 
435 676 674 704 
436 704 674 799 
437 675 676 677 
438 675 677 679 
439 675 679 796 
440 677 676 678 
441 678 676 795 
442 676 704 795 
443 677 678 753 
444 679 677 680 
445 680 677 753 
446 753 678 754 
447 754 678 755 
448 755 678 795 
449 679 680 751 
450 679 751 811 
451 796 679 811 
452 680 749 751 
453 749 680 752 
454 752 680 753 
455 793 681 822 
456 794 681 814 
457 681 794 822 
458 682 798 829 
459 827 682 828 
460 828 682 829 
461 684 683 703 
462 703 683 868 
463 683 785 868 
464 685 684 686 
465 686 684 773 
466 684 703 773 
467 685 686 687 
468 685 687 797 
469 685 797 812 
470 687 686 688 
471 688 686 817 
472 686 773 817 
473 687 688 689 
474 687 689 803 
475 797 687 803 
476 689 688 690 
477 690 688 692 
478 692 688 817 
479 689 690 691 
480 689 691 810 
481 803 689 810 
482 691 690 693 
483 690 692 857 
484 693 690 857 
485 691 693 694 
486 691 694 695 
487 691 695 810 
488 692 762 764 
489 762 692 845 
490 692 764 857 
491 692 817 845 
492 694 693 707 
493 707 693 708 
494 708 693 857 
495 695 694 696 
496 696 694 775 
497 694 707 775 
498 695 696 697 
499 695 697 807 
500 695 807 810 
501 697 696 698 
502 698 696 701 
503 701 696 775 
504 697 698 699 
505 697 699 770 
506 697 770 807 
507 699 698 700 
508 700 698 831 
509 698 701 831 
510 699 700 819 
511 770 699 771 
512 771 699 819 
513 819 700 820 
514 820 700 830 
515 830 700 831 
516 701 775 776 
517 701 776 832 
518 831 701 832 
519 792 702 848 
520 702 843 889 
521 848 702 889 
522 773 703 847 
523 703 777 787 
524 777 703 868 
525 703 787 847 
526 795 704 858 
527 704 799 859 
528 858 704 859 
529 705 706 710 
530 705 710 854 
531 799 705 854 
532 710 706 866 
533 706 801 826 
534 706 826 866 
535 707 708 876 
536 775 707 835 
537 835 707 876 
538 708 764 765 
539 764 708 857 
540 708 765 766 
541 708 766 876 
542 714 709 716 
543 716 709 871 
544 709 749 871 
545 710 852 863 
546 852 710 866 
547 854 710 863 
548 711 712 862 
549 713 711 861 
550 861 711 862 
551 712 792 844 
552 712 844 886 
553 862 712 886 
554 741 713 748 
555 748 713 860 
556 860 713 861 
557 714 716 875 
558 717 715 734 
559 718 717 734 
560 719 718 720 
561 719 720 721 
562 719 721 842 
563 806 719 842 
564 721 722 723 
565 721 723 842 
566 723 722 724 
567 724 722 727 
568 727 722 846 
569 723 724 725 
570 723 725 870 
571 842 723 870 
572 725 724 726 
573 726 724 836 
574 724 727 836 
575 725 726 728 
576 725 728 885 
577 870 725 885 
578 728 726 729 
579 729 726 730 
580 730 726 836 
581 836 727 877 
582 727 846 877 
583 728 729 731 
584 729 730 732 
585 731 729 888 
586 729 732 888 
587 732 730 733 
588 733 730 850 
589 730 836 850 
590 838 731 879 
591 879 731 888 
592 732 733 736 
593 735 732 736 
594 736 733 738 
595 738 733 739 
596 739 733 850 
597 737 736 738 
598 737 738 878 
599 839 737 878 
600 737 839 889 
601 843 737 889 
602 738 739 837 
603 738 837 878 
604 837 739 884 
605 740 803 810 
606 807 740 810 
607 742 741 748 
608 743 742 744 
609 744 742 745 
610 745 742 748 
611 743 744 823 
612 813 743 821 
613 821 743 823 
614 744 745 746 
615 744 746 825 
616 823 744 825 
617 746 745 747 
618 747 745 867 
619 745 748 867 
620 746 747 855 
621 825 746 826 
622 826 746 855 
623 747 853 864 
624 853 747 867 
625 855 747 864 
626 748 860 867 
627 749 752 871 
628 750 870 885 
629 751 790 811 
630 752 753 849 
631 772 752 849 
632 753 754 849 
633 754 755 756 
634 756 755 757 
635 757 755 865 
636 755 795 865 
637 757 851 856 
638 851 757 865 
639 758 862 886 
640 760 759 768 
641 761 760 762 
642 762 760 763 
643 763 760 768 
644 761 762 845 
645 808 761 816 
646 816 761 845 
647 762 763 764 
648 764 763 765 
649 765 763 767 
650 767 763 768 
651 767 768 769 
652 767 769 874 
653 770 771 805 
654 771 800 805 
655 800 771 818 
656 818 771 819 
657 773 816 817 
658 816 773 847 
659 774 860 861 
660 776 775 835 
661 832 776 834 
662 776 833 834 
663 833 776 835 
664 779 778 780 
665 780 778 781 
666 779 780 830 
667 779 830 831 
668 779 831 832 
669 780 781 828 
670 780 828 829 
671 780 829 830 
672 782 783 784 
673 782 784 802 
674 784 794 814 
675 802 784 814 
676 786 858 859 
677 839 788 848 
678 790 804 811 
679 792 791 844 
680 791 841 844 
681 821 793 822 
682 793 821 823 
683 794 815 822 
684 795 858 865 
685 797 809 812 
686 798 820 829 
687 799 854 859 
688 801 825 826 
689 817 816 845 
690 829 820 830 
691 826 855 866 
692 839 848 889 
2 16 2 692
693 13 2189 237 
694 269 2189 13 
695 252 2187 14 
696 14 2187 285 
697 253 2186 15 
698 15 2186 284 
699 16 2185 268 
700 300 2185 16 
701 237 2146 238 
702 237 2189 2146 
703 238 2176 239 
704 2146 2176 238 
705 239 1896 240 
706 239 2176 1896 
707 240 2075 241 
708 1896 2075 240 
709 241 1885 242 
710 241 2075 1885 
711 242 2020 243 
712 1885 2020 242 
713 243 2179 244 
714 2020 2179 243 
715 244 1883 245 
716 244 2179 1883 
717 245 2080 246 
718 1883 2080 245 
719 246 2090 247 
720 2080 2090 246 
721 247 1890 248 
722 247 2090 1890 
723 248 2112 249 
724 1890 2112 248 
725 249 1897 250 
726 249 2112 1897 
727 250 2062 251 
728 1897 2062 250 
729 251 1902 252 
730 251 2062 1902 
731 1902 2187 252 
732 254 2145 253 
733 2145 2186 253 
734 255 2095 254 
735 2095 2145 254 
736 256 1894 255 
737 1894 2095 255 
738 257 2091 256 
739 256 2091 1894 
740 258 1887 257 
741 1887 2091 257 
742 259 2141 258 
743 258 2141 1887 
744 260 2188 259 
745 259 2188 2141 
746 261 1884 260 
747 1884 2188 260 
748 262 2181 261 
749 261 2181 1884 
750 263 2151 262 
751 2151 2181 262 
752 264 1888 263 
753 1888 2151 263 
754 265 2177 264 
755 264 2177 1888 
756 266 1900 265 
757 1900 2177 265 
758 267 2184 266 
759 266 2184 1900 
760 268 1901 267 
761 1901 2184 267 
762 268 2185 1901 
763 270 1904 269 
764 1904 2189 269 
765 271 2092 270 
766 270 2092 1904 
767 272 1899 271 
768 1899 2092 271 
769 273 2089 272 
770 272 2089 1899 
771 274 1892 273 
772 1892 2089 273 
773 275 2168 274 
774 274 2168 1892 
775 276 2156 275 
776 2156 2168 275 
777 277 1882 276 
778 1882 2156 276 
779 278 2169 277 
780 277 2169 1882 
781 279 2157 278 
782 2157 2169 278 
783 280 1891 279 
784 1891 2157 279 
785 281 2077 280 
786 280 2077 1891 
787 282 1898 281 
788 1898 2077 281 
789 283 2061 282 
790 282 2061 1898 
791 284 1903 283 
792 1903 2061 283 
793 284 2186 1903 
794 285 2072 286 
795 285 2187 2072 
796 286 2178 287 
797 2072 2178 286 
798 287 1893 288 
799 287 2178 1893 
800 288 2173 289 
801 1893 2173 288 
802 289 1886 290 
803 289 2173 1886 
804 290 2137 291 
805 1886 2137 290 
806 291 2138 292 
807 2137 2138 291 
808 292 1881 293 
809 292 2138 1881 
810 293 2081 294 
811 1881 2081 293 
812 294 2084 295 
813 2081 2084 294 
814 295 1889 296 
815 295 2084 1889 
816 296 2128 297 
817 1889 2128 296 
818 297 1895 298 
819 297 2128 1895 
820 298 1905 299 
821 1895 1905 298 
822 299 2144 300 
823 1905 2144 299 
824 2144 2185 300 
825 1881 2082 2081 
826 1881 2136 2082 
827 1881 2138 2136 
828 1882 2170 2156 
829 1882 2169 2159 
830 2159 2170 1882 
831 2018 2088 1883 
832 1883 2179 2018 
833 1883 2172 2080 
834 2088 2172 1883 
835 1884 2155 2043 
836 2043 2188 1884 
837 2140 2155 1884 
838 1884 2181 2140 
839 1885 2175 2020 
840 1885 2075 2056 
841 2056 2175 1885 
842 1886 2173 2069 
843 2069 2180 1886 
844 1886 2139 2137 
845 1886 2180 2139 
846 1887 2143 2091 
847 2141 2182 1887 
848 1887 2182 2143 
849 2024 2025 1888 
850 1888 2177 2024 
851 2025 2026 1888 
852 2026 2151 1888 
853 2084 2132 1889 
854 1889 2131 2128 
855 1889 2132 2131 
856 2090 2152 1890 
857 1890 2120 2112 
858 1890 2152 2120 
859 2077 2165 1891 
860 1891 2171 2157 
861 2165 2171 1891 
862 1892 2164 2089 
863 2158 2164 1892 
864 1892 2168 2158 
865 2068 2069 1893 
866 1893 2070 2068 
867 2069 2173 1893 
868 1893 2178 2070 
869 2091 2153 1894 
870 1894 2096 2095 
871 1894 2153 2096 
872 1895 1906 1905 
873 1895 1907 1906 
874 1895 2128 1907 
875 1896 2060 2058 
876 2058 2154 1896 
877 1896 2176 2060 
878 1896 2154 2075 
879 1897 2063 2062 
880 1897 2064 2063 
881 1897 2112 2064 
882 2061 2167 1898 
883 1898 2166 2077 
884 1898 2167 2166 
885 2089 2163 1899 
886 1899 2162 2092 
887 1899 2163 2162 
888 2022 2024 1900 
889 1900 2038 2022 
890 2024 2177 1900 
891 1900 2184 2038 
892 2019 2038 1901 
893 1901 2144 2019 
894 2038 2184 1901 
895 1901 2185 2144 
896 2062 2071 1902 
897 2071 2072 1902 
898 2072 2187 1902 
899 1903 2191 2061 
900 2145 2149 1903 
901 1903 2186 2145 
902 2149 2191 1903 
903 2092 2161 1904 
904 1904 2161 2146 
905 2146 2189 1904 
906 1906 2019 1905 
907 2019 2144 1905 
908 1907 1908 1906 
909 1908 2021 1906 
910 1906 2021 2019 
911 1907 1909 1908 
912 1907 2131 1909 
913 2128 2131 1907 
914 1909 1910 1908 
915 1910 1972 1908 
916 1972 2021 1908 
917 1909 1911 1910 
918 1909 1986 1911 
919 1909 2131 1986 
920 1911 1912 1910 
921 1912 2110 1910 
922 1910 2110 1972 
923 1911 1913 1912 
924 1911 2102 1913 
925 1986 2102 1911 
926 1913 1914 1912 
927 1914 1961 1912 
928 1961 2110 1912 
929 1913 1915 1914 
930 1913 1948 1915 
931 1913 2102 1948 
932 1915 1916 1914 
933 1916 2054 1914 
934 1914 2054 1961 
935 1915 1917 1916 
936 1915 2122 1917 
937 1948 2122 1915 
938 1917 1918 1916 
939 1918 1940 1916 
940 1940 2054 1916 
941 1917 1919 1918 
942 1917 2104 1919 
943 1917 2122 2104 
944 1919 1920 1918 
945 1920 2142 1918 
946 1918 2142 1940 
947 1919 1921 1920 
948 1919 1922 1921 
949 1919 2104 1922 
950 1921 1924 1920 
951 1924 1930 1920 
952 1930 2142 1920 
953 1922 1923 1921 
954 1923 2086 1921 
955 1921 2086 1924 
956 1922 1925 1923 
957 1922 2109 1925 
958 2104 2109 1922 
959 1925 1926 1923 
960 1926 2085 1923 
961 2085 2086 1923 
962 1924 1931 1930 
963 1924 1968 1931 
964 1924 2086 1968 
965 1925 1927 1926 
966 1925 1935 1927 
967 1925 2109 1935 
968 1927 1928 1926 
969 1928 1929 1926 
970 1929 2085 1926 
971 1927 1934 1928 
972 1927 2044 1934 
973 1935 2044 1927 
974 1928 1932 1929 
975 1928 2113 1932 
976 1934 2113 1928 
977 1932 1933 1929 
978 1933 2106 1929 
979 1929 2106 2085 
980 1931 1936 1930 
981 1936 2183 1930 
982 1930 2183 2142 
983 1931 1937 1936 
984 1931 2119 1937 
985 1968 2119 1931 
986 1932 1938 1933 
987 1932 1947 1938 
988 1932 2113 1947 
989 1938 1939 1933 
990 1939 1941 1933 
991 1941 2106 1933 
992 2044 2107 1934 
993 1934 2107 2101 
994 2101 2113 1934 
995 1935 2111 2044 
996 1935 2109 2073 
997 2073 2111 1935 
998 1937 1949 1936 
999 1949 1954 1936 
1000 1954 2183 1936 
1001 1937 1950 1949 
1002 1937 1969 1950 
1003 1937 2119 1969 
1004 1938 2108 1939 
1005 1947 1951 1938 
1006 1951 2108 1938 
1007 1939 1942 1941 
1008 1939 1943 1942 
1009 1939 2108 1943 
1010 1940 2035 2032 
1011 2032 2190 1940 
1012 1940 2142 2035 
1013 1940 2190 2054 
1014 1942 1944 1941 
1015 1944 2118 1941 
1016 1941 2118 2106 
1017 1943 2093 1942 
1018 1942 1945 1944 
1019 1942 2093 1945 
1020 1943 2100 2093 
1021 1943 2115 2100 
1022 2108 2115 1943 
1023 1945 1946 1944 
1024 1946 1985 1944 
1025 1985 2118 1944 
1026 1945 1956 1946 
1027 1945 1958 1956 
1028 1945 2093 1958 
1029 1956 1957 1946 
1030 1957 2097 1946 
1031 1946 2097 1985 
1032 1947 1960 1951 
1033 1947 2116 1960 
1034 2113 2116 1947 
1035 2102 2124 1948 
1036 1948 2123 2122 
1037 1948 2124 2123 
1038 1950 1952 1949 
1039 1952 2039 1949 
1040 1949 2039 1954 
1041 1950 1953 1952 
1042 1950 2117 1953 
1043 1969 2117 1950 
1044 1960 1962 1951 
1045 1962 2094 1951 
1046 2094 2108 1951 
1047 1953 1955 1952 
1048 1955 1965 1952 
1049 1965 2039 1952 
1050 1953 1959 1955 
1051 1953 1963 1959 
1052 1953 2117 1963 
1053 1954 2039 2036 
1054 2036 2192 1954 
1055 1954 2192 2183 
1056 1959 1966 1955 
1057 1955 2148 1965 
1058 1966 2148 1955 
1059 1956 2105 1957 
1060 1958 1964 1956 
1061 1964 2105 1956 
1062 1957 2127 2097 
1063 2105 2129 1957 
1064 1957 2129 2127 
1065 1958 1967 1964 
1066 1958 1977 1967 
1067 1958 2093 1977 
1068 1963 2045 1959 
1069 1959 1970 1966 
1070 1959 2045 1970 
1071 1960 1973 1962 
1072 1960 1974 1973 
1073 1960 2116 1974 
1074 2054 2174 1961 
1075 1961 2147 2110 
1076 1961 2174 2147 
1077 1973 1975 1962 
1078 1975 1976 1962 
1079 1976 2094 1962 
1080 1963 2046 2045 
1081 1963 2047 2046 
1082 1963 2117 2047 
1083 1967 2009 1964 
1084 2009 2010 1964 
1085 2010 2105 1964 
1086 1965 2040 2039 
1087 1965 2041 2040 
1088 1965 2148 2041 
1089 1970 1971 1966 
1090 1971 2006 1966 
1091 2006 2148 1966 
1092 1977 1978 1967 
1093 1978 2103 1967 
1094 1967 2103 2009 
1095 2086 2087 1968 
1096 2087 2098 1968 
1097 2098 2119 1968 
1098 1969 2125 2117 
1099 2119 2126 1969 
1100 1969 2126 2125 
1101 1970 2015 1971 
1102 1970 2017 2015 
1103 1970 2045 2017 
1104 1971 2096 2006 
1105 2015 2016 1971 
1106 2016 2096 1971 
1107 1972 2022 2021 
1108 1972 2023 2022 
1109 1972 2110 2023 
1110 1974 1987 1973 
1111 1973 2088 1975 
1112 1987 2088 1973 
1113 1974 1988 1987 
1114 1974 1989 1988 
1115 1974 2116 1989 
1116 1975 2013 1976 
1117 1975 2018 2013 
1118 1975 2088 2018 
1119 2013 2053 1976 
1120 2053 2055 1976 
1121 2055 2094 1976 
1122 1977 1979 1978 
1123 1977 2100 1979 
1124 2093 2100 1977 
1125 1979 1980 1978 
1126 1980 2008 1978 
1127 2008 2103 1978 
1128 1979 1981 1980 
1129 1979 1983 1981 
1130 1979 2100 1983 
1131 1981 1982 1980 
1132 1982 2099 1980 
1133 1980 2099 2008 
1134 1981 2057 1982 
1135 1983 1984 1981 
1136 1984 2057 1981 
1137 2057 2058 1982 
1138 2058 2059 1982 
1139 2059 2099 1982 
1140 1983 2055 1984 
1141 1983 2115 2055 
1142 2100 2115 1983 
1143 1984 2055 2053 
1144 2053 2056 1984 
1145 2056 2057 1984 
1146 2097 2126 1985 
1147 2098 2118 1985 
1148 1985 2126 2098 
1149 1986 2133 2102 
1150 2131 2132 1986 
1151 2132 2133 1986 
1152 1988 2007 1987 
1153 2007 2172 1987 
1154 1987 2172 2088 
1155 1989 1990 1988 
1156 1990 2076 1988 
1157 1988 2076 2007 
1158 1989 1991 1990 
1159 1989 2101 1991 
1160 1989 2116 2101 
1161 1991 1992 1990 
1162 1992 2121 1990 
1163 1990 2121 2076 
1164 1991 1993 1992 
1165 1991 2107 1993 
1166 2101 2107 1991 
1167 1993 1994 1992 
1168 1994 1996 1992 
1169 1996 2121 1992 
1170 1993 1995 1994 
1171 1993 2114 1995 
1172 2107 2114 1993 
1173 1995 1997 1994 
1174 1994 2160 1996 
1175 1997 2160 1994 
1176 1995 1998 1997 
1177 1995 1999 1998 
1178 1995 2114 1999 
1179 1996 2067 2065 
1180 2065 2150 1996 
1181 1996 2160 2067 
1182 1996 2150 2121 
1183 1998 2011 1997 
1184 2011 2012 1997 
1185 2012 2160 1997 
1186 1999 2000 1998 
1187 2000 2078 1998 
1188 1998 2078 2011 
1189 1999 2001 2000 
1190 1999 2111 2001 
1191 1999 2114 2111 
1192 2001 2002 2000 
1193 2002 2005 2000 
1194 2005 2078 2000 
1195 2001 2003 2002 
1196 2001 2073 2003 
1197 2001 2111 2073 
1198 2003 2004 2002 
1199 2004 2135 2002 
1200 2002 2135 2005 
1201 2003 2123 2004 
1202 2073 2074 2003 
1203 2074 2123 2003 
1204 2123 2124 2004 
1205 2124 2134 2004 
1206 2134 2135 2004 
1207 2005 2079 2078 
1208 2005 2136 2079 
1209 2135 2136 2005 
1210 2096 2153 2006 
1211 2006 2193 2148 
1212 2153 2193 2006 
1213 2076 2152 2007 
1214 2007 2090 2080 
1215 2080 2172 2007 
1216 2007 2152 2090 
1217 2099 2163 2008 
1218 2008 2164 2103 
1219 2163 2164 2008 
1220 2009 2014 2010 
1221 2009 2158 2014 
1222 2103 2158 2009 
1223 2014 2170 2010 
1224 2010 2130 2105 
1225 2010 2170 2130 
1226 2011 2180 2012 
1227 2078 2139 2011 
1228 2139 2180 2011 
1229 2012 2068 2067 
1230 2067 2160 2012 
1231 2012 2069 2068 
1232 2012 2180 2069 
1233 2018 2020 2013 
1234 2020 2175 2013 
1235 2013 2175 2053 
1236 2014 2168 2156 
1237 2156 2170 2014 
1238 2158 2168 2014 
1239 2015 2167 2016 
1240 2017 2166 2015 
1241 2166 2167 2015 
1242 2016 2149 2096 
1243 2016 2191 2149 
1244 2167 2191 2016 
1245 2045 2052 2017 
1246 2052 2165 2017 
1247 2165 2166 2017 
1248 2018 2179 2020 
1249 2021 2038 2019 
1250 2022 2038 2021 
1251 2023 2024 2022 
1252 2023 2025 2024 
1253 2023 2147 2025 
1254 2110 2147 2023 
1255 2025 2027 2026 
1256 2025 2147 2027 
1257 2027 2028 2026 
1258 2028 2031 2026 
1259 2031 2151 2026 
1260 2027 2029 2028 
1261 2027 2174 2029 
1262 2147 2174 2027 
1263 2029 2030 2028 
1264 2030 2140 2028 
1265 2028 2140 2031 
1266 2029 2032 2030 
1267 2029 2190 2032 
1268 2174 2190 2029 
1269 2032 2033 2030 
1270 2033 2034 2030 
1271 2034 2140 2030 
1272 2140 2181 2031 
1273 2031 2181 2151 
1274 2032 2035 2033 
1275 2033 2036 2034 
1276 2035 2192 2033 
1277 2033 2192 2036 
1278 2036 2037 2034 
1279 2037 2155 2034 
1280 2034 2155 2140 
1281 2142 2183 2035 
1282 2183 2192 2035 
1283 2036 2040 2037 
1284 2039 2040 2036 
1285 2040 2042 2037 
1286 2042 2043 2037 
1287 2043 2155 2037 
1288 2041 2042 2040 
1289 2041 2182 2042 
1290 2143 2182 2041 
1291 2041 2193 2143 
1292 2148 2193 2041 
1293 2042 2141 2043 
1294 2042 2182 2141 
1295 2141 2188 2043 
1296 2044 2114 2107 
1297 2111 2114 2044 
1298 2046 2052 2045 
1299 2047 2048 2046 
1300 2048 2049 2046 
1301 2049 2052 2046 
1302 2047 2127 2048 
1303 2117 2125 2047 
1304 2125 2127 2047 
1305 2048 2050 2049 
1306 2048 2129 2050 
1307 2127 2129 2048 
1308 2050 2051 2049 
1309 2051 2171 2049 
1310 2049 2171 2052 
1311 2050 2159 2051 
1312 2129 2130 2050 
1313 2130 2159 2050 
1314 2051 2169 2157 
1315 2157 2171 2051 
1316 2159 2169 2051 
1317 2052 2171 2165 
1318 2053 2175 2056 
1319 2054 2190 2174 
1320 2055 2115 2094 
1321 2056 2154 2057 
1322 2075 2154 2056 
1323 2057 2154 2058 
1324 2058 2060 2059 
1325 2060 2161 2059 
1326 2059 2162 2099 
1327 2161 2162 2059 
1328 2146 2161 2060 
1329 2060 2176 2146 
1330 2061 2191 2167 
1331 2063 2071 2062 
1332 2064 2065 2063 
1333 2065 2066 2063 
1334 2066 2071 2063 
1335 2064 2150 2065 
1336 2112 2120 2064 
1337 2120 2150 2064 
1338 2065 2067 2066 
1339 2067 2068 2066 
1340 2068 2070 2066 
1341 2070 2071 2066 
1342 2070 2072 2071 
1343 2070 2178 2072 
1344 2073 2109 2074 
1345 2074 2109 2104 
1346 2104 2122 2074 
1347 2122 2123 2074 
1348 2076 2121 2120 
1349 2120 2152 2076 
1350 2077 2166 2165 
1351 2079 2139 2078 
1352 2136 2138 2079 
1353 2079 2138 2137 
1354 2137 2139 2079 
1355 2082 2083 2081 
1356 2083 2084 2081 
1357 2082 2134 2083 
1358 2082 2135 2134 
1359 2082 2136 2135 
1360 2083 2132 2084 
1361 2083 2133 2132 
1362 2083 2134 2133 
1363 2085 2087 2086 
1364 2085 2106 2087 
1365 2087 2118 2098 
1366 2106 2118 2087 
1367 2089 2164 2163 
1368 2143 2153 2091 
1369 2092 2162 2161 
1370 2094 2115 2108 
1371 2096 2149 2095 
1372 2095 2149 2145 
1373 2125 2126 2097 
1374 2097 2127 2125 
1375 2098 2126 2119 
1376 2162 2163 2099 
1377 2101 2116 2113 
1378 2102 2133 2124 
1379 2103 2164 2158 
1380 2105 2130 2129 
1381 2121 2150 2120 
1382 2133 2134 2124 
1383 2130 2170 2159 
1384 2143 2193 2153 
2 31 2 692
1385 25 3560 433 
1386 477 3560 25 
1387 448 3556 26 
1388 26 3556 493 
1389 457 3555 27 
1390 27 3555 492 
1391 28 3554 472 
1392 508 3554 28 
1393 433 3273 434 
1394 433 3560 3273 
1395 434 3545 435 
1396 3273 3545 434 
1397 435 3265 436 
1398 435 3545 3265 
1399 436 3445 437 
1400 3265 3445 436 
1401 437 3254 438 
1402 437 3445 3254 
1403 438 3389 439 
1404 3254 3389 438 
1405 439 3548 440 
1406 3389 3548 439 
1407 440 3252 441 
1408 440 3548 3252 
1409 441 3450 442 
1410 3252 3450 441 
1411 442 3460 443 
1412 3450 3460 442 
1413 443 3259 444 
1414 443 3460 3259 
1415 444 3481 445 
1416 3259 3481 444 
1417 445 3266 446 
1418 445 3481 3266 
1419 446 3432 447 
1420 3266 3432 446 
1421 447 3271 448 
1422 447 3432 3271 
1423 3271 3556 448 
1424 458 3514 457 
1425 3514 3555 457 
1426 459 3464 458 
1427 3464 3514 458 
1428 460 3263 459 
1429 3263 3464 459 
1430 461 3461 460 
1431 460 3461 3263 
1432 462 3256 461 
1433 3256 3461 461 
1434 463 3510 462 
1435 462 3510 3256 
1436 464 3557 463 
1437 463 3557 3510 
1438 465 3253 464 
1439 3253 3557 464 
1440 466 3550 465 
1441 465 3550 3253 
1442 467 3519 466 
1443 3519 3550 466 
1444 468 3257 467 
1445 3257 3519 467 
1446 469 3546 468 
1447 468 3546 3257 
1448 470 3269 469 
1449 3269 3546 469 
1450 471 3553 470 
1451 470 3553 3269 
1452 472 3270 471 
1453 3270 3553 471 
1454 472 3554 3270 
1455 478 3529 477 
1456 3529 3560 477 
1457 479 3524 478 
1458 3524 3529 478 
1459 480 3268 479 
1460 3268 3524 479 
1461 481 3459 480 
1462 480 3459 3268 
1463 482 3261 481 
1464 3261 3459 481 
1465 483 3536 482 
1466 482 3536 3261 
1467 484 3525 483 
1468 3525 3536 483 
1469 485 3251 484 
1470 3251 3525 484 
1471 486 3537 485 
1472 485 3537 3251 
1473 487 3526 486 
1474 3526 3537 486 
1475 488 3260 487 
1476 3260 3526 487 
1477 489 3447 488 
1478 488 3447 3260 
1479 490 3267 489 
1480 3267 3447 489 
1481 491 3431 490 
1482 490 3431 3267 
1483 492 3272 491 
1484 3272 3431 491 
1485 492 3555 3272 
1486 493 3442 494 
1487 493 3556 3442 
1488 494 3547 495 
1489 3442 3547 494 
1490 495 3262 496 
1491 495 3547 3262 
1492 496 3542 497 
1493 3262 3542 496 
1494 497 3255 498 
1495 497 3542 3255 
1496 498 3506 499 
1497 3255 3506 498 
1498 499 3507 500 
1499 3506 3507 499 
1500 500 3250 501 
1501 500 3507 3250 
1502 501 3451 502 
1503 3250 3451 501 
1504 502 3454 503 
1505 3451 3454 502 
1506 503 3258 504 
1507 503 3454 3258 
1508 504 3497 505 
1509 3258 3497 504 
1510 505 3264 506 
1511 505 3497 3264 
1512 506 3274 507 
1513 3264 3274 506 
1514 507 3513 508 
1515 3274 3513 507 
1516 3513 3554 508 
1517 3250 3452 3451 
1518 3250 3505 3452 
1519 3250 3507 3505 
1520 3251 3539 3525 
1521 3251 3537 3528 
1522 3528 3539 3251 
1523 3387 3458 3252 
1524 3252 3548 3387 
1525 3252 3541 3450 
1526 3458 3541 3252 
1527 3253 3523 3412 
1528 3412 3557 3253 
1529 3509 3523 3253 
1530 3253 3550 3509 
1531 3254 3544 3389 
1532 3254 3445 3425 
1533 3425 3544 3254 
1534 3255 3542 3439 
1535 3439 3549 3255 
1536 3255 3508 3506 
1537 3255 3549 3508 
1538 3256 3512 3461 
1539 3510 3551 3256 
1540 3256 3551 3512 
1541 3393 3394 3257 
1542 3257 3546 3393 
1543 3394 3395 3257 
1544 3395 3519 3257 
1545 3454 3501 3258 
1546 3258 3500 3497 
1547 3258 3501 3500 
1548 3460 3520 3259 
1549 3259 3489 3481 
1550 3259 3520 3489 
1551 3447 3533 3260 
1552 3260 3540 3526 
1553 3533 3540 3260 
1554 3261 3532 3459 
1555 3527 3532 3261 
1556 3261 3536 3527 
1557 3438 3439 3262 
1558 3262 3440 3438 
1559 3439 3542 3262 
1560 3262 3547 3440 
1561 3461 3521 3263 
1562 3263 3465 3464 
1563 3263 3521 3465 
1564 3264 3275 3274 
1565 3264 3276 3275 
1566 3264 3497 3276 
1567 3265 3429 3427 
1568 3427 3522 3265 
1569 3265 3545 3429 
1570 3265 3522 3445 
1571 3266 3433 3432 
1572 3266 3434 3433 
1573 3266 3481 3434 
1574 3431 3535 3267 
1575 3267 3534 3447 
1576 3267 3535 3534 
1577 3459 3531 3268 
1578 3268 3538 3524 
1579 3531 3538 3268 
1580 3391 3393 3269 
1581 3269 3407 3391 
1582 3393 3546 3269 
1583 3269 3553 3407 
1584 3388 3407 3270 
1585 3270 3513 3388 
1586 3407 3553 3270 
1587 3270 3554 3513 
1588 3432 3441 3271 
1589 3441 3442 3271 
1590 3442 3556 3271 
1591 3272 3559 3431 
1592 3514 3517 3272 
1593 3272 3555 3514 
1594 3517 3559 3272 
1595 3273 3430 3429 
1596 3429 3545 3273 
1597 3273 3529 3430 
1598 3273 3560 3529 
1599 3275 3388 3274 
1600 3388 3513 3274 
1601 3276 3277 3275 
1602 3277 3390 3275 
1603 3275 3390 3388 
1604 3276 3278 3277 
1605 3276 3500 3278 
1606 3497 3500 3276 
1607 3278 3279 3277 
1608 3279 3341 3277 
1609 3341 3390 3277 
1610 3278 3280 3279 
1611 3278 3355 3280 
1612 3278 3500 3355 
1613 3280 3281 3279 
1614 3281 3479 3279 
1615 3279 3479 3341 
1616 3280 3282 3281 
1617 3280 3471 3282 
1618 3355 3471 3280 
1619 3282 3283 3281 
1620 3283 3330 3281 
1621 3330 3479 3281 
1622 3282 3284 3283 
1623 3282 3317 3284 
1624 3282 3471 3317 
1625 3284 3285 3283 
1626 3285 3423 3283 
1627 3283 3423 3330 
1628 3284 3286 3285 
1629 3284 3491 3286 
1630 3317 3491 3284 
1631 3286 3287 3285 
1632 3287 3309 3285 
1633 3309 3423 3285 
1634 3286 3288 3287 
1635 3286 3473 3288 
1636 3286 3491 3473 
1637 3288 3289 3287 
1638 3289 3511 3287 
1639 3287 3511 3309 
1640 3288 3290 3289 
1641 3288 3291 3290 
1642 3288 3473 3291 
1643 3290 3293 3289 
1644 3293 3299 3289 
1645 3299 3511 3289 
1646 3291 3292 3290 
1647 3292 3456 3290 
1648 3290 3456 3293 
1649 3291 3294 3292 
1650 3291 3478 3294 
1651 3473 3478 3291 
1652 3294 3295 3292 
1653 3295 3455 3292 
1654 3455 3456 3292 
1655 3293 3300 3299 
1656 3293 3337 3300 
1657 3293 3456 3337 
1658 3294 3296 3295 
1659 3294 3304 3296 
1660 3294 3478 3304 
1661 3296 3297 3295 
1662 3297 3298 3295 
1663 3298 3455 3295 
1664 3296 3303 3297 
1665 3296 3413 3303 
1666 3304 3413 3296 
1667 3297 3301 3298 
1668 3297 3482 3301 
1669 3303 3482 3297 
1670 3301 3302 3298 
1671 3302 3475 3298 
1672 3298 3475 3455 
1673 3300 3305 3299 
1674 3305 3552 3299 
1675 3299 3552 3511 
1676 3300 3306 3305 
1677 3300 3488 3306 
1678 3337 3488 3300 
1679 3301 3307 3302 
1680 3301 3316 3307 
1681 3301 3482 3316 
1682 3307 3308 3302 
1683 3308 3310 3302 
1684 3310 3475 3302 
1685 3413 3476 3303 
1686 3303 3476 3470 
1687 3470 3482 3303 
1688 3304 3480 3413 
1689 3304 3478 3443 
1690 3443 3480 3304 
1691 3306 3318 3305 
1692 3318 3323 3305 
1693 3323 3552 3305 
1694 3306 3319 3318 
1695 3306 3338 3319 
1696 3306 3488 3338 
1697 3307 3477 3308 
1698 3316 3320 3307 
1699 3320 3477 3307 
1700 3308 3311 3310 
1701 3308 3312 3311 
1702 3308 3477 3312 
1703 3309 3404 3401 
1704 3401 3558 3309 
1705 3309 3511 3404 
1706 3309 3558 3423 
1707 3311 3313 3310 
1708 3313 3487 3310 
1709 3310 3487 3475 
1710 3312 3462 3311 
1711 3311 3314 3313 
1712 3311 3462 3314 
1713 3312 3469 3462 
1714 3312 3484 3469 
1715 3477 3484 3312 
1716 3314 3315 3313 
1717 3315 3354 3313 
1718 3354 3487 3313 
1719 3314 3325 3315 
1720 3314 3327 3325 
1721 3314 3462 3327 
1722 3325 3326 3315 
1723 3326 3466 3315 
1724 3315 3466 3354 
1725 3316 3329 3320 
1726 3316 3485 3329 
1727 3482 3485 3316 
1728 3471 3493 3317 
1729 3317 3492 3491 
1730 3317 3493 3492 
1731 3319 3321 3318 
1732 3321 3408 3318 
1733 3318 3408 3323 
1734 3319 3322 3321 
1735 3319 3486 3322 
1736 3338 3486 3319 
1737 3329 3331 3320 
1738 3331 3463 3320 
1739 3463 3477 3320 
1740 3322 3324 3321 
1741 3324 3334 3321 
1742 3334 3408 3321 
1743 3322 3328 3324 
1744 3322 3332 3328 
1745 3322 3486 3332 
1746 3323 3408 3405 
1747 3405 3561 3323 
1748 3323 3561 3552 
1749 3328 3335 3324 
1750 3324 3516 3334 
1751 3335 3516 3324 
1752 3325 3474 3326 
1753 3327 3333 3325 
1754 3333 3474 3325 
1755 3326 3496 3466 
1756 3474 3498 3326 
1757 3326 3498 3496 
1758 3327 3336 3333 
1759 3327 3346 3336 
1760 3327 3462 3346 
1761 3332 3414 3328 
1762 3328 3339 3335 
1763 3328 3414 3339 
1764 3329 3342 3331 
1765 3329 3343 3342 
1766 3329 3485 3343 
1767 3423 3543 3330 
1768 3330 3515 3479 
1769 3330 3543 3515 
1770 3342 3344 3331 
1771 3344 3345 3331 
1772 3345 3463 3331 
1773 3332 3415 3414 
1774 3332 3416 3415 
1775 3332 3486 3416 
1776 3336 3378 3333 
1777 3378 3379 3333 
1778 3379 3474 3333 
1779 3334 3409 3408 
1780 3334 3410 3409 
1781 3334 3516 3410 
1782 3339 3340 3335 
1783 3340 3375 3335 
1784 3375 3516 3335 
1785 3346 3347 3336 
1786 3347 3472 3336 
1787 3336 3472 3378 
1788 3456 3457 3337 
1789 3457 3467 3337 
1790 3467 3488 3337 
1791 3338 3494 3486 
1792 3488 3495 3338 
1793 3338 3495 3494 
1794 3339 3384 3340 
1795 3339 3386 3384 
1796 3339 3414 3386 
1797 3340 3465 3375 
1798 3384 3385 3340 
1799 3385 3465 3340 
1800 3341 3391 3390 
1801 3341 3392 3391 
1802 3341 3479 3392 
1803 3343 3356 3342 
1804 3342 3458 3344 
1805 3356 3458 3342 
1806 3343 3357 3356 
1807 3343 3358 3357 
1808 3343 3485 3358 
1809 3344 3382 3345 
1810 3344 3387 3382 
1811 3344 3458 3387 
1812 3382 3422 3345 
1813 3422 3424 3345 
1814 3424 3463 3345 
1815 3346 3348 3347 
1816 3346 3469 3348 
1817 3462 3469 3346 
1818 3348 3349 3347 
1819 3349 3377 3347 
1820 3377 3472 3347 
1821 3348 3350 3349 
1822 3348 3352 3350 
1823 3348 3469 3352 
1824 3350 3351 3349 
1825 3351 3468 3349 
1826 3349 3468 3377 
1827 3350 3426 3351 
1828 3352 3353 3350 
1829 3353 3426 3350 
1830 3426 3427 3351 
1831 3427 3428 3351 
1832 3428 3468 3351 
1833 3352 3424 3353 
1834 3352 3484 3424 
1835 3469 3484 3352 
1836 3353 3424 3422 
1837 3422 3425 3353 
1838 3425 3426 3353 
1839 3466 3495 3354 
1840 3467 3487 3354 
1841 3354 3495 3467 
1842 3355 3502 3471 
1843 3500 3501 3355 
1844 3501 3502 3355 
1845 3357 3376 3356 
1846 3376 3541 3356 
1847 3356 3541 3458 
1848 3358 3359 3357 
1849 3359 3446 3357 
1850 3357 3446 3376 
1851 3358 3360 3359 
1852 3358 3470 3360 
1853 3358 3485 3470 
1854 3360 3361 3359 
1855 3361 3490 3359 
1856 3359 3490 3446 
1857 3360 3362 3361 
1858 3360 3476 3362 
1859 3470 3476 3360 
1860 3362 3363 3361 
1861 3363 3365 3361 
1862 3365 3490 3361 
1863 3362 3364 3363 
1864 3362 3483 3364 
1865 3476 3483 3362 
1866 3364 3366 3363 
1867 3363 3530 3365 
1868 3366 3530 3363 
1869 3364 3367 3366 
1870 3364 3368 3367 
1871 3364 3483 3368 
1872 3365 3437 3435 
1873 3435 3518 3365 
1874 3365 3530 3437 
1875 3365 3518 3490 
1876 3367 3380 3366 
1877 3380 3381 3366 
1878 3381 3530 3366 
1879 3368 3369 3367 
1880 3369 3448 3367 
1881 3367 3448 3380 
1882 3368 3370 3369 
1883 3368 3480 3370 
1884 3368 3483 3480 
1885 3370 3371 3369 
1886 3371 3374 3369 
1887 3374 3448 3369 
1888 3370 3372 3371 
1889 3370 3443 3372 
1890 3370 3480 3443 
1891 3372 3373 3371 
1892 3373 3504 3371 
1893 3371 3504 3374 
1894 3372 3492 3373 
1895 3443 3444 3372 
1896 3444 3492 3372 
1897 3492 3493 3373 
1898 3493 3503 3373 
1899 3503 3504 3373 
1900 3374 3449 3448 
1901 3374 3505 3449 
1902 3504 3505 3374 
1903 3465 3521 3375 
1904 3375 3562 3516 
1905 3521 3562 3375 
1906 3446 3520 3376 
1907 3376 3460 3450 
1908 3450 3541 3376 
1909 3376 3520 3460 
1910 3468 3531 3377 
1911 3377 3532 3472 
1912 3531 3532 3377 
1913 3378 3383 3379 
1914 3378 3527 3383 
1915 3472 3527 3378 
1916 3383 3539 3379 
1917 3379 3499 3474 
1918 3379 3539 3499 
1919 3380 3549 3381 
1920 3448 3508 3380 
1921 3508 3549 3380 
1922 3381 3438 3437 
1923 3437 3530 3381 
1924 3381 3439 3438 
1925 3381 3549 3439 
1926 3387 3389 3382 
1927 3389 3544 3382 
1928 3382 3544 3422 
1929 3383 3536 3525 
1930 3525 3539 3383 
1931 3527 3536 3383 
1932 3384 3535 3385 
1933 3386 3534 3384 
1934 3534 3535 3384 
1935 3385 3517 3465 
1936 3385 3559 3517 
1937 3535 3559 3385 
1938 3414 3421 3386 
1939 3421 3533 3386 
1940 3533 3534 3386 
1941 3387 3548 3389 
1942 3390 3407 3388 
1943 3391 3407 3390 
1944 3392 3393 3391 
1945 3392 3394 3393 
1946 3392 3515 3394 
1947 3479 3515 3392 
1948 3394 3396 3395 
1949 3394 3515 3396 
1950 3396 3397 3395 
1951 3397 3400 3395 
1952 3400 3519 3395 
1953 3396 3398 3397 
1954 3396 3543 3398 
1955 3515 3543 3396 
1956 3398 3399 3397 
1957 3399 3509 3397 
1958 3397 3509 3400 
1959 3398 3401 3399 
1960 3398 3558 3401 
1961 3543 3558 3398 
1962 3401 3402 3399 
1963 3402 3403 3399 
1964 3403 3509 3399 
1965 3509 3550 3400 
1966 3400 3550 3519 
1967 3401 3404 3402 
1968 3402 3405 3403 
1969 3404 3561 3402 
1970 3402 3561 3405 
1971 3405 3406 3403 
1972 3406 3523 3403 
1973 3403 3523 3509 
1974 3511 3552 3404 
1975 3552 3561 3404 
1976 3405 3409 3406 
1977 3408 3409 3405 
1978 3409 3411 3406 
1979 3411 3412 3406 
1980 3412 3523 3406 
1981 3410 3411 3409 
1982 3410 3551 3411 
1983 3512 3551 3410 
1984 3410 3562 3512 
1985 3516 3562 3410 
1986 3411 3510 3412 
1987 3411 3551 3510 
1988 3510 3557 3412 
1989 3413 3483 3476 
1990 3480 3483 3413 
1991 3415 3421 3414 
1992 3416 3417 3415 
1993 3417 3418 3415 
1994 3418 3421 3415 
1995 3416 3496 3417 
1996 3486 3494 3416 
1997 3494 3496 3416 
1998 3417 3419 3418 
1999 3417 3498 3419 
2000 3496 3498 3417 
2001 3419 3420 3418 
2002 3420 3540 3418 
2003 3418 3540 3421 
2004 3419 3528 3420 
2005 3498 3499 3419 
2006 3499 3528 3419 
2007 3420 3537 3526 
2008 3526 3540 3420 
2009 3528 3537 3420 
2010 3421 3540 3533 
2011 3422 3544 3425 
2012 3423 3558 3543 
2013 3424 3484 3463 
2014 3425 3522 3426 
2015 3445 3522 3425 
2016 3426 3522 3427 
2017 3427 3429 3428 
2018 3429 3430 3428 
2019 3430 3538 3428 
2020 3428 3538 3468 
2021 3430 3529 3524 
2022 3524 3538 3430 
2023 3431 3559 3535 
2024 3433 3441 3432 
2025 3434 3435 3433 
2026 3435 3436 3433 
2027 3436 3441 3433 
2028 3434 3518 3435 
2029 3481 3489 3434 
2030 3489 3518 3434 
2031 3435 3437 3436 
2032 3437 3438 3436 
2033 3438 3440 3436 
2034 3440 3441 3436 
2035 3440 3442 3441 
2036 3440 3547 3442 
2037 3443 3478 3444 
2038 3444 3478 3473 
2039 3473 3491 3444 
2040 3491 3492 3444 
2041 3446 3490 3489 
2042 3489 3520 3446 
2043 3447 3534 3533 
2044 3449 3508 3448 
2045 3505 3507 3449 
2046 3449 3507 3506 
2047 3506 3508 3449 
2048 3452 3453 3451 
2049 3453 3454 3451 
2050 3452 3503 3453 
2051 3452 3504 3503 
2052 3452 3505 3504 
2053 3453 3501 3454 
2054 3453 3502 3501 
2055 3453 3503 3502 
2056 3455 3457 3456 
2057 3455 3475 3457 
2058 3457 3487 3467 
2059 3475 3487 3457 
2060 3459 3532 3531 
2061 3512 3521 3461 
2062 3463 3484 3477 
2063 3465 3517 3464 
2064 3464 3517 3514 
2065 3494 3495 3466 
2066 3466 3496 3494 
2067 3467 3495 3488 
2068 3468 3538 3531 
2069 3470 3485 3482 
2070 3471 3502 3493 
2071 3472 3532 3527 
2072 3474 3499 3498 
2073 3490 3518 3489 
2074 3502 3503 3493 
2075 3499 3539 3528 
2076 3512 3562 3521 
3 1 4 2304
2077 755 1108 795 3563 
2078 755 1069 1108 3563 
2079 991 1069 678 3563 
2080 678 1069 755 3563 
2081 795 991 678 3563 
2082 795 1108 991 3563 
2083 763 1078 1076 3564 
2084 765 1078 763 3564 
2085 764 763 1076 3564 
2086 764 1076 1077 3564 
2087 765 1077 1078 3564 
2088 765 764 1077 3564 
2089 46 515 872 1185 
2090 553 1063 107 758 
2091 570 137 153 824 
2092 106 594 558 907 
2093 120 104 557 900 
2094 587 557 104 900 
2095 103 557 587 900 
2096 121 1087 774 555 
2097 105 121 774 555 
2098 778 1091 134 572 
2099 558 594 121 907 
2100 120 104 774 555 
2101 121 105 594 558 
2102 774 1087 120 555 
2103 524 41 57 906 
2104 593 524 57 906 
2105 133 149 778 572 
2106 149 1091 778 572 
2107 781 569 134 1094 
2108 136 574 585 898 
2109 153 570 824 1137 
2110 904 137 153 575 
2111 591 904 138 575 
2112 137 904 591 575 
2113 574 136 152 898 
2114 824 570 136 1137 
2115 524 58 42 593 
2116 593 42 524 906 
2117 152 136 570 1137 
2118 154 138 904 575 
2119 111 95 595 550 
2120 133 149 573 577 
2121 96 908 595 550 
2122 595 908 111 550 
2123 908 96 112 550 
2124 573 149 890 577 
2125 869 1182 144 567 
2126 1091 150 134 572 
2127 569 150 134 1094 
2128 573 890 148 577 
2129 148 132 573 577 
2130 1146 833 895 563 
2131 834 148 132 561 
2132 759 58 42 521 
2133 759 42 1072 521 
2134 135 151 569 781 
2135 151 569 781 1094 
2136 151 135 574 585 
2137 585 574 151 898 
2138 759 43 59 521 
2139 759 1072 43 521 
2140 561 834 148 1147 
2141 65 788 528 1101 
2142 601 155 139 571 
2143 53 892 522 579 
2144 53 892 37 522 
2145 138 154 601 571 
2146 530 82 66 1150 
2147 81 65 788 528 
2148 571 601 155 914 
2149 558 122 106 907 
2150 1182 869 589 567 
2151 154 601 571 914 
2152 582 895 833 563 
2153 515 46 30 1185 
2154 557 103 119 900 
2155 528 788 80 1101 
2156 833 1146 146 563 
2157 80 64 528 1101 
2158 513 1029 50 716 
2159 50 34 1029 513 
2160 131 834 561 1147 
2161 530 837 82 1150 
2162 592 516 905 772 
2163 1085 905 516 772 
2164 545 96 112 1099 
2165 144 128 869 567 
2166 561 147 131 1147 
2167 786 113 545 97 
2168 872 31 517 1185 
2169 872 515 600 1185 
2170 96 545 786 1099 
2171 552 864 101 1177 
2172 786 113 1099 545 
2173 546 97 113 588 
2174 556 100 116 891 
2175 1146 147 131 564 
2176 833 146 130 563 
2177 1100 39 55 518 
2178 529 66 82 583 
2179 67 83 530 1150 
2180 582 833 130 563 
2181 895 146 1146 563 
2182 113 901 546 588 
2183 596 73 89 541 
2184 54 38 1100 518 
2185 551 94 110 1164 
2186 554 102 1166 853 
2187 114 98 863 547 
2188 552 101 117 1177 
2189 547 863 114 1176 
2190 100 556 578 891 
2191 516 48 32 1085 
2192 589 127 143 567 
2193 1085 516 48 772 
2194 517 47 31 872 
2195 516 592 48 772 
2196 905 516 32 1085 
2197 107 123 1063 553 
2198 583 529 66 896 
2199 54 38 519 1090 
2200 46 515 600 872 
2201 90 74 596 541 
2202 894 49 33 512 
2203 590 80 64 533 
2204 1169 94 110 549 
2205 903 79 533 63 
2206 567 1182 144 902 
2207 589 869 128 567 
2208 40 56 586 523 
2209 523 39 55 899 
2210 1166 103 554 853 
2211 525 43 59 598 
2212 562 129 1182 869 
2213 598 525 43 911 
2214 581 894 34 512 
2215 114 98 546 588 
2216 544 99 115 852 
2217 530 83 837 1150 
2218 567 589 1182 902 
2219 106 1063 553 758 
2220 913 515 30 1185 
2221 1190 877 539 893 
2222 546 901 114 588 
2223 833 1146 131 564 
2224 520 40 56 808 
2225 841 62 1154 532 
2226 913 515 887 1200 
2227 34 50 581 512 
2228 897 846 540 1159 
2229 552 102 864 1177 
2230 81 65 529 583 
2231 51 35 513 716 
2232 538 1190 86 877 
2233 567 143 589 902 
2234 787 1100 55 518 
2235 115 1165 544 852 
2236 520 57 41 1121 
2237 104 120 774 900 
2238 774 120 1087 900 
2239 587 104 774 900 
2240 594 1087 121 907 
2241 121 105 774 594 
2242 1087 594 121 774 
2243 134 778 781 1094 
2244 778 134 1091 1094 
2245 778 781 1094 780 
2246 1091 778 1094 780 
2247 1093 1091 1094 780 
2248 676 991 677 678 
2249 676 990 677 991 
2250 988 676 990 675 
2251 990 675 676 677 
2252 676 990 991 989 
2253 676 988 990 989 
2254 676 987 674 675 
2255 987 676 988 675 
2256 988 989 676 987 
2257 987 674 675 673 
2258 988 987 675 986 
2259 673 675 987 986 
2260 641 965 967 652 
2261 965 641 967 954 
2262 652 654 967 641 
2263 652 955 641 965 
2264 967 641 789 954 
2265 965 955 641 954 
2266 641 967 789 654 
2267 673 986 654 789 
2268 986 967 654 789 
2269 955 652 641 642 
2270 1102 954 967 789 
2271 967 986 1102 789 
2272 955 953 641 954 
2273 955 953 642 641 
2274 954 638 641 789 
2275 647 960 956 969 
2276 643 647 956 969 
2277 647 643 656 969 
2278 638 954 1102 789 
2279 1102 639 638 789 
2280 953 640 642 641 
2281 984 982 971 669 
2282 671 984 658 669 
2283 954 638 953 641 
2284 639 1102 638 952 
2285 969 971 982 669 
2286 969 658 669 656 
2287 639 952 638 635 
2288 954 951 638 1102 
2289 960 647 658 969 
2290 656 658 647 969 
2291 647 956 960 634 
2292 956 647 643 634 
2293 1102 951 638 952 
2294 986 675 988 1109 
2295 986 673 675 796 
2296 635 951 952 638 
2297 951 635 952 948 
2298 673 986 789 796 
2299 953 640 641 638 
2300 789 986 1102 1109 
2301 638 954 953 951 
2302 1102 639 789 1109 
2303 634 956 960 947 
2304 971 658 984 669 
2305 1102 952 639 1109 
2306 658 969 669 971 
2307 969 658 960 971 
2308 675 986 796 1109 
2309 986 789 796 1109 
2310 796 789 639 1109 
2311 953 638 950 640 
2312 635 951 638 950 
2313 951 635 948 950 
2314 638 953 950 951 
2315 942 948 635 950 
2316 947 635 634 629 
2317 634 941 947 629 
2318 948 635 947 942 
2319 634 956 941 643 
2320 950 638 635 637 
2321 638 950 640 637 
2322 637 635 950 629 
2323 635 942 950 629 
2324 956 634 941 947 
2325 634 628 941 629 
2326 634 628 643 941 
2327 635 947 942 629 
2328 942 947 941 629 
2329 624 941 625 937 
2330 941 938 625 937 
2331 938 941 625 629 
2332 628 941 625 624 
2333 625 941 628 629 
2334 941 938 942 629 
2335 1091 778 780 779 
2336 780 1093 1091 1092 
2337 819 820 1132 644 
2338 820 1133 1132 644 
2339 644 1133 1132 957 
2340 1092 780 1093 1143 
2341 644 922 1111 957 
2342 630 936 623 740 
2343 630 943 936 1053 
2344 740 630 936 1053 
2345 1111 798 609 644 
2346 624 630 936 623 
2347 943 624 936 937 
2348 624 943 936 630 
2349 1111 609 922 644 
2350 631 623 936 740 
2351 936 944 740 1053 
2352 1141 898 781 1094 
2353 898 828 1141 781 
2354 585 828 898 781 
2355 779 780 1091 1092 
2356 1092 779 780 1143 
2357 1143 779 780 830 
2358 936 944 631 740 
2359 1142 829 828 682 
2360 1142 828 1141 995 
2361 995 1142 828 682 
2362 829 1111 682 1142 
2363 995 1111 1142 682 
2364 1142 1133 820 1111 
2365 820 829 1142 1111 
2366 621 934 1118 944 
2367 1111 829 682 798 
2368 1141 780 1142 1093 
2369 780 828 1142 829 
2370 780 1141 1142 828 
2371 1111 820 829 798 
2372 1133 830 1142 820 
2373 830 829 1142 820 
2374 681 1106 955 793 
2375 642 681 955 793 
2376 1133 820 1111 644 
2377 644 1111 1133 957 
2378 681 955 953 642 
2379 681 953 640 642 
2380 944 1118 621 631 
2381 805 621 1118 631 
2382 798 1111 820 644 
2383 625 622 624 937 
2384 622 625 935 937 
2385 935 625 938 937 
2386 1143 780 1093 1142 
2387 829 780 830 1142 
2388 924 644 1131 957 
2389 1094 781 1141 780 
2390 1093 1094 1141 780 
2391 781 828 1141 780 
2392 1143 830 1142 1133 
2393 809 643 628 1122 
2394 941 643 956 1122 
2395 770 631 1118 1083 
2396 941 628 643 1122 
2397 621 623 936 631 
2398 934 621 936 944 
2399 922 644 924 957 
2400 780 1143 830 1142 
2401 631 1118 805 770 
2402 944 1118 631 1083 
2403 920 798 609 1111 
2404 644 922 924 609 
2405 944 621 936 631 
2406 920 1111 609 922 
2407 682 1111 920 995 
2408 624 943 1122 937 
2409 630 943 1122 624 
2410 809 630 1122 624 
2411 623 936 622 621 
2412 621 936 622 934 
2413 936 935 622 934 
2414 1111 682 920 798 
2415 830 1133 1013 820 
2416 700 820 830 1013 
2417 1106 681 955 994 
2418 955 681 953 994 
2419 798 920 609 607 
2420 818 819 1132 644 
2421 644 1131 957 1132 
2422 805 770 1084 771 
2423 770 1118 1084 1083 
2424 798 682 920 607 
2425 644 924 1131 611 
2426 622 624 936 623 
2427 622 624 937 936 
2428 937 935 622 936 
2429 1133 830 1013 1143 
2430 611 1131 644 818 
2431 771 770 1084 699 
2432 1012 1084 770 699 
2433 1084 770 1083 1012 
2434 955 966 793 1106 
2435 965 653 652 955 
2436 653 955 793 642 
2437 955 653 652 642 
2438 904 153 137 824 
2439 1118 770 1084 805 
2440 609 611 924 644 
2441 828 1140 1141 995 
2442 828 827 1140 682 
2443 995 828 1140 682 
2444 624 1122 941 937 
2445 1122 628 809 624 
2446 941 628 1122 624 
2447 1095 625 938 935 
2448 935 1095 625 622 
2449 771 1084 1132 699 
2450 1132 771 699 819 
2451 1012 1132 1084 699 
2452 644 1131 1132 818 
2453 1132 771 819 818 
2454 771 1132 1084 1131 
2455 1132 1013 820 819 
2456 1013 820 1133 1132 
2457 1013 700 820 819 
2458 681 640 953 814 
2459 1013 1132 699 819 
2460 1013 1132 1012 699 
2461 699 700 1013 819 
2462 1144 779 1143 831 
2463 1095 625 802 938 
2464 831 779 1143 830 
2465 779 1144 1143 1092 
2466 920 605 606 607 
2467 1132 771 818 1131 
2468 994 814 953 1127 
2469 814 994 953 681 
2470 629 625 938 802 
2471 629 938 942 1115 
2472 591 904 137 824 
2473 904 153 824 1137 
2474 1095 782 625 622 
2475 955 653 793 966 
2476 653 965 966 955 
2477 605 920 606 918 
2478 920 919 606 918 
2479 830 831 700 1013 
2480 1143 1144 831 1013 
2481 1115 802 938 1095 
2482 625 1095 802 782 
2483 942 950 629 1115 
2484 950 637 629 802 
2485 1141 1140 828 898 
2486 585 828 827 898 
2487 1140 827 828 898 
2488 682 920 605 995 
2489 831 830 1143 1013 
2490 605 995 1140 682 
2491 1140 827 605 682 
2492 585 824 136 898 
2493 920 682 605 607 
2494 938 629 802 1115 
2495 950 640 814 953 
2496 640 950 814 637 
2497 920 995 918 605 
2498 1117 639 635 952 
2499 639 1117 635 804 
2500 960 1117 647 634 
2501 1117 952 635 948 
2502 1117 804 647 634 
2503 960 1117 634 947 
2504 802 629 950 1115 
2505 701 831 1011 698 
2506 701 1144 1011 831 
2507 1144 701 1011 1014 
2508 918 995 1140 605 
2509 824 585 827 898 
2510 1140 824 827 898 
2511 950 637 802 814 
2512 953 814 950 1127 
2513 1012 770 697 699 
2514 770 1010 1083 1012 
2515 1010 770 697 1012 
2516 669 969 983 982 
2517 969 669 983 656 
2518 1053 944 740 1120 
2519 1120 631 740 807 
2520 1053 630 943 1116 
2521 1053 740 630 803 
2522 898 824 136 1137 
2523 944 631 740 1120 
2524 814 802 950 1127 
2525 1131 611 924 926 
2526 1131 818 611 926 
2527 1116 1053 630 803 
2528 1127 802 950 1115 
2529 812 969 983 656 
2530 700 831 698 1013 
2531 1011 698 831 1013 
2532 831 1144 1011 1013 
2533 926 818 800 1131 
2534 898 1140 824 1137 
2535 966 793 1106 1136 
2536 1010 1120 770 1083 
2537 770 697 1120 1010 
2538 697 1120 807 770 
2539 916 827 605 1140 
2540 827 916 605 603 
2541 697 698 1012 699 
2542 1011 1010 697 1012 
2543 698 1011 697 1012 
2544 1118 934 621 931 
2545 805 931 621 618 
2546 630 1110 943 1116 
2547 630 797 1110 1116 
2548 931 805 621 1118 
2549 935 932 1095 622 
2550 793 966 653 1136 
2551 591 603 916 824 
2552 630 797 1116 803 
2553 918 1140 916 605 
2554 782 1095 619 622 
2555 943 1110 630 1122 
2556 809 630 1110 1122 
2557 809 630 797 1110 
2558 635 1117 634 804 
2559 947 635 1117 634 
2560 635 947 1117 948 
2561 898 136 152 1137 
2562 824 916 904 1137 
2563 591 916 904 824 
2564 926 818 611 613 
2565 770 1120 631 1083 
2566 807 1120 631 770 
2567 1120 944 631 1083 
2568 1012 698 1013 699 
2569 698 700 1013 699 
2570 698 1012 1013 1011 
2571 969 956 643 812 
2572 643 656 969 812 
2573 800 926 1131 1113 
2574 818 926 800 613 
2575 1144 701 832 831 
2576 832 1145 1014 1144 
2577 832 1014 701 1144 
2578 619 1095 932 622 
2579 1084 771 1131 1113 
2580 619 621 934 931 
2581 619 621 931 618 
2582 983 656 669 670 
2583 1095 782 619 1096 
2584 987 673 663 674 
2585 673 987 663 986 
2586 986 663 673 654 
2587 663 986 967 654 
2588 771 818 1131 800 
2589 1000 797 1116 1110 
2590 969 812 983 1125 
2591 670 983 656 812 
2592 621 622 619 934 
2593 935 932 622 934 
2594 687 1116 797 803 
2595 619 932 1095 1096 
2596 653 793 1136 823 
2597 1095 1097 782 1096 
2598 931 805 1113 618 
2599 771 1084 805 1113 
2600 1118 805 1113 931 
2601 932 619 934 931 
2602 1118 805 1084 1113 
2603 827 916 824 1140 
2604 824 603 916 827 
2605 809 1110 812 1122 
2606 1110 809 812 797 
2607 922 609 920 921 
2608 609 607 920 921 
2609 812 956 643 1122 
2610 809 812 643 1122 
2611 622 932 619 934 
2612 1107 681 814 794 
2613 797 1000 1116 687 
2614 814 994 681 1107 
2615 994 814 1127 1107 
2616 832 779 1144 831 
2617 1145 832 1092 1144 
2618 1096 782 619 783 
2619 832 779 1092 1144 
2620 916 824 1140 1137 
2621 1115 1097 802 1095 
2622 1097 782 802 1095 
2623 800 1131 771 1113 
2624 812 969 956 1125 
2625 606 920 607 921 
2626 920 606 919 921 
2627 1097 784 782 1096 
2628 1096 784 782 783 
2629 1107 814 784 794 
2630 1097 1127 814 1107 
2631 805 800 1113 618 
2632 800 771 805 1113 
2633 1127 814 802 1097 
2634 802 1127 1097 1115 
2635 784 782 802 1097 
2636 1122 1110 812 1125 
2637 1122 812 956 1125 
2638 1097 814 784 1107 
2639 1113 615 926 928 
2640 814 784 802 1097 
2641 986 987 663 976 
2642 663 986 976 967 
2643 1110 797 998 1000 
2644 1000 685 797 998 
2645 967 660 652 965 
2646 660 654 967 652 
2647 998 812 983 685 
2648 685 1000 797 687 
2649 615 1113 926 800 
2650 615 800 926 613 
2651 609 608 607 921 
2652 1011 701 698 696 
2653 1011 701 696 1014 
2654 1009 1011 696 1014 
2655 794 1107 681 822 
2656 608 606 607 921 
2657 994 681 1107 1135 
2658 670 685 983 812 
2659 812 998 983 1125 
2660 1096 617 619 930 
2661 822 1107 681 1135 
2662 932 619 930 1096 
2663 984 658 672 671 
2664 971 658 672 984 
2665 617 1096 619 783 
2666 1002 1123 1116 803 
2667 654 967 663 660 
2668 1103 658 672 971 
2669 1113 931 618 615 
2670 1113 931 615 928 
2671 822 681 793 1106 
2672 1116 687 1002 803 
2673 992 990 675 988 
2674 992 677 675 990 
2675 675 992 988 1109 
2676 1109 796 675 679 
2677 994 681 1135 1106 
2678 681 822 1135 1106 
2679 1110 812 998 797 
2680 685 998 812 797 
2681 687 1116 1002 1000 
2682 931 618 615 617 
2683 931 615 928 930 
2684 800 1113 618 615 
2685 615 931 617 930 
2686 697 695 1120 1010 
2687 807 695 1120 697 
2688 1008 1120 695 1010 
2689 1109 679 811 796 
2690 812 1110 998 1125 
2691 967 976 663 660 
2692 660 967 973 965 
2693 931 617 619 618 
2694 617 931 619 930 
2695 1010 697 695 696 
2696 1010 695 1008 696 
2697 696 1008 1010 1009 
2698 932 619 931 930 
2699 999 685 1000 998 
2700 922 610 924 609 
2701 609 611 610 924 
2702 1000 685 686 687 
2703 967 973 976 660 
2704 1011 697 1010 696 
2705 697 1011 698 696 
2706 696 1010 1011 1009 
2707 1103 647 658 960 
2708 1053 740 803 810 
2709 960 658 1103 971 
2710 1123 803 1053 1116 
2711 1136 744 743 1057 
2712 744 1136 743 823 
2713 803 1002 1123 810 
2714 803 1002 810 689 
2715 672 985 971 984 
2716 803 687 1002 689 
2717 610 609 922 921 
2718 793 1136 1134 1106 
2719 672 985 1103 971 
2720 1103 658 790 672 
2721 617 930 1096 620 
2722 639 952 1124 1109 
2723 811 1109 796 639 
2724 1120 695 807 810 
2725 695 1123 1120 1008 
2726 617 1096 783 620 
2727 1136 793 1134 823 
2728 677 992 675 679 
2729 675 992 1109 679 
2730 822 793 1134 1106 
2731 1135 822 1134 1106 
2732 1120 740 1053 810 
2733 740 1120 807 810 
2734 609 610 608 921 
2735 863 99 115 547 
2736 811 992 1109 1124 
2737 992 811 1109 679 
2738 647 1117 960 1103 
2739 647 804 1117 1103 
2740 1096 664 783 620 
2741 685 999 1000 686 
2742 803 1123 1053 810 
2743 1096 1097 784 664 
2744 784 1096 664 783 
2745 647 1103 658 790 
2746 1057 744 743 742 
2747 639 1124 1117 804 
2748 952 639 1124 1117 
2749 1123 695 1120 810 
2750 784 1107 794 664 
2751 930 1096 620 933 
2752 1136 743 1056 1057 
2753 610 922 924 923 
2754 1107 784 1097 664 
2755 1123 1120 1053 810 
2756 811 1109 639 1124 
2757 1014 1145 832 1089 
2758 701 1014 832 776 
2759 647 804 1103 790 
2760 1107 794 815 822 
2761 1096 977 664 620 
2762 1096 977 620 933 
2763 822 1128 1107 1135 
2764 1128 822 1107 815 
2765 923 610 922 921 
2766 823 1134 1136 743 
2767 1124 1117 804 1103 
2768 1097 1096 977 664 
2769 115 863 547 1176 
2770 1055 1057 1056 742 
2771 793 821 1134 823 
2772 1107 664 815 794 
2773 133 149 577 778 
2774 577 149 1091 778 
2775 577 1091 779 778 
2776 890 779 1091 1092 
2777 86 535 846 1159 
2778 977 1107 815 1128 
2779 1004 1123 1002 691 
2780 793 1134 821 822 
2781 1145 832 890 1092 
2782 779 890 832 1092 
2783 1124 639 811 804 
2784 1057 743 1056 742 
2785 1097 977 1107 664 
2786 1182 145 129 562 
2787 804 811 1103 790 
2788 804 811 1124 1103 
2789 776 1014 832 1089 
2790 810 1002 691 689 
2791 1002 810 691 1123 
2792 664 1107 815 977 
2793 743 1134 1136 1056 
2794 823 821 1134 743 
2795 787 54 1100 518 
2796 620 930 929 617 
2797 822 665 1128 1135 
2798 665 1128 815 822 
2799 617 616 929 620 
2800 930 620 929 933 
2801 695 1004 1123 1008 
2802 1004 695 1123 691 
2803 822 1134 665 1135 
2804 596 909 73 541 
2805 741 972 1055 1054 
2806 801 652 660 965 
2807 1008 695 1004 694 
2808 694 1004 1008 1007 
2809 691 1004 695 694 
2810 1091 890 149 577 
2811 779 890 1091 577 
2812 1134 743 813 1056 
2813 743 1134 813 821 
2814 691 695 1123 810 
2815 890 832 577 779 
2816 1054 741 972 968 
2817 659 741 655 968 
2818 1190 86 70 538 
2819 929 928 615 930 
2820 977 627 620 940 
2821 617 929 615 930 
2822 660 973 801 965 
2823 972 742 741 1055 
2824 1056 972 1055 742 
2825 933 977 620 940 
2826 627 664 977 620 
2827 593 760 759 906 
2828 760 1072 759 906 
2829 742 743 1056 659 
2830 1008 694 696 695 
2831 696 1007 1008 1009 
2832 694 1008 696 1007 
2833 616 929 615 617 
2834 1134 665 821 822 
2835 49 894 581 512 
2836 760 1073 1072 906 
2837 966 1114 653 825 
2838 1136 966 653 825 
2839 665 978 1128 1135 
2840 825 653 1136 823 
2841 52 36 579 522 
2842 776 1148 1088 1089 
2843 1114 801 973 965 
2844 1134 978 665 1135 
2845 627 1128 977 815 
2846 1134 1056 813 1126 
2847 1091 134 150 1094 
2848 1103 751 672 790 
2849 985 1065 672 1103 
2850 801 653 652 965 
2851 1128 627 977 940 
2852 1114 653 965 966 
2853 679 992 811 751 
2854 1124 811 992 751 
2855 1200 93 887 549 
2856 515 29 887 1200 
2857 627 977 664 815 
2858 1136 825 744 1057 
2859 1136 825 823 744 
2860 1134 665 813 821 
2861 1056 743 813 659 
2862 1114 966 1138 825 
2863 1114 801 653 825 
2864 742 972 741 659 
2865 593 759 42 906 
2866 759 42 58 593 
2867 1056 972 742 659 
2868 966 1136 1138 825 
2869 759 1072 42 906 
2870 840 139 155 576 
2871 748 1026 741 1061 
2872 748 1026 713 741 
2873 741 659 972 968 
2874 1026 741 1061 1054 
2875 665 1134 813 978 
2876 653 1114 965 801 
2877 78 62 534 791 
2878 825 1136 1138 1057 
2879 603 916 602 591 
2880 916 904 602 591 
2881 841 78 62 532 
2882 813 1134 1126 978 
2883 751 1103 672 1065 
2884 751 992 1124 1065 
2885 813 1126 1056 659 
2886 1103 811 751 790 
2887 751 1124 811 1103 
2888 972 1056 1126 659 
2889 1166 103 119 554 
2890 1014 701 1088 776 
2891 1148 776 1088 835 
2892 776 775 1088 835 
2893 696 1088 1007 1009 
2894 1088 694 696 1007 
2895 535 86 70 1159 
2896 776 1088 1014 1089 
2897 918 917 606 605 
2898 919 917 606 918 
2899 605 916 917 603 
2900 921 606 919 1119 
2901 916 605 917 918 
2902 921 608 606 1119 
2903 806 606 608 1119 
2904 1063 122 106 553 
2905 1014 696 1088 701 
2906 696 1014 1088 1009 
2907 1124 751 1065 1103 
2908 1145 832 834 890 
2909 705 976 1018 660 
2910 705 663 976 660 
2911 976 973 1018 660 
2912 1104 79 63 534 
2913 138 601 904 591 
2914 846 897 540 584 
2915 877 85 1190 539 
2916 781 898 151 1094 
2917 151 135 585 781 
2918 898 151 585 781 
2919 832 834 890 577 
2920 890 834 148 577 
2921 701 775 1088 776 
2922 154 138 601 904 
2923 834 132 148 577 
2924 991 676 795 678 
2925 989 676 795 991 
2926 989 795 1108 991 
2927 694 1088 696 775 
2928 1145 832 1089 834 
2929 981 919 917 606 
2930 1059 746 825 744 
2931 1055 1061 748 741 
2932 1055 1061 741 1054 
2933 85 69 1190 539 
2934 602 915 904 916 
2935 832 776 1089 834 
2936 1017 676 987 674 
2937 987 989 676 1017 
2938 1055 748 742 741 
2939 1088 701 696 775 
2940 601 602 904 591 
2941 604 717 981 668 
2942 744 825 1059 1057 
2943 154 601 914 904 
2944 916 602 917 603 
2945 1138 1059 825 1057 
2946 604 981 606 668 
2947 649 659 655 968 
2948 917 1030 602 915 
2949 748 745 1058 742 
2950 601 915 914 904 
2951 748 1055 1058 1061 
2952 551 851 94 1164 
2953 610 608 921 657 
2954 1055 748 1058 742 
2955 657 921 610 970 
2956 921 923 610 970 
2957 917 604 606 605 
2958 604 917 603 605 
2959 1126 813 962 659 
2960 972 1126 962 659 
2961 840 155 1153 576 
2962 913 600 515 1185 
2963 795 676 989 1017 
2964 1108 795 989 1017 
2965 1147 1145 834 890 
2966 659 962 972 968 
2967 717 981 1030 604 
2968 981 917 1030 604 
2969 1147 834 148 890 
2970 601 602 915 904 
2971 616 929 620 939 
2972 1030 717 604 602 
2973 917 1030 604 602 
2974 33 49 1085 511 
2975 933 620 929 939 
2976 580 539 877 893 
2977 595 908 96 786 
2978 939 620 616 626 
2979 1128 815 627 946 
2980 1058 745 744 742 
2981 602 916 917 915 
2982 1057 1058 744 742 
2983 908 112 96 1099 
2984 940 1128 627 946 
2985 981 604 606 917 
2986 978 959 813 665 
2987 1058 1057 1055 742 
2988 606 1119 981 919 
2989 834 1089 1145 1147 
2990 1119 606 981 806 
2991 91 880 537 1193 
2992 79 903 533 590 
2993 1126 959 813 978 
2994 100 116 1165 544 
2995 64 903 590 533 
2996 987 1017 674 799 
2997 946 1128 815 665 
2998 602 604 917 603 
2999 711 979 713 1024 
3000 979 1026 713 1024 
3001 968 1054 741 979 
3002 968 741 655 666 
3003 608 921 657 1119 
3004 657 806 608 1119 
3005 513 35 1029 716 
3006 606 981 806 668 
3007 1119 921 657 970 
3008 1026 713 741 979 
3009 669 984 982 1098 
3010 669 671 984 785 
3011 1054 1026 741 979 
3012 651 961 649 964 
3013 74 909 596 541 
3014 1128 946 978 665 
3015 655 964 649 968 
3016 676 1017 704 674 
3017 649 651 964 655 
3018 719 981 806 1119 
3019 519 777 54 1090 
3020 559 599 107 912 
3021 786 908 96 1099 
3022 55 586 523 899 
3023 523 586 40 899 
3024 1059 746 744 1058 
3025 94 1169 856 549 
3026 745 744 746 1058 
3027 1058 744 1059 1057 
3028 719 981 668 806 
3029 1166 587 103 853 
3030 813 649 962 659 
3031 583 65 529 896 
3032 659 649 962 968 
3033 795 676 1017 704 
3034 627 620 940 939 
3035 620 933 940 939 
3036 587 1166 103 900 
3037 661 651 964 961 
3038 842 1119 970 1155 
3039 973 660 801 706 
3040 662 968 964 655 
3041 627 620 939 626 
3042 662 655 964 651 
3043 1119 719 981 1032 
3044 1019 801 973 1114 
3045 959 813 962 1126 
3046 1139 746 825 1059 
3047 799 976 1018 705 
3048 976 799 663 705 
3049 842 1119 1155 1032 
3050 842 806 657 1119 
3051 1114 1019 801 826 
3052 649 962 961 959 
3053 1119 657 842 970 
3054 987 1017 799 1112 
3055 1017 704 674 799 
3056 959 646 813 665 
3057 946 815 627 633 
3058 1119 719 842 806 
3059 1059 1139 1138 825 
3060 961 648 649 959 
3061 646 649 648 959 
3062 544 1165 100 852 
3063 627 940 945 939 
3064 895 129 145 563 
3065 559 107 123 912 
3066 978 946 959 665 
3067 88 72 584 540 
3068 632 627 939 626 
3069 1018 705 660 706 
3070 973 1018 660 706 
3071 964 962 961 649 
3072 633 946 815 665 
3073 964 962 649 968 
3074 946 633 645 959 
3075 946 645 958 959 
3076 958 645 961 959 
3077 870 723 842 1036 
3078 961 651 649 648 
3079 588 113 786 97 
3080 646 645 633 959 
3081 118 102 1166 554 
3082 646 648 645 959 
3083 648 961 645 959 
3084 987 663 799 674 
3085 663 987 799 976 
3086 594 1063 106 758 
3087 36 892 579 522 
3088 706 801 973 1019 
3089 1036 1155 870 1183 
3090 1155 870 842 1036 
3091 719 1119 842 1032 
3092 1019 1114 1139 826 
3093 1019 706 801 826 
3094 1063 594 106 907 
3095 537 75 91 1193 
3096 939 945 627 632 
3097 1139 825 1114 1138 
3098 826 801 1114 825 
3099 741 968 979 666 
3100 666 979 713 711 
3101 970 870 842 1155 
3102 1155 970 870 1183 
3103 962 649 813 959 
3104 746 1139 825 826 
3105 945 633 632 645 
3106 976 1112 799 1018 
3107 979 713 741 666 
3108 598 43 59 759 
3109 43 598 1072 759 
3110 646 813 649 959 
3111 109 93 1200 549 
3112 887 45 29 515 
3113 870 842 657 970 
3114 911 43 598 1072 
3115 786 901 113 588 
3116 901 786 113 1099 
3117 661 651 961 648 
3118 984 669 785 1098 
3119 973 1018 706 1019 
3120 69 1190 539 893 
3121 539 877 85 580 
3122 671 672 984 709 
3123 946 633 959 665 
3124 1072 768 760 759 
3125 974 661 964 961 
3126 672 985 984 709 
3127 1081 760 1073 1072 
3128 539 84 68 893 
3129 601 915 715 914 
3130 633 646 959 665 
3131 47 31 592 516 
3132 694 693 1004 1007 
3133 1004 691 693 694 
3134 645 946 945 633 
3135 946 645 945 958 
3136 723 725 1037 1036 
3137 1150 82 66 583 
3138 1002 691 1003 1004 
3139 691 1002 1003 689 
3140 991 677 678 1067 
3141 991 677 1067 990 
3142 945 940 627 946 
3143 968 662 964 975 
3144 915 601 715 602 
3145 510 36 1188 875 
3146 1112 799 987 976 
3147 566 126 142 1082 
3148 1069 991 678 1068 
3149 825 1139 1114 826 
3150 900 103 119 1166 
3151 1069 754 678 755 
3152 915 715 1030 602 
3153 1198 725 728 885 
3154 662 968 655 666 
3155 707 1088 775 835 
3156 1148 1088 1020 835 
3157 53 777 519 1090 
3158 758 1063 107 599 
3159 725 1038 1037 1036 
3160 519 37 53 1090 
3161 1146 1089 776 834 
3162 1024 711 979 980 
3163 87 540 846 1159 
3164 717 1030 715 602 
3165 1149 580 1163 850 
3166 929 616 1151 939 
3167 1072 598 768 759 
3168 672 1062 1065 985 
3169 1081 911 598 1072 
3170 982 669 996 983 
3171 983 669 996 670 
3172 939 616 838 626 
3173 864 102 1166 1177 
3174 926 615 614 928 
3175 926 615 613 614 
3176 615 929 614 928 
3177 627 945 633 632 
3178 1040 846 1190 727 
3179 1062 751 672 1065 
3180 929 615 614 616 
3181 907 122 106 1063 
3182 1179 866 1019 826 
3183 760 1073 762 763 
3184 910 75 91 542 
3185 1153 597 715 840 
3186 1073 760 1081 763 
3187 131 1146 834 1147 
3188 126 142 874 568 
3189 117 101 556 891 
3190 98 114 863 588 
3191 853 102 1166 864 
3192 540 87 71 1159 
3193 1101 788 80 590 
3194 1176 863 114 901 
3195 840 155 139 601 
3196 990 677 993 992 
3197 834 1146 1089 1147 
3198 680 992 677 679 
3199 1007 694 1020 1088 
3200 1168 864 747 1177 
3201 680 992 679 751 
3202 896 788 65 1101 
3203 841 1154 1196 532 
3204 1146 131 147 1147 
3205 1032 1155 842 1034 
3206 911 598 1082 1081 
3207 866 1165 578 1179 
3208 1150 837 82 583 
3209 583 66 1150 896 
3210 776 1089 1146 1148 
3211 993 992 751 1065 
3212 601 840 155 914 
3213 946 627 945 633 
3214 1101 80 64 590 
3215 65 81 788 583 
3216 707 1088 694 775 
3217 1064 885 1198 636 
3218 578 556 101 891 
3219 1148 833 776 835 
3220 611 925 924 926 
3221 612 926 611 613 
3222 881 910 542 1194 
3223 925 610 611 924 
3224 906 593 760 761 
3225 901 863 114 588 
3226 668 717 981 718 
3227 760 1073 906 1074 
3228 924 925 610 923 
3229 510 1188 35 875 
3230 142 1187 874 568 
3231 998 999 685 997 
3232 1059 746 1060 1168 
3233 685 999 686 997 
3234 1179 866 826 855 
3235 982 669 1098 996 
3236 685 998 997 983 
3237 997 685 983 670 
3238 657 610 1064 970 
3239 923 1064 610 970 
3240 1195 525 598 911 
3241 1019 866 706 826 
3242 1139 1179 1019 826 
3243 1169 887 549 1200 
3244 601 715 840 914 
3245 870 1036 725 723 
3246 1199 886 844 912 
3247 840 1153 155 914 
3248 1151 616 929 614 
3249 1001 1002 1000 687 
3250 763 1073 762 1076 
3251 717 1030 981 1031 
3252 1032 842 719 721 
3253 1000 686 1001 687 
3254 979 662 968 975 
3255 687 688 1002 689 
3256 686 1001 999 1000 
3257 662 979 968 666 
3258 1066 849 1067 1162 
3259 985 984 709 1022 
3260 1081 1073 763 1076 
3261 879 1151 939 1192 
3262 1166 867 587 853 
3263 886 1199 1063 912 
3264 534 62 1104 791 
3265 1036 870 725 1183 
3266 849 1085 905 1162 
3267 566 1082 1195 883 
3268 711 666 979 980 
3269 939 838 879 626 
3270 1165 116 100 891 
3271 808 520 40 1121 
3272 1154 912 844 841 
3273 900 1180 587 1166 
3274 1180 867 587 1166 
3275 118 102 552 1177 
3276 725 1038 1036 1183 
3277 981 668 718 719 
3278 534 1104 79 791 
3279 1018 710 854 705 
3280 650 945 632 645 
3281 1176 710 863 854 
3282 772 1085 49 511 
3283 1165 866 578 852 
3284 578 1179 1165 891 
3285 540 71 897 1159 
3286 540 584 87 846 
3287 855 864 747 1168 
3288 747 1060 1168 1177 
3289 1158 1130 1129 845 
3290 1153 715 914 840 
3291 864 1166 747 1177 
3292 746 1059 1139 1168 
3293 835 1148 833 582 
3294 1007 693 1004 1006 
3295 614 636 1151 838 
3296 719 1031 981 1032 
3297 1158 1130 845 1005 
3298 838 1151 616 939 
3299 1003 691 693 1004 
3300 115 863 852 99 
3301 52 36 510 875 
3302 1036 723 842 721 
3303 985 672 1062 709 
3304 964 651 661 843 
3305 747 1060 746 1168 
3306 855 747 746 1168 
3307 863 115 852 1176 
3308 57 520 808 1121 
3309 975 979 662 980 
3310 581 34 894 1029 
3311 826 1139 1179 855 
3312 666 662 979 980 
3313 1196 559 599 882 
3314 593 57 808 906 
3315 1121 57 41 906 
3316 855 1139 1179 1168 
3317 1202 889 1152 1161 
3318 1003 691 689 690 
3319 645 650 945 958 
3320 1166 747 853 864 
3321 939 632 879 1192 
3322 709 1027 716 1022 
3323 1036 842 1155 1034 
3324 1198 725 885 1183 
3325 1059 746 1058 1060 
3326 1037 723 1036 1035 
3327 866 1179 578 855 
3328 754 1069 678 1068 
3329 707 1020 1088 835 
3330 1129 845 1074 1158 
3331 984 709 1027 671 
3332 939 632 626 879 
3333 1038 726 728 725 
3334 746 745 1058 1060 
3335 785 671 984 1027 
3336 72 88 1186 536 
3337 1163 730 1149 850 
3338 891 864 1177 101 
3339 1020 1021 693 1006 
3340 974 1050 1156 843 
3341 711 1024 1025 980 
3342 693 694 1020 1007 
3343 751 1062 672 749 
3344 762 1158 845 1005 
3345 961 735 661 648 
3346 839 1101 1152 1161 
3347 525 883 1195 598 
3348 1165 578 100 852 
3349 578 1165 100 891 
3350 847 1086 1129 1160 
3351 839 788 1101 1161 
3352 1028 715 915 914 
3353 768 1072 760 1081 
3354 707 1021 693 1020 
3355 1023 1176 1167 854 
3356 1176 1023 710 854 
3357 854 1023 710 1018 
3358 854 1167 1023 1018 
3359 873 89 73 536 
3360 1068 849 905 1162 
3361 1156 964 974 843 
3362 725 1037 724 723 
3363 964 662 651 843 
3364 1098 785 1027 892 
3365 728 949 1044 1041 
3366 1181 892 777 868 
3367 726 728 1041 1038 
3368 1181 868 703 996 
3369 1172 1167 859 799 
3370 1061 1058 867 1180 
3371 1058 748 867 745 
3372 748 1058 867 1061 
3373 715 915 1030 1028 
3374 1035 723 1036 721 
3375 703 1181 777 868 
3376 600 515 887 913 
3377 661 974 735 961 
3378 632 939 945 1192 
3379 1139 826 746 855 
3380 855 746 1139 1168 
3381 1018 854 799 705 
3382 582 129 895 563 
3383 1029 581 50 716 
3384 50 34 581 1029 
3385 1182 766 589 869 
3386 958 645 1048 961 
3387 1181 785 892 868 
3388 715 1028 910 1153 
3389 909 718 1047 734 
3390 873 1186 88 536 
3391 669 785 1098 996 
3392 864 1168 891 1177 
3393 115 1165 852 1176 
3394 867 1173 1061 1180 
3395 860 1173 748 867 
3396 735 961 645 648 
3397 1061 748 1173 867 
3398 1179 866 710 1019 
3399 1196 841 532 882 
3400 1161 590 792 848 
3401 597 910 91 542 
3402 786 1172 901 859 
3403 833 146 1146 564 
3404 1062 993 752 749 
3405 847 787 703 1160 
3406 840 1153 881 576 
3407 583 788 65 896 
3408 708 693 1170 857 
3409 1017 859 799 1172 
3410 872 517 46 1185 
3411 974 737 843 661 
3412 73 1186 873 536 
3413 597 1153 715 910 
3414 669 683 996 670 
3415 716 1188 714 875 
3416 1169 110 94 1164 
3417 1005 857 1077 1170 
3418 1184 871 581 1029 
3419 746 745 1060 747 
3420 901 863 854 1176 
3421 1166 1060 747 1177 
3422 980 712 1105 1025 
3423 1100 55 39 899 
3424 1172 786 901 1099 
3425 786 901 588 859 
3426 614 1151 616 838 
3427 650 879 632 1192 
3428 1168 1179 855 891 
3429 1027 709 716 714 
3430 1150 878 583 1191 
3431 710 863 852 1176 
3432 584 72 897 540 
3433 1173 748 1026 860 
3434 799 1172 1167 1112 
3435 1088 707 694 1020 
3436 1026 860 748 713 
3437 748 1173 1026 1061 
3438 705 1018 710 706 
3439 1149 727 1040 1190 
3440 768 1081 598 1072 
3441 1101 896 839 1152 
3442 711 862 1175 1174 
3443 718 1031 909 1047 
3444 718 909 596 734 
3445 847 1129 586 1160 
3446 1179 578 855 891 
3447 839 788 896 1101 
3448 715 1047 910 1028 
3449 101 117 1177 891 
3450 1198 728 636 885 
3451 1167 854 859 799 
3452 838 939 879 1151 
3453 964 661 974 843 
3454 843 1156 964 975 
3455 1062 871 752 1184 
3456 1022 871 1184 1029 
3457 862 1175 1174 594 
3458 753 677 1067 678 
3459 566 769 126 1082 
3460 678 991 1067 1068 
3461 910 881 542 597 
3462 867 1166 747 853 
3463 788 1101 1161 590 
3464 865 755 1108 795 
3465 35 1188 716 875 
3466 1165 1179 866 710 
3467 1171 786 859 1172 
3468 786 858 1171 859 
3469 714 1188 892 875 
3470 1153 1194 881 576 
3471 901 1167 859 1172 
3472 884 1150 1197 739 
3473 1077 857 708 1170 
3474 1178 755 1069 1108 
3475 885 1183 1064 1198 
3476 1180 587 1173 900 
3477 1173 860 587 867 
3478 867 587 1173 1180 
3479 715 1047 734 910 
3480 734 715 910 597 
3481 1031 717 1030 1047 
3482 1087 774 1174 594 
3483 594 1174 1087 907 
3484 861 1174 774 594 
3485 1173 774 1174 1087 
3486 587 774 1173 900 
3487 1087 1173 774 900 
3488 1174 774 860 861 
3489 774 1173 1174 860 
3490 1173 860 774 587 
3491 1193 880 909 1047 
3492 1174 860 713 861 
3493 860 1026 1173 1174 
3494 711 1174 713 861 
3495 1174 711 713 1024 
3496 860 713 1026 1174 
3497 1026 713 1024 1174 
3498 760 768 1081 763 
3499 799 1017 1172 1112 
3500 1017 859 704 799 
3501 867 1060 1166 1180 
3502 863 901 854 588 
3503 833 131 1146 834 
3504 756 872 600 1185 
3505 849 1162 1066 1085 
3506 54 38 1090 1100 
3507 1171 786 1172 1099 
3508 1073 762 1076 1075 
3509 725 1198 728 1038 
3510 901 854 588 859 
3511 537 880 74 1193 
3512 1167 799 1112 1018 
3513 592 872 756 1185 
3514 891 864 101 578 
3515 980 1025 711 712 
3516 833 1146 776 834 
3517 1081 598 1082 768 
3518 581 871 1184 752 
3519 727 1040 1037 1149 
3520 908 595 858 786 
3521 632 945 650 1192 
3522 1003 688 1005 690 
3523 1079 589 1078 902 
3524 1065 751 993 1062 
3525 854 1018 799 1167 
3526 711 862 1174 861 
3527 1175 1024 711 1174 
3528 67 83 1150 1197 
3529 722 721 1035 584 
3530 1021 707 693 708 
3531 1170 857 1003 1005 
3532 843 1050 1202 889 
3533 1079 589 765 1078 
3534 706 710 866 1019 
3535 1073 762 1074 760 
3536 1081 1082 1080 768 
3537 874 1187 143 568 
3538 683 684 703 996 
3539 1175 1174 594 907 
3540 862 1174 861 594 
3541 599 1063 107 912 
3542 838 636 1151 731 
3543 980 711 666 667 
3544 785 714 1027 892 
3545 1062 985 709 1022 
3546 839 788 1161 848 
3547 527 83 67 1197 
3548 1154 791 62 841 
3549 958 650 945 963 
3550 984 785 1027 1098 
3551 908 858 1171 786 
3552 706 1018 710 1019 
3553 865 1108 858 795 
3554 785 669 683 996 
3555 1023 1179 710 1019 
3556 1030 715 1047 717 
3557 1176 854 901 1167 
3558 589 766 1079 765 
3559 1151 927 949 614 
3560 1041 728 1198 1038 
3561 892 1188 36 875 
3562 710 1165 1176 852 
3563 903 1101 64 590 
3564 1168 864 891 855 
3565 1165 710 1176 1023 
3566 901 1167 854 859 
3567 1150 83 884 1197 
3568 786 1171 908 1099 
3569 964 662 843 975 
3570 755 1069 754 756 
3571 1047 880 910 1193 
3572 833 130 146 564 
3573 35 51 510 875 
3574 1160 703 847 1086 
3575 1178 865 755 1108 
3576 1018 1023 710 1019 
3577 1029 1027 1022 716 
3578 1067 990 677 993 
3579 709 984 1027 1022 
3580 1003 1004 693 1006 
3581 855 864 891 578 
3582 111 95 551 1164 
3583 892 777 53 1090 
3584 739 1163 580 850 
3585 672 749 1062 709 
3586 592 1185 31 872 
3587 927 928 926 614 
3588 878 1150 583 837 
3589 1191 583 1150 896 
3590 897 1035 1034 721 
3591 582 766 1182 869 
3592 929 928 927 614 
3593 715 1153 914 1028 
3594 892 1090 53 37 
3595 777 892 53 579 
3596 1178 1171 858 1108 
3597 527 884 83 1197 
3598 1152 889 839 1161 
3599 691 1003 693 690 
3600 1060 867 1166 747 
3601 1067 753 752 993 
3602 980 666 662 667 
3603 562 1182 144 869 
3604 612 1064 636 750 
3605 858 1108 1017 795 
3606 74 90 880 537 
3607 833 1148 776 1146 
3608 842 1032 1034 721 
3609 689 1003 688 1002 
3610 958 650 1048 645 
3611 68 84 527 1197 
3612 1058 867 1180 1060 
3613 867 1058 745 1060 
3614 1100 1016 1090 787 
3615 1165 866 852 710 
3616 1050 1202 889 1152 
3617 1161 792 702 848 
3618 721 897 1033 1034 
3619 1171 859 1017 1172 
3620 1017 858 859 1171 
3621 1064 750 610 657 
3622 1165 1179 710 1023 
3623 594 1175 1063 862 
3624 791 792 903 590 
3625 1105 1025 712 844 
3626 1189 1020 1021 876 
3627 983 996 997 670 
3628 527 84 884 1197 
3629 123 107 1063 912 
3630 1187 143 902 874 
3631 718 717 981 1031 
3632 1037 726 724 1149 
3633 1078 1080 763 1076 
3634 880 909 74 1193 
3635 877 1190 1149 893 
3636 1051 1052 1150 739 
3637 858 595 908 1178 
3638 1108 865 858 1178 
3639 1007 1020 693 1006 
3640 1052 1197 1150 739 
3641 590 1161 788 848 
3642 1108 858 1017 1171 
3643 902 589 1078 767 
3644 1159 846 86 1190 
3645 1190 846 86 877 
3646 791 78 62 841 
3647 862 712 711 1175 
3648 589 765 1078 767 
3649 596 89 73 873 
3650 785 714 892 579 
3651 874 143 127 568 
3652 844 1157 912 1154 
3653 516 31 592 905 
3654 912 559 599 1196 
3655 765 1021 1077 708 
3656 1021 765 1077 1078 
3657 1063 594 862 758 
3658 1033 719 721 1032 
3659 844 791 1105 1157 
3660 582 1182 129 869 
3661 590 1161 792 903 
3662 1171 858 908 1178 
3663 1074 906 760 761 
3664 693 694 707 1020 
3665 1175 594 1063 907 
3666 992 680 677 993 
3667 769 1082 598 768 
3668 993 752 1066 1062 
3669 993 680 752 749 
3670 858 1017 859 704 
3671 680 993 992 751 
3672 612 926 613 614 
3673 1082 566 769 883 
3674 1005 1077 762 1075 
3675 636 1151 949 614 
3676 1129 1121 586 899 
3677 1031 719 1033 1032 
3678 1051 837 739 1150 
3679 680 752 753 993 
3680 752 1066 1067 993 
3681 1064 870 970 1183 
3682 1082 769 767 768 
3683 1082 767 1080 768 
3684 723 1037 724 722 
3685 1159 86 70 1190 
3686 905 756 754 1068 
3687 884 837 1150 739 
3688 1186 596 73 873 
3689 909 1031 718 1033 
3690 1033 596 718 909 
3691 671 714 709 1027 
3692 949 927 925 614 
3693 777 1090 1016 787 
3694 671 785 714 1027 
3695 1048 735 1045 1049 
3696 981 718 1031 719 
3697 833 895 1148 1146 
3698 1060 745 867 747 
3699 1025 1024 711 1175 
3700 1017 858 795 704 
3701 758 886 1063 599 
3702 927 1151 929 614 
3703 657 1064 870 970 
3704 74 90 596 880 
3705 1178 858 595 865 
3706 1021 1079 765 1078 
3707 766 1021 765 708 
3708 702 1156 843 975 
3709 733 1046 732 736 
3710 974 1048 735 961 
3711 925 1064 610 923 
3712 650 1048 1045 963 
3713 84 539 580 893 
3714 589 143 127 874 
3715 1178 755 1071 1069 
3716 1169 109 1200 549 
3717 856 887 93 549 
3718 1080 902 1078 767 
3719 1154 844 791 841 
3720 892 1098 785 1181 
3721 767 1187 902 874 
3722 729 1045 730 1042 
3723 1037 723 1035 722 
3724 897 1035 721 584 
3725 1074 816 1121 761 
3726 1021 766 765 1079 
3727 712 980 1105 667 
3728 839 788 583 896 
3729 844 1105 1025 1157 
3730 517 30 46 1185 
3731 737 974 843 1050 
3732 1161 889 839 848 
3733 111 95 1164 595 
3734 102 118 1166 1177 
3735 586 56 40 808 
3736 903 79 63 1104 
3737 908 111 1164 595 
3738 730 1149 1039 1043 
3739 1033 721 720 584 
3740 897 721 1033 584 
3741 980 702 1105 667 
3742 926 612 611 925 
3743 1199 862 886 1063 
3744 754 678 753 1068 
3745 684 997 1016 996 
3746 684 1016 703 996 
3747 48 32 1085 511 
3748 726 1038 1037 725 
3749 837 83 884 1150 
3750 1062 751 993 749 
3751 961 735 645 1048 
3752 870 885 725 1183 
3753 592 31 47 872 
3754 610 611 612 925 
3755 1064 612 636 925 
3756 693 1021 1170 1006 
3757 1086 686 817 999 
3758 817 1001 999 686 
3759 1034 1036 842 721 
3760 48 1085 772 511 
3761 764 708 765 1077 
3762 1022 709 871 716 
3763 1198 1038 725 1183 
3764 686 685 997 684 
3765 707 1021 1020 876 
3766 903 1104 1105 791 
3767 1196 61 77 532 
3768 1194 156 140 576 
3769 974 735 736 661 
3770 963 650 945 1192 
3771 52 36 875 579 
3772 721 1035 723 722 
3773 729 728 1041 726 
3774 636 925 612 614 
3775 685 997 684 670 
3776 949 925 1064 636 
3777 785 1181 996 868 
3778 44 60 1195 525 
3779 999 1086 686 997 
3780 817 1130 1001 1005 
3781 586 1100 55 787 
3782 792 903 1105 791 
3783 1182 129 145 895 
3784 755 1178 1071 865 
3785 808 593 906 761 
3786 716 51 35 875 
3787 763 1080 1081 1076 
3788 29 515 913 1200 
3789 515 887 45 600 
3790 650 958 1048 963 
3791 1016 703 777 787 
3792 599 844 912 841 
3793 975 843 702 662 
3794 1187 767 1082 874 
3795 596 1033 718 720 
3796 846 1040 1190 1159 
3797 1190 727 846 877 
3798 636 949 925 614 
3799 1074 1158 845 762 
3800 1047 718 717 734 
3801 711 980 712 667 
3802 871 1062 752 749 
3803 1086 817 1129 1130 
3804 895 833 1148 582 
3805 1100 1090 54 787 
3806 688 1003 1005 1001 
3807 692 688 690 1005 
3808 600 913 1071 756 
3809 757 600 1071 756 
3810 683 703 868 996 
3811 580 1149 877 836 
3812 1149 580 877 893 
3813 910 880 91 1193 
3814 762 764 763 1076 
3815 1068 1067 849 1162 
3816 1100 586 55 899 
3817 756 1069 754 1068 
3818 1067 753 849 752 
3819 913 1071 756 1070 
3820 1085 49 33 894 
3821 849 1068 905 754 
3822 1188 714 1027 716 
3823 144 128 562 869 
3824 712 1025 711 1175 
3825 1037 722 1040 727 
3826 1034 1035 1036 721 
3827 1077 692 762 764 
3828 856 1169 94 851 
3829 851 1169 94 1164 
3830 1002 1001 688 687 
3831 715 1030 1047 1028 
3832 1161 903 1105 792 
3833 686 688 1001 687 
3834 905 1070 756 1068 
3835 712 1105 792 667 
3836 1048 650 1045 735 
3837 1046 1043 730 1045 
3838 839 1050 889 1152 
3839 718 1047 717 1031 
3840 1044 729 728 1041 
3841 857 690 1003 1005 
3842 974 736 737 661 
3843 1003 689 688 690 
3844 1001 688 817 1005 
3845 692 817 688 1005 
3846 589 1079 1182 902 
3847 1015 702 1105 980 
3848 702 792 1105 667 
3849 1047 717 715 734 
3850 787 1100 1016 1160 
3851 903 1161 1101 590 
3852 1005 762 1158 1075 
3853 1062 871 1184 1022 
3854 1156 1050 1202 843 
3855 1188 1027 714 892 
3856 894 1184 581 1029 
3857 692 1077 762 1005 
3858 817 1086 1129 773 
3859 1170 693 1003 857 
3860 1066 581 1085 894 
3861 1044 1151 949 731 
3862 636 949 1151 731 
3863 762 1073 1074 1075 
3864 837 1051 739 738 
3865 1067 753 678 1068 
3866 1037 726 1149 1039 
3867 1041 1042 729 726 
3868 870 1064 885 1183 
3869 847 586 787 1160 
3870 766 1182 589 1079 
3871 707 708 1021 876 
3872 1090 777 54 787 
3873 1104 1105 791 1157 
3874 1202 843 889 702 
3875 1163 850 733 730 
3876 731 636 949 728 
3877 731 949 1044 728 
3878 1047 880 909 734 
3879 586 816 808 1121 
3880 1121 586 816 1129 
3881 1043 1042 730 1045 
3882 816 1121 1129 1074 
3883 816 808 1121 761 
3884 767 765 1078 763 
3885 816 1074 845 761 
3886 849 1066 1067 752 
3887 730 1163 1149 1043 
3888 996 683 684 670 
3889 1105 792 791 844 
3890 722 846 1040 727 
3891 1041 728 949 1198 
3892 1021 693 1170 708 
3893 532 77 1196 882 
3894 140 881 1194 576 
3895 1199 712 844 886 
3896 817 1129 816 773 
3897 883 1195 60 525 
3898 1041 1039 726 1038 
3899 650 735 1048 645 
3900 1186 1033 596 873 
3901 1160 1129 586 899 
3902 817 1129 1130 845 
3903 892 777 1090 1181 
3904 777 1090 1181 1016 
3905 1066 894 1184 581 
3906 892 579 777 868 
3907 1029 1188 1027 716 
3908 1130 817 845 1005 
3909 1035 722 584 846 
3910 1016 1086 997 684 
3911 1086 1016 703 684 
3912 880 596 909 734 
3913 662 702 975 980 
3914 1157 1199 844 912 
3915 862 886 712 1199 
3916 761 760 1074 762 
3917 580 1149 836 850 
3918 1149 580 893 1163 
3919 1039 726 1149 730 
3920 143 589 902 874 
3921 1121 808 57 906 
3922 729 1044 1042 1041 
3923 836 724 726 1149 
3924 871 581 1029 716 
3925 708 1021 1077 1170 
3926 1064 885 636 750 
3927 753 1067 677 993 
3928 873 1186 1033 584 
3929 579 892 785 868 
3930 910 880 734 597 
3931 880 1047 910 734 
3932 596 73 909 1186 
3933 875 892 714 579 
3934 1033 1034 1032 721 
3935 1046 730 733 732 
3936 754 592 756 905 
3937 766 1189 1021 876 
3938 1052 1163 580 739 
3939 1193 75 91 910 
3940 773 1086 703 684 
3941 1071 755 756 1069 
3942 1069 756 1070 1068 
3943 680 993 751 749 
3944 35 1188 1029 716 
3945 1078 1080 767 763 
3946 1029 1022 871 716 
3947 849 592 905 772 
3948 1085 849 905 772 
3949 1045 1046 1049 736 
3950 1046 1045 732 736 
3951 650 732 888 1201 
3952 792 1105 712 844 
3953 735 732 1045 736 
3954 1049 735 1045 736 
3955 702 1105 1161 1015 
3956 792 1161 702 1105 
3957 581 1066 1085 752 
3958 768 1080 1081 763 
3959 888 732 729 1201 
3960 692 845 817 1005 
3961 727 1037 724 1149 
3962 719 1031 1033 718 
3963 887 548 93 1200 
3964 514 887 29 1200 
3965 692 857 764 1077 
3966 726 836 1149 730 
3967 726 725 1037 724 
3968 1086 847 1129 773 
3969 752 1184 1066 1062 
3970 897 1035 846 1159 
3971 1181 703 777 1016 
3972 1181 703 1016 996 
3973 875 36 892 579 
3974 600 913 756 1185 
3975 1182 895 1079 766 
3976 1085 581 49 894 
3977 816 1129 817 845 
3978 680 753 677 993 
3979 878 1150 1051 1191 
3980 902 589 767 874 
3981 1077 1076 762 1075 
3982 1070 756 913 1185 
3983 1049 1048 735 974 
3984 1153 881 597 840 
3985 1064 657 870 750 
3986 1016 703 787 1160 
3987 876 766 1189 582 
3988 610 612 750 1064 
3989 878 1051 737 1191 
3990 756 905 1185 1070 
3991 538 85 1190 877 
3992 844 1154 791 1157 
3993 857 1005 1077 692 
3994 581 1184 1066 752 
3995 1181 785 996 1098 
3996 791 903 79 590 
3997 692 762 845 1005 
3998 764 857 708 1077 
3999 847 816 1129 773 
4000 596 909 74 880 
4001 69 85 1190 538 
4002 772 581 1085 752 
4003 927 926 925 614 
4004 876 1148 1020 835 
4005 845 1129 1074 816 
4006 874 142 126 1082 
4007 844 886 599 912 
4008 1194 881 910 1153 
4009 1121 40 586 899 
4010 1190 1149 727 877 
4011 719 1033 721 720 
4012 1049 737 1050 974 
4013 905 849 754 592 
4014 865 757 1071 755 
4015 650 888 1192 1201 
4016 1182 895 766 582 
4017 599 886 1063 912 
4018 1033 719 718 720 
4019 684 997 996 670 
4020 737 1051 1049 1050 
4021 737 1051 738 1049 
4022 1085 1066 849 752 
4023 862 1199 1175 1063 
4024 1082 1195 598 911 
4025 1080 1187 902 767 
4026 897 1035 584 846 
4027 551 95 851 1164 
4028 887 1169 549 856 
4029 88 72 1186 584 
4030 1044 1151 879 1192 
4031 791 62 1104 1154 
4032 636 1064 949 1198 
4033 768 767 1080 763 
4034 857 692 690 1005 
4035 1003 1001 688 1002 
4036 739 1051 1052 1046 
4037 871 1062 709 1022 
4038 1178 1164 1071 865 
4039 874 1187 142 1082 
4040 1156 702 1015 975 
4041 1045 735 650 732 
4042 1197 580 884 739 
4043 850 739 1163 733 
4044 1129 847 586 816 
4045 1161 1202 889 702 
4046 837 1150 1051 878 
4047 1160 1016 703 1086 
4048 1063 862 886 758 
4049 612 925 926 614 
4050 1189 1148 1020 876 
4051 1170 693 1006 1003 
4052 856 757 1071 851 
4053 980 662 702 667 
4054 871 1062 749 709 
4055 683 868 785 996 
4056 88 1186 873 584 
4057 905 756 1185 592 
4058 693 1003 857 690 
4059 1074 1121 906 761 
4060 850 1149 836 730 
4061 1033 596 909 1186 
4062 726 1042 729 730 
4063 767 874 769 1082 
4064 767 1187 1082 1080 
4065 650 888 879 1192 
4066 1086 703 847 773 
4067 835 876 1148 582 
4068 68 84 1197 893 
4069 895 1182 129 582 
4070 772 1085 849 752 
4071 762 764 1076 1077 
4072 1064 610 612 925 
4073 884 84 580 1197 
4074 1045 1042 729 1201 
4075 880 910 91 597 
4076 1202 1156 843 702 
4077 999 1086 1130 817 
4078 999 1130 1001 817 
4079 1154 1196 912 841 
4080 903 791 79 1104 
4081 737 1050 843 889 
4082 849 754 753 1068 
4083 766 1021 708 876 
4084 532 841 77 882 
4085 61 1196 1154 532 
4086 95 851 1164 595 
4087 1082 1195 883 598 
4088 581 1085 49 772 
4089 730 1046 1045 732 
4090 1064 870 885 750 
4091 1079 1189 1021 766 
4092 762 1074 1158 1075 
4093 851 1071 1169 1164 
4094 856 1071 1169 851 
4095 1185 592 31 905 
4096 1042 1041 1039 726 
4097 997 1086 686 684 
4098 580 1197 1052 739 
4099 1038 726 1037 1039 
4100 702 1015 975 980 
4101 686 1086 817 773 
4102 876 1189 1148 582 
4103 817 688 1001 686 
4104 1149 836 727 877 
4105 1100 787 586 1160 
4106 1157 791 1104 1154 
4107 873 1033 596 720 
4108 881 542 92 1194 
4109 737 1050 889 839 
4110 1191 1050 839 1152 
4111 1086 773 686 684 
4112 1199 712 862 1175 
4113 1045 729 730 732 
4114 795 678 755 3563 
4115 731 1151 838 879 
4116 722 1037 724 727 
4117 757 1071 600 856 
4118 913 600 1071 856 
4119 881 597 910 1153 
4120 808 40 586 1121 
4121 1020 707 876 835 
4122 595 1178 1164 908 
4123 109 93 548 1200 
4124 887 29 45 514 
4125 1160 586 1100 899 
4126 729 731 1044 728 
4127 761 1074 845 762 
4128 895 766 1189 1079 
4129 720 873 1033 584 
4130 897 1033 1186 584 
4131 836 727 724 1149 
4132 650 1045 1201 963 
4133 1196 124 559 882 
4134 837 1051 738 878 
4135 753 1067 849 1068 
4136 736 1049 735 974 
4137 1191 1051 737 1050 
4138 1051 878 737 738 
4139 60 883 525 598 
4140 525 1195 44 911 
4141 755 1071 756 757 
4142 1121 808 906 761 
4143 730 1039 1042 1043 
4144 722 1035 1037 1040 
4145 1195 125 566 883 
4146 756 1071 1069 1070 
4147 1046 738 739 1051 
4148 1178 595 1164 865 
4149 1108 1069 991 3563 
4150 580 893 1163 1052 
4151 1071 1169 913 856 
4152 728 636 949 1198 
4153 1046 738 733 739 
4154 766 895 1189 582 
4155 1043 730 1163 1046 
4156 1049 738 1046 1051 
4157 1196 599 841 882 
4158 736 974 737 1049 
4159 846 535 87 1159 
4160 738 1049 736 737 
4161 878 737 839 1191 
4162 769 874 126 1082 
4163 1035 722 846 1040 
4164 557 104 103 587 
4165 105 106 594 558 
4166 57 58 524 593 
4167 778 134 133 572 
4168 774 104 105 555 
4169 1087 121 120 555 
4170 569 134 135 781 
4171 574 135 136 585 
4172 591 138 137 575 
4173 570 136 137 824 
4174 887 913 1200 1169 
4175 570 153 152 1137 
4176 42 41 524 906 
4177 840 881 140 576 
4178 156 1194 1153 576 
4179 595 95 96 550 
4180 904 153 154 575 
4181 738 736 1046 733 
4182 712 1199 844 1025 
4183 851 757 1071 865 
4184 112 111 908 550 
4185 890 148 149 573 
4186 573 132 133 577 
4187 59 58 759 521 
4188 1091 149 150 572 
4189 535 71 87 1159 
4190 1192 963 650 1201 
4191 1025 712 1199 1175 
4192 896 1191 839 1152 
4193 139 138 601 571 
4194 729 1044 888 1201 
4195 152 151 574 898 
4196 848 1161 889 702 
4197 1159 1035 846 1040 
4198 1052 1163 739 1046 
4199 76 92 542 1194 
4200 1164 851 1071 865 
4201 730 733 1163 1046 
4202 569 151 150 1094 
4203 726 1039 1042 730 
4204 1186 72 897 584 
4205 1025 1199 844 1157 
4206 883 769 1082 598 
4207 121 122 558 907 
4208 148 147 561 1147 
4209 132 131 834 561 
4210 42 43 1072 521 
4211 525 59 60 598 
4212 557 119 120 900 
4213 839 583 878 1191 
4214 1196 77 61 531 
4215 560 156 140 1194 
4216 571 155 154 914 
4217 1195 60 44 509 
4218 124 108 559 882 
4219 1044 1151 731 879 
4220 837 82 83 530 
4221 530 66 67 1150 
4222 1202 1156 702 1015 
4223 895 1148 1189 582 
4224 566 141 125 1195 
4225 788 80 81 528 
4226 528 64 65 1101 
4227 599 107 108 559 
4228 599 1196 841 912 
4229 893 580 1197 1052 
4230 513 50 51 716 
4231 1029 34 35 513 
4232 579 53 52 522 
4233 892 36 37 522 
4234 1044 729 1042 1201 
4235 738 1049 1046 736 
4236 1191 839 583 896 
4237 737 1050 839 1191 
4238 44 43 525 911 
4239 1197 84 580 893 
4240 130 129 582 563 
4241 895 145 146 563 
4242 545 97 96 786 
4243 140 139 840 576 
4244 531 1196 77 882 
4245 140 881 560 1194 
4246 545 112 113 1099 
4247 883 60 1195 509 
4248 589 128 127 567 
4249 144 143 567 902 
4250 650 1045 732 1201 
4251 32 31 516 905 
4252 592 48 47 516 
4253 126 125 769 566 
4254 72 71 897 540 
4255 584 87 88 540 
4256 732 1045 729 1201 
4257 597 91 92 542 
4258 851 1164 595 865 
4259 733 739 1163 1046 
4260 55 54 787 518 
4261 38 39 1100 518 
4262 89 90 596 541 
4263 909 74 73 541 
4264 765 763 764 3564 
4265 560 526 7 1194 
4266 881 526 8 560 
4267 6 1196 531 543 
4268 882 5 531 543 
4269 883 565 4 509 
4270 565 1195 3 509 
4271 45 46 515 600 
4272 1076 1078 1077 3564 
4273 155 156 1153 576 
4274 77 78 841 532 
4275 542 92 597 881 
4276 542 910 76 1194 
4277 1161 1202 702 1015 
4278 566 142 141 1082 
4279 107 106 553 758 
4280 85 84 539 580 
4281 539 68 69 893 
4282 76 75 910 542 
4283 50 49 581 512 
4284 894 33 34 512 
4285 888 1044 1192 1201 
4286 548 887 514 1200 
4287 1195 565 883 509 
4288 882 531 1196 543 
4289 560 881 526 1194 
4290 79 80 590 533 
4291 123 124 559 912 
4292 124 559 912 1196 
4293 559 108 599 882 
4294 903 64 63 533 
4295 586 56 55 523 
4296 523 40 39 899 
4297 888 1044 879 1192 
4298 30 29 515 913 
4299 65 66 529 896 
4300 529 82 81 583 
4301 546 98 97 588 
4302 114 113 901 546 
4303 125 769 566 883 
4304 141 566 1082 1195 
4305 62 61 1154 532 
4306 1044 731 729 888 
4307 887 600 913 856 
4308 554 103 102 853 
4309 520 56 57 808 
4310 41 40 520 1121 
4311 881 92 526 1194 
4312 864 101 102 552 
4313 1169 887 913 856 
4314 534 79 78 791 
4315 863 98 99 547 
4316 547 114 115 1176 
4317 882 1196 124 543 
4318 565 125 1195 883 
4319 777 54 53 519 
4320 519 38 37 1090 
4321 63 62 1104 534 
4322 833 131 130 564 
4323 1146 146 147 564 
4324 556 101 100 578 
4325 531 77 5 882 
4326 1196 61 6 531 
4327 7 156 560 1194 
4328 881 8 140 560 
4329 100 99 544 852 
4330 116 115 1165 544 
4331 1195 44 3 509 
4332 883 4 60 509 
4333 1063 123 122 553 
4334 92 76 526 1194 
4335 556 116 117 891 
4336 124 108 882 543 
4337 851 94 95 551 
4338 1195 141 125 565 
4339 2 109 548 1200 
4340 548 93 1 887 
4341 45 1 887 514 
4342 514 29 2 1200 
4343 731 1044 879 888 
4344 887 1 548 514 
4345 514 2 548 1200 
4346 551 110 111 1164 
4347 856 93 94 549 
4348 538 86 85 877 
4349 772 49 48 511 
4350 1085 32 33 511 
4351 526 8 92 881 
4352 526 76 7 1194 
4353 1169 110 109 549 
4354 1196 6 124 543 
4355 108 5 882 543 
4356 517 46 47 872 
4357 552 117 118 1177 
4358 565 4 125 883 
4359 1195 3 141 565 
4360 119 118 1166 554 
4361 31 30 517 1185 
4362 87 86 535 846 
4363 1182 144 145 562 
4364 562 128 129 869 
4365 880 90 91 537 
4366 127 126 874 568 
4367 873 88 89 536 
4368 73 72 1186 536 
4369 70 69 1190 538 
4370 74 75 537 1193 
4371 510 51 52 875 
4372 1188 35 36 510 
4373 1187 142 143 568 
4374 527 67 68 1197 
4375 83 84 884 527 
4376 70 71 535 1159 
4377 1 2 548 514 
4378 5 6 531 543 
4379 565 3 4 509 
4380 7 8 526 560 
3 2 4 6109
4381 1620 3627 1618 3858 
4382 3799 3950 1254 3996 
4383 3694 3826 3647 3850 
4384 3574 3684 3646 3685 
4385 3627 1620 3857 3858 
4386 3649 959 3761 3901 
4387 1544 3689 1546 3981 
4388 3651 3727 954 3795 
4389 994 3617 3698 3875 
4390 1514 1479 3770 3882 
4391 1544 1546 3822 3981 
4392 994 3746 3617 3875 
4393 3586 3646 3684 3685 
4394 960 3685 3664 3827 
4395 3679 3761 959 3901 
4396 3636 3691 1317 3988 
4397 3567 3638 3611 3762 
4398 969 3646 3685 3827 
4399 967 954 3651 3727 
4400 1514 3770 3697 3882 
4401 1766 3747 3693 3842 
4402 994 1127 3617 3746 
4403 3584 3638 3611 3658 
4404 1448 3766 3635 3926 
4405 994 3698 3617 3834 
4406 1730 1618 1620 3627 
4407 969 3646 971 3685 
4408 3646 3684 3574 3751 
4409 3672 3689 3616 3757 
4410 3703 3857 1620 3858 
4411 3617 3837 3581 3994 
4412 3586 3684 3646 3751 
4413 3602 3657 3577 3671 
4414 1432 1146 1470 3634 
4415 3581 3837 3740 3994 
4416 1612 3666 3652 3960 
4417 1780 3659 3723 3814 
4418 994 1107 3746 3875 
4419 1318 3691 3636 3786 
4420 3577 3602 3671 3726 
4421 1656 1773 3790 3805 
4422 3627 3857 3703 3858 
4423 1656 3790 3772 3805 
4424 994 3617 953 3834 
4425 3628 1295 3668 3908 
4426 1192 3739 3661 3860 
4427 1514 3697 1479 3882 
4428 3577 3602 3726 3983 
4429 946 959 3679 3761 
4430 3618 3806 3666 3835 
4431 994 1107 1127 3746 
4432 3592 3693 3606 3877 
4433 3617 3795 953 3834 
4434 1123 3730 3618 3806 
4435 1026 3648 3754 3893 
4436 3599 3728 3570 3805 
4437 1582 1578 1664 3633 
4438 1051 3709 3691 3786 
4439 1073 3771 3686 3848 
4440 1578 1664 3633 3796 
4441 3664 3741 960 3827 
4442 1636 3706 1783 3846 
4443 1783 3706 3658 3846 
4444 1204 1353 3613 3799 
4445 1150 3691 1332 3786 
4446 1096 3621 3738 3746 
4447 1166 3778 3611 4053 
4448 3574 3719 3607 3741 
4449 3572 3605 3657 3671 
4450 3656 3819 3731 4046 
4451 1053 3730 1123 3806 
4452 3772 3790 3570 3805 
4453 3566 3718 3656 3731 
4454 1053 3730 3806 3890 
4455 3607 3719 3620 3741 
4456 3666 3806 3620 3835 
4457 3656 3604 3819 4046 
4458 3583 3724 3688 3820 
4459 3566 3731 3656 3819 
4460 1536 3708 3612 3840 
4461 1158 3742 3686 3896 
4462 3806 3890 3730 3965 
4463 1150 1051 3691 3786 
4464 3611 3638 3584 3673 
4465 3637 3818 3670 3915 
4466 1721 1743 3726 3840 
4467 1544 1545 1546 3689 
4468 1204 3613 1353 3815 
4469 3604 3590 3690 3784 
4470 3670 3818 3637 4028 
4471 3599 3570 3737 3805 
4472 992 3707 3615 3871 
4473 1721 3726 3671 3840 
4474 1448 3926 3635 4000 
4475 3584 3633 3609 3839 
4476 3609 3633 3584 3796 
4477 3569 3629 3699 3830 
4478 1150 1051 1191 3691 
4479 3611 3638 3567 3713 
4480 3577 3657 3602 3900 
4481 1166 1180 3611 3788 
4482 3759 3787 3610 3922 
4483 3597 3724 3688 3743 
4484 1432 895 3634 3794 
4485 1536 3612 1741 3840 
4486 3590 3683 3604 3690 
4487 3688 3724 3597 3820 
4488 992 1065 3707 3871 
4489 965 954 3727 3795 
4490 3604 3573 3656 3819 
4491 1617 3645 3723 3903 
4492 3612 3670 3818 3915 
4493 3569 3699 3635 3830 
4494 1730 3627 1620 3857 
4495 3656 3731 3718 4046 
4496 3652 3666 1612 3954 
4497 1664 3633 3796 3846 
4498 3638 3732 3585 3762 
4499 1105 3787 3759 3922 
4500 1338 1317 3691 3988 
4501 1629 3650 1633 3870 
4502 3661 3704 1151 3860 
4503 956 960 3741 3827 
4504 1617 3723 3645 3858 
4505 1544 3783 3689 3981 
4506 3688 3724 3583 3743 
4507 1096 977 3621 3746 
4508 3605 3714 3669 3942 
4509 1151 1192 3661 3860 
4510 3737 3790 1773 3805 
4511 1642 3714 3668 3849 
4512 3740 3837 3676 3994 
4513 960 3664 947 3741 
4514 3590 3784 3604 4037 
4515 1780 3659 1631 3723 
4516 1081 3830 3771 3848 
4517 1603 3647 3826 3850 
4518 1166 1360 3611 3778 
4519 3649 3761 3679 3901 
4520 3583 3652 3618 3943 
4521 3739 3816 3606 3963 
4522 1206 1247 899 3640 
4523 3577 3900 3602 3983 
4524 3637 3670 3579 3915 
4525 3592 3633 3609 3747 
4526 3609 3633 3592 3736 
4527 959 978 3649 3761 
4528 1166 3611 1360 3788 
4529 1725 3676 3785 3883 
4530 1525 3697 1514 3770 
4531 967 976 3727 3979 
4532 1610 1612 3666 3954 
4533 3583 3618 3666 3835 
4534 3567 3732 3638 3762 
4535 1396 3611 3713 3972 
4536 1215 1254 3950 3996 
4537 1726 3666 1612 3960 
4538 956 960 947 3741 
4539 916 3622 3798 3906 
4540 3604 3683 3590 3711 
4541 1707 3676 1725 3883 
4542 1750 3697 1528 3853 
4543 1612 3652 3776 3960 
4544 1726 1610 1612 3666 
4545 3650 3711 1633 3870 
4546 3787 3803 3610 3922 
4547 967 965 954 3727 
4548 3683 3711 3604 3974 
4549 3572 3657 3605 3792 
4550 3592 3649 3641 3679 
4551 3591 3655 3628 3668 
4552 1241 3866 3640 3920 
4553 1536 1534 3708 3840 
4554 3724 3652 3943 4006 
4555 1554 3637 3822 3857 
4556 1629 3865 3650 3870 
4557 3607 3689 3672 3757 
4558 3567 3713 3638 3919 
4559 3725 3978 3735 3985 
4560 3575 3663 3653 3979 
4561 3612 3579 3670 3915 
4562 1447 3699 1490 3830 
4563 3575 3727 3663 3979 
4564 3604 3656 3573 3690 
4565 1701 3667 1702 3680 
4566 922 3862 3792 3936 
4567 3583 3724 3652 3943 
4568 959 946 978 3761 
4569 907 3648 1404 3765 
4570 3590 3604 3711 4037 
4571 3669 3714 3605 3780 
4572 1313 3786 3636 3790 
4573 975 3609 3754 3787 
4574 3569 3771 3830 3848 
4575 3650 3865 3590 3870 
4576 965 3795 3727 3834 
4577 3616 3689 3672 3898 
4578 1745 1716 3643 3692 
4579 3693 3842 3747 4002 
4580 3730 3890 3662 3965 
4581 3628 3655 3591 3884 
4582 3798 3906 3622 3942 
4583 1747 3697 1750 3725 
4584 1574 3693 1766 3747 
4585 895 1146 1432 3634 
4586 1580 3681 1533 3873 
4587 1073 3686 1075 3848 
4588 1701 1434 3667 3680 
4589 3611 3658 3638 3975 
4590 3605 3714 3942 4016 
4591 1135 1134 3649 3698 
4592 1770 3729 3688 3789 
4593 3571 3669 3628 3714 
4594 3672 3594 3689 3785 
4595 1352 1278 3626 3801 
4596 976 3889 3727 3979 
4597 1331 3668 1308 3844 
4598 3611 3673 3584 3893 
4599 3640 3789 1240 3920 
4600 1533 3847 3708 3873 
4601 1096 3746 3738 4023 
4602 899 1206 3640 3808 
4603 1468 890 1091 3749 
4604 3739 3888 3710 3937 
4605 3588 3710 3739 3791 
4606 1074 1158 3686 3896 
4607 1334 3812 3763 3844 
4608 3593 3615 3694 3927 
4609 1396 3713 3611 3778 
4610 3628 3945 3687 4034 
4611 1241 3640 1240 3920 
4612 1633 3650 1775 3711 
4613 1536 1741 1534 3840 
4614 3605 3671 3572 3951 
4615 3647 3694 3615 3927 
4616 1026 3788 3648 3893 
4617 1053 3662 3730 3890 
4618 999 3743 3835 3943 
4619 3604 3784 3573 3819 
4620 3643 3692 1716 4013 
4621 3679 3739 945 3860 
4622 1468 3749 1091 3880 
4623 1578 3633 3747 3796 
4624 1352 3626 1278 3828 
4625 3612 3602 3682 3769 
4626 1386 1176 1363 3683 
4627 1404 907 1087 3648 
4628 3693 3710 3606 3877 
4629 1727 3684 3665 3826 
4630 3588 3661 3644 3791 
4631 3618 3943 3652 4006 
4632 3669 3714 3591 3884 
4633 3583 3666 3620 3835 
4634 999 3724 3743 3943 
4635 1750 1526 1528 3697 
4636 1308 3668 3655 3844 
4637 3590 3870 3784 4037 
4638 1544 3637 3783 3981 
4639 3569 3715 3686 3744 
4640 967 3935 976 3979 
4641 1702 3680 3667 3863 
4642 1743 3726 3840 4054 
4643 1135 3698 3649 3875 
4644 1432 1470 1455 3634 
4645 1588 3641 1569 3823 
4646 1165 1176 1386 3683 
4647 1123 3618 3730 3779 
4648 3691 3702 1338 3988 
4649 1730 1618 3627 3776 
4650 3618 3652 3583 3666 
4651 1554 1693 3637 3857 
4652 3576 3890 3806 3965 
4653 1533 3681 3847 3873 
4654 983 3646 969 3827 
4655 3615 3598 3647 3804 
4656 978 1135 1134 3649 
4657 3664 3685 3574 3827 
4658 1730 1554 3822 3857 
4659 3617 3676 3837 3994 
4660 1580 1533 3681 3847 
4661 1014 1009 1011 3623 
4662 1011 1014 3623 3797 
4663 1745 3692 3643 3837 
4664 1617 3723 1630 3903 
4665 1165 3683 1386 3997 
4666 1014 1009 3623 3833 
4667 3615 3639 3598 3758 
4668 1618 3627 3776 3858 
4669 3621 3704 933 3738 
4670 1207 3686 906 3771 
4671 3566 3613 3654 4008 
4672 1053 3662 1120 3730 
4673 3597 3742 3686 3744 
4674 1588 3692 3641 3823 
4675 890 1468 1428 3749 
4676 3634 3645 3595 3721 
4677 3740 3746 3581 3994 
4678 3628 3714 3669 3884 
4679 3606 3739 3710 3937 
4680 1785 3885 3745 3968 
4681 1427 3629 1203 3829 
4682 1166 3611 1180 4053 
4683 3606 3693 3592 3716 
4684 1426 1277 3630 3832 
4685 3599 3728 3805 3999 
4686 1014 3623 3797 3833 
4687 1744 1716 3692 4013 
4688 1750 3725 3697 3853 
4689 1730 3822 3627 3857 
4690 3621 3740 3594 3746 
4691 3590 3865 3663 3870 
4692 3583 3620 3666 3867 
4693 3686 3744 3742 4009 
4694 3672 3689 3594 3898 
4695 3690 3784 3590 3979 
4696 1199 1157 3765 3828 
4697 3697 3725 1747 3978 
4698 1776 3658 1397 3975 
4699 3576 3662 3890 3965 
4700 3809 3847 3681 3873 
4701 3708 3847 3809 3873 
4702 992 993 3615 3707 
4703 1745 1744 1716 3692 
4704 3638 3673 3611 3762 
4705 3624 3647 3598 3804 
4706 1592 1593 3751 3971 
4707 983 3717 3646 3827 
4708 3661 3674 3644 3791 
4709 1776 1397 3713 3975 
4710 1642 1641 3668 3714 
4711 3612 3670 3579 3769 
4712 1795 3799 1228 3996 
4713 3598 3758 3639 4008 
4714 1091 3749 1092 3880 
4715 1604 3837 3643 3859 
4716 3639 3656 3573 3819 
4717 3625 3655 3591 3668 
4718 1123 3618 1116 3806 
4719 1051 1191 3691 3709 
4720 973 3727 976 3889 
4721 1727 1713 3684 3826 
4722 3632 3733 1243 3920 
4723 3644 3661 3588 3704 
4724 1341 3868 3841 4017 
4725 3696 3795 951 3836 
4726 3621 977 3761 3875 
4727 3641 3679 3649 3761 
4728 1766 3842 3693 3879 
4729 1510 1697 1382 3658 
4730 3579 3612 3769 3969 
4731 3640 3729 1240 3789 
4732 1259 1267 1243 3632 
4733 3740 3746 3621 3995 
4734 916 3748 3622 3906 
4735 1544 3822 3637 3981 
4736 1338 1317 1340 3691 
4737 1081 1076 3830 3848 
4738 3576 3662 3627 3822 
4739 969 3685 960 3827 
4740 1647 3720 3625 3763 
4741 3724 3835 3743 3943 
4742 3581 3746 3740 3995 
4743 1331 1308 3668 3908 
4744 1743 1721 1567 3840 
4745 3579 3753 3612 3969 
4746 3592 3606 3716 3963 
4747 992 1065 993 3707 
4748 1268 1270 1204 3613 
4749 899 1247 1100 3640 
4750 3628 3591 3714 3884 
4751 1045 3816 3739 3963 
4752 3598 3639 3615 3850 
4753 3617 3834 3698 4050 
4754 1744 3692 3874 4013 
4755 3584 3638 3633 3673 
4756 1353 1420 1418 3613 
4757 3627 3662 3637 3822 
4758 3588 3739 3661 3791 
4759 1174 907 1175 3765 
4760 3566 3677 3613 4008 
4761 3598 3647 3624 3767 
4762 1715 3734 3675 3868 
4763 3667 3680 1434 3987 
4764 3585 3732 3631 3762 
4765 3641 3877 3710 3998 
4766 3576 3662 3822 3981 
4767 3624 3767 3701 4045 
4768 979 975 3609 3754 
4769 3624 1233 3767 4045 
4770 1382 1355 1510 3658 
4771 1114 3631 966 3727 
4772 3658 3713 1397 3975 
4773 3661 3739 3603 3791 
4774 1432 3634 1455 3794 
4775 978 1135 3649 3875 
4776 1170 3864 3774 4004 
4777 3637 3822 3662 3981 
4778 1582 3633 1572 3747 
4779 3686 3715 3569 3845 
4780 1455 3634 3712 3926 
4781 3686 3742 1075 3848 
4782 976 3690 3889 3979 
4783 922 3792 3657 3936 
4784 3612 3602 3769 3969 
4785 1707 3740 3676 3883 
4786 966 3727 3631 3834 
4787 1173 3648 1026 3788 
4788 992 3615 3750 3871 
4789 3603 3888 3739 3937 
4790 1697 1382 3658 3968 
4791 3665 3684 1570 3891 
4792 973 967 976 3727 
4793 1002 3618 1123 3779 
4794 979 3839 3609 4040 
4795 3745 3885 3706 3968 
4796 1167 3683 1018 3690 
4797 3598 3615 3647 3850 
4798 1568 3877 3641 3998 
4799 3620 3757 1122 3806 
4800 3642 3751 1593 3971 
4801 3638 3658 3584 3846 
4802 1448 1449 3635 3766 
4803 1568 3710 3877 3998 
4804 1242 3700 892 3733 
4805 3601 3612 3682 3764 
4806 1430 904 3748 4048 
4807 3599 3805 3720 3999 
4808 3585 3673 3638 3762 
4809 3612 3708 1536 3807 
4810 1092 3880 3749 4011 
4811 980 3759 3787 3982 
4812 3655 3668 1308 3908 
4813 1703 1702 1701 3667 
4814 3611 3788 3584 3972 
4815 983 982 969 3646 
4816 1174 3648 907 3765 
4817 1102 3651 3696 3750 
4818 3724 3943 3779 4006 
4819 3612 3753 3602 3969 
4820 1588 1556 1569 3641 
4821 941 3672 938 3757 
4822 1242 892 1205 3733 
4823 1240 3640 1238 3729 
4824 1030 3884 3800 3906 
4825 1757 1435 3680 3775 
4826 3583 3620 3867 4056 
4827 1447 1449 1490 3699 
4828 3779 4004 3724 4006 
4829 941 3741 3672 3757 
4830 1631 3659 3766 3903 
4831 1592 3751 3881 3971 
4832 3585 3643 3692 3698 
4833 3580 3670 3612 3764 
4834 3628 3668 3655 3908 
4835 1638 3770 3687 3878 
4836 3624 3767 1231 3980 
4837 1757 3680 1755 3775 
4838 1528 3853 3697 4016 
4839 3637 3857 1693 3915 
4840 3779 3943 3724 4004 
4841 1151 3704 3661 3948 
4842 3585 3692 3649 3698 
4843 3624 3647 3586 3701 
4844 1447 3635 3699 3830 
4845 3665 1570 3861 3891 
4846 3691 3709 3636 3786 
4847 3669 3714 3571 3942 
4848 3658 3846 3638 3975 
4849 1510 1355 1776 3658 
4850 1728 1554 1693 3637 
4851 1242 1188 892 3700 
4852 975 979 3609 4040 
4853 3566 3656 3639 3819 
4854 1631 3723 3659 3903 
4855 1204 1268 3613 3815 
4856 3643 3581 3692 3698 
4857 3599 3737 3570 3953 
4858 3633 3638 3584 3846 
4859 3601 3644 3661 3674 
4860 1192 945 3739 3860 
4861 1759 3737 3720 3763 
4862 3613 3677 3654 4008 
4863 1353 3613 1418 3815 
4864 1727 1570 3665 3684 
4865 960 1117 3664 3685 
4866 1500 1757 1465 3680 
4867 3580 3612 3670 3818 
4868 1396 3713 1408 3972 
4869 1747 1526 1750 3697 
4870 3607 3672 3689 3785 
4871 1728 3637 1693 3915 
4872 1293 3945 3832 4019 
4873 1572 3747 3633 3823 
4874 3592 3679 3606 3963 
4875 3649 3692 3581 3698 
4876 3619 3651 3575 3907 
4877 1487 1704 3667 3725 
4878 3615 3639 3573 3694 
4879 3592 3679 3641 3877 
4880 3571 3942 3714 4016 
4881 1556 1568 3641 3998 
4882 1755 3775 3680 3976 
4883 3679 3710 3641 3877 
4884 1601 1599 1718 3821 
4885 3620 3719 3666 3867 
4886 3683 3690 1167 4021 
4887 1720 3719 3666 3802 
4888 1761 3644 3674 3791 
4889 979 3754 3609 3839 
4890 3603 3805 3728 3999 
4891 3735 3978 1462 3985 
4892 3628 3669 3571 3906 
4893 1102 3696 952 3750 
4894 3569 3830 3635 3848 
4895 3590 3711 3870 4037 
4896 1572 3633 1582 3823 
4897 1117 3664 3685 4051 
4898 1702 3667 1703 3863 
4899 3617 3581 3746 3994 
4900 3566 3654 3613 3996 
4901 1523 3799 1795 3996 
4902 3579 3637 3627 3662 
4903 3611 3584 3658 3972 
4904 3599 3570 3756 3953 
4905 3621 3660 3594 3740 
4906 3651 3653 3575 3907 
4907 1316 1760 3790 3988 
4908 3608 3749 1484 3880 
4909 1748 3663 1576 3732 
4910 3570 3728 3599 3756 
4911 935 3757 3616 3890 
4912 1761 3674 3644 3959 
4913 1455 3634 1457 3712 
4914 3585 3633 3638 3673 
4915 1468 1484 3749 3880 
4916 3569 3659 3635 3699 
4917 1582 1578 3633 3747 
4918 1427 1203 3629 3810 
4919 3596 3688 3640 3789 
4920 3632 3586 3701 4045 
4921 3620 3741 1122 3757 
4922 1316 3790 3636 3988 
4923 950 951 3795 3836 
4924 3573 3604 3690 3784 
4925 998 999 3743 3835 
4926 990 3758 3615 3804 
4927 1661 3636 3772 3790 
4928 1476 3629 1450 3699 
4929 1633 1775 1786 3711 
4930 3573 3656 3639 3852 
4931 1601 3639 1599 3821 
4932 1277 1426 3630 3811 
4933 1410 3711 3650 3934 
4934 1745 3692 3837 3892 
4935 1449 3699 3635 3766 
4936 3686 3715 3597 3744 
4937 3605 3780 3714 4016 
4938 3584 3754 3648 3893 
4939 3625 3668 3591 3849 
4940 1770 3688 1626 3789 
4941 939 1151 3704 3860 
4942 3629 3569 3771 3830 
4943 1455 3794 3634 3926 
4944 1576 1748 1724 3663 
4945 3573 3639 3615 3852 
4946 3581 3698 3617 3875 
4947 1151 939 1192 3860 
4948 3661 3739 3588 3860 
4949 3573 3653 3651 3831 
4950 3672 3594 3785 3994 
4951 3569 3744 3686 4009 
4952 1476 3699 1451 3810 
4953 3682 3612 3769 3984 
4954 1018 3690 3683 3889 
4955 1715 3675 3734 3885 
4956 3621 3746 977 3875 
4957 1129 3686 3808 3896 
4958 1525 3697 3770 3878 
4959 940 3621 977 3761 
4960 1599 3819 1718 3821 
4961 1306 1327 3687 3811 
4962 1732 3719 1720 3802 
4963 998 3743 3717 3835 
4964 1785 3706 3885 3968 
4965 3587 3691 3636 3702 
4966 980 3759 3982 4035 
4967 1117 3685 3871 4051 
4968 1741 1536 1723 3612 
4969 1096 3621 933 3738 
4970 1490 3699 1450 3830 
4971 1313 3636 1316 3790 
4972 1755 3680 3824 3976 
4973 3623 3969 3614 4010 
4974 1296 3628 1295 3668 
4975 994 953 955 3834 
4976 1156 3787 3716 4040 
4977 3699 3768 1691 3810 
4978 3572 3792 3605 3952 
4979 969 982 971 3646 
4980 1574 3693 3747 3877 
4981 3666 3776 3652 3960 
4982 930 933 3704 3738 
4983 1638 3687 1640 3878 
4984 3655 3884 3628 3908 
4985 3725 1462 3978 3985 
4986 1091 890 1092 3749 
4987 967 3651 3935 3979 
4988 1476 1450 1490 3699 
4989 3632 3700 1243 3733 
4990 3631 3732 3567 3762 
4991 3632 3700 3586 4045 
4992 3639 3819 1599 3821 
4993 3619 3653 3651 3907 
4994 1303 3702 3691 4049 
4995 966 965 3727 3834 
4996 969 971 960 3685 
4997 1073 906 3686 3771 
4998 1727 1713 1570 3684 
4999 960 1103 1117 3685 
5000 3595 3721 3645 3864 
5001 1184 1062 3624 3804 
5002 3597 3688 3640 3743 
5003 935 3616 3757 3898 
5004 1332 3691 1318 3786 
5005 1168 3695 3778 3904 
5006 1007 3721 1006 3779 
5007 3603 3720 3805 3999 
5008 1117 3685 1103 3871 
5009 3644 3704 3588 3955 
5010 1057 1058 3673 4053 
5011 1457 3712 3634 3775 
5012 3601 3661 3644 3948 
5013 3651 3573 3831 3992 
5014 1638 3687 3770 3811 
5015 1238 3729 3640 3991 
5016 1318 3636 1313 3786 
5017 3652 3666 3618 3965 
5018 1074 3686 1158 3742 
5019 1600 3694 3639 3850 
5020 3595 3774 3635 3794 
5021 1057 3673 3762 4053 
5022 3628 3571 3800 3906 
5023 1173 3788 1026 3893 
5024 1026 3754 3839 3893 
5025 3601 3682 3612 3708 
5026 3637 3662 3579 3670 
5027 3647 3826 3694 3927 
5028 3580 3738 3955 4012 
5029 971 3685 3646 4052 
5030 1007 3721 3779 3913 
5031 3649 3679 3592 3901 
5032 3719 3867 3620 4056 
5033 3701 3767 1233 4045 
5034 1600 3639 3694 3897 
5035 1238 1247 1206 3640 
5036 3583 3652 3724 3820 
5037 1795 1228 1215 3996 
5038 3591 3714 3669 3780 
5039 1096 3738 3898 4023 
5040 1123 3730 1004 3779 
5041 1647 3625 1645 3763 
5042 1723 3612 1536 3807 
5043 1470 3634 1146 3916 
5044 1055 1057 1058 3673 
5045 3643 3837 3760 3859 
5046 3580 3738 3704 3955 
5047 1114 966 965 3727 
5048 967 3727 3651 3979 
5049 3616 3594 3689 3898 
5050 1168 3778 3695 3997 
5051 3651 3653 3619 3831 
5052 1352 1419 1417 3626 
5053 1435 1465 1757 3680 
5054 3787 3842 3675 4036 
5055 977 933 1096 3621 
5056 1238 1240 1241 3640 
5057 1727 3826 3665 3854 
5058 3566 3639 3656 3758 
5059 3616 3757 3689 3981 
5060 3641 3649 3592 3958 
5061 3631 3567 3732 3924 
5062 3686 3771 3569 3848 
5063 1420 3613 1353 3799 
5064 1204 3613 1270 3799 
5065 1120 1053 944 3662 
5066 3634 3721 1148 3833 
5067 3774 3794 1079 4000 
5068 3586 3647 3624 3707 
5069 3656 3758 3639 3852 
5070 1629 3663 3865 3870 
5071 980 3759 1105 3787 
5072 1576 3732 3663 4013 
5073 3630 3687 1327 3811 
5074 1053 1123 1116 3806 
5075 1476 3629 3699 3810 
5076 3567 3638 3732 3919 
5077 3595 3645 3634 3712 
5078 1437 3770 1479 3882 
5079 3622 3748 916 4048 
5080 3578 3672 3785 3994 
5081 1593 3751 3642 3891 
5082 1556 3641 1568 3877 
5083 1428 1468 1484 3749 
5084 3614 3797 3623 4005 
5085 1795 1215 3654 3996 
5086 1233 3624 1232 4045 
5087 3568 3645 3833 4005 
5088 3620 3806 3666 4025 
5089 1592 1606 1593 3971 
5090 3580 3818 3670 4028 
5091 3617 3581 3837 4050 
5092 1125 3717 3620 3835 
5093 1588 3641 3692 3892 
5094 3575 3651 3619 3930 
5095 1140 916 3622 3798 
5096 1301 3841 1341 3868 
5097 1775 3650 1362 3711 
5098 3610 3787 3675 4036 
5099 1430 1459 904 4048 
5100 3663 3727 3590 3979 
5101 1137 904 1459 4048 
5102 3600 3724 4004 4006 
5103 3615 3694 3647 3850 
5104 1517 3745 1356 3968 
5105 3832 3945 3800 4019 
5106 1062 1184 3624 3887 
5107 3635 3595 3794 3926 
5108 983 982 3646 3912 
5109 979 968 3839 4040 
5110 3652 3724 3600 4006 
5111 1360 3788 3611 3972 
5112 3759 3765 1157 3828 
5113 3719 1732 3861 4030 
5114 1443 3622 3748 3882 
5115 1208 3921 905 3957 
5116 3580 3764 3612 4032 
5117 932 3616 3917 3940 
5118 3652 3776 3666 3965 
5119 3612 3764 3601 4032 
5120 932 3616 3738 3917 
5121 1296 3628 3668 4034 
5122 1023 3683 1165 3997 
5123 3719 3802 1732 4030 
5124 910 1293 3832 4019 
5125 3574 3741 3607 3925 
5126 1447 3635 1449 3699 
5127 1016 3743 3640 3912 
5128 1112 1167 1018 3690 
5129 1592 3881 1606 3971 
5130 3683 3934 1386 3997 
5131 975 3754 980 3787 
5132 1574 1571 3693 3877 
5133 938 935 3757 3898 
5134 3661 3704 3644 3948 
5135 1352 3626 1417 3801 
5136 1112 1167 3690 4021 
5137 1261 1731 1509 3729 
5138 3636 3790 1760 3988 
5139 3568 3916 3634 3949 
5140 3594 3785 3676 3883 
5141 948 3696 3836 3923 
5142 1741 3612 1723 3915 
5143 1437 1514 1479 3770 
5144 3568 3645 3634 3833 
5145 1243 1246 1259 3632 
5146 1673 1356 1517 3745 
5147 1457 3634 1458 3775 
5148 3618 3806 3730 3965 
5149 1077 3774 3742 4004 
5150 3629 3768 1222 3845 
5151 3588 3679 3641 3761 
5152 3618 3666 3806 3965 
5153 3635 3794 3774 4000 
5154 1148 3634 895 3794 
5155 3636 3691 3587 3709 
5156 3739 3816 3728 3937 
5157 1062 3624 3804 3887 
5158 3603 3739 3728 3937 
5159 3620 3719 3607 4025 
5160 3653 3663 3590 3979 
5161 3622 3882 1443 3978 
5162 1602 3694 1600 3850 
5163 1674 3708 1533 3847 
5164 3581 3617 3698 4050 
5165 3663 3732 3567 3924 
5166 3581 3649 3641 3692 
5167 3731 3755 1518 4043 
5168 1460 1462 3735 3978 
5169 1642 3780 3714 3849 
5170 3634 3645 3568 3775 
5171 1580 1674 1533 3847 
5172 3619 3651 3831 3992 
5173 3571 3714 3878 4016 
5174 1715 3675 1625 3868 
5175 1585 3747 1766 3842 
5176 3671 3726 3602 3840 
5177 3721 1006 3779 3864 
5178 3627 3822 3637 3857 
5179 1278 3626 1343 3828 
5180 1023 1176 1165 3683 
5181 3688 3729 3640 3789 
5182 3677 905 3921 3957 
5183 1602 1603 1675 3826 
5184 3610 3675 3842 4036 
5185 3614 3986 3797 4005 
5186 1150 896 1332 3691 
5187 934 935 3616 3890 
5188 1079 3794 3774 3909 
5189 1031 3800 1030 3884 
5190 1069 3677 3777 3894 
5191 1170 1006 3774 3864 
5192 3643 3874 3692 4013 
5193 3587 3787 3675 4002 
5194 3675 3842 1625 3868 
5195 3599 3763 3812 3844 
5196 1207 1219 3686 3771 
5197 3691 3702 3587 4036 
5198 1544 1545 3689 3783 
5199 1776 1355 1397 3658 
5200 1585 3675 3747 3842 
5201 1582 1572 1578 3747 
5202 1402 3613 1420 3799 
5203 3735 3978 3725 4033 
5204 1341 1289 3868 4017 
5205 3595 3645 3723 3864 
5206 1126 3736 3649 3855 
5207 3622 3906 3748 3942 
5208 1004 3779 3730 3913 
5209 3599 3737 3720 3805 
5210 1265 1222 1253 3768 
5211 1343 1278 1345 3626 
5212 1316 1313 1317 3636 
5213 3611 3584 3788 3893 
5214 943 1122 3757 3806 
5215 1783 3658 3706 3968 
5216 3591 3668 3628 3714 
5217 3568 3634 3775 3949 
5218 1488 1445 1477 3770 
5219 1592 3751 1593 3891 
5220 3694 3826 3593 3927 
5221 3570 3709 3636 3772 
5222 1080 3635 3830 3848 
5223 1748 3663 3732 3865 
5224 3588 3704 3661 3860 
5225 938 3757 3672 3898 
5226 1035 3655 3722 3812 
5227 3622 3978 3735 4033 
5228 3646 3751 3574 3891 
5229 1396 3611 1360 3778 
5230 1088 1148 3721 3833 
5231 1203 3629 1269 3829 
5232 3715 3744 3569 4001 
5233 3687 3714 1640 3878 
5234 1026 3648 1174 3754 
5235 1181 3733 1098 3912 
5236 1491 3629 1427 3829 
5237 1303 1338 3691 3702 
5238 1048 3816 3963 4047 
5239 1426 3630 1489 3832 
5240 1723 3612 3807 3818 
5241 3629 1222 3771 3845 
5242 3669 3628 3884 3906 
5243 3646 3717 983 3912 
5244 3587 3675 3787 3842 
5245 3668 3687 3628 3714 
5246 1344 3630 1277 3832 
5247 3588 3761 3641 3995 
5248 3571 3687 3630 3770 
5249 3715 3569 3845 4001 
5250 1698 1758 3645 3903 
5251 3615 3593 3871 3927 
5252 1102 952 1109 3750 
5253 895 1148 1146 3634 
5254 3567 3732 3663 3865 
5255 3636 3702 3691 3988 
5256 1435 1466 3680 3949 
5257 3800 3884 3628 3906 
5258 1512 3699 1480 3766 
5259 1024 1174 3648 3754 
5260 3628 3687 3571 3714 
5261 3574 3751 3684 3891 
5262 1448 1481 3766 3926 
5263 3585 3638 3633 3967 
5264 1231 3624 1233 3767 
5265 1222 3629 1253 3768 
5266 1443 3748 3622 4048 
5267 1748 1724 3663 3865 
5268 3576 3806 3666 3965 
5269 3671 3726 1721 3944 
5270 1246 3632 1243 3920 
5271 1009 3623 3833 3913 
5272 901 1393 1363 3683 
5273 1156 3716 3787 3902 
5274 1445 3630 1477 3770 
5275 1786 1407 1511 3711 
5276 3632 3701 3586 4015 
5277 3657 3671 3605 4033 
5278 1730 3776 3627 3960 
5279 1045 3739 963 3963 
5280 1531 3780 3681 3873 
5281 3641 3592 3823 3958 
5282 963 945 3679 3739 
5283 1603 3647 1675 3826 
5284 3649 3736 1126 3901 
5285 3689 3802 3981 4025 
5286 953 3795 3617 3836 
5287 3627 3637 3579 3857 
5288 3672 3757 3616 3898 
5289 1071 1069 3677 3777 
5290 3749 3880 3608 4011 
5291 1073 1074 1075 3686 
5292 944 3662 1053 3890 
5293 1580 3681 1531 3780 
5294 1699 1758 3775 3976 
5295 3688 3729 1696 3914 
5296 1024 3648 1174 4035 
5297 3581 3641 3649 3995 
5298 3649 3698 1134 3855 
5299 1097 3746 1096 4023 
5300 3584 3673 3633 3839 
5301 3624 3980 1231 4003 
5302 3601 3948 3644 4032 
5303 1591 3714 1642 3780 
5304 901 1363 1176 3683 
5305 1074 3686 1129 3896 
5306 3569 3699 3629 3768 
5307 1691 3768 3699 3905 
5308 1215 3950 3654 3996 
5309 3629 1450 3699 3830 
5310 1445 3630 3770 3910 
5311 1647 1646 3625 3933 
5312 3689 3607 3802 4025 
5313 1629 3663 3870 4055 
5314 3590 3865 3650 3924 
5315 3571 3878 3942 4016 
5316 1758 3712 3645 3903 
5317 1569 3823 3641 3877 
5318 3574 3607 3719 3861 
5319 928 929 3704 3917 
5320 3690 976 3935 3979 
5321 1523 1228 1795 3799 
5322 3623 3817 3614 3969 
5323 1581 3751 3684 4015 
5324 3631 3732 3663 3924 
5325 3635 3926 3794 4000 
5326 1580 1531 3681 3873 
5327 3706 3869 3745 3968 
5328 1544 3783 3637 3818 
5329 3705 3969 3602 3983 
5330 3712 3775 1758 3976 
5331 3663 3567 3865 3924 
5332 3604 3690 3683 3782 
5333 1062 3804 3707 3887 
5334 3616 934 3890 3940 
5335 3633 3736 3609 3839 
5336 3615 3639 3758 3852 
5337 3651 3750 1102 3935 
5338 1641 3668 3714 4034 
5339 3590 3663 3865 3924 
5340 1267 3632 1259 3962 
5341 3642 3751 3646 3891 
5342 1581 3684 3886 4015 
5343 3596 3642 3751 4018 
5344 1715 1590 3675 3885 
5345 930 3704 929 3917 
5346 3571 3687 3770 3878 
5347 1647 3625 3720 3933 
5348 1762 3702 3842 3879 
5349 1125 3620 3717 3827 
5350 1253 3629 1271 3768 
5351 3628 1296 3945 4034 
5352 965 954 3795 3834 
5353 1384 3713 3658 3972 
5354 3707 3804 3624 3887 
5355 3635 3766 3595 3926 
5356 916 3798 917 3906 
5357 1148 3721 3634 3909 
5358 1762 3702 3879 3988 
5359 1761 3644 3791 4044 
5360 1071 3777 3677 3921 
5361 3614 3969 3705 3983 
5362 3645 3712 1758 3976 
5363 3612 3682 3602 4042 
5364 1741 3753 3612 3915 
5365 3728 3739 3603 3947 
5366 3582 4005 3703 4010 
5367 3688 3954 1609 3971 
5368 1303 1338 3702 4049 
5369 1629 1724 3663 4055 
5370 1100 3640 1247 3866 
5371 1098 3912 3733 3931 
5372 1587 3740 3660 3781 
5373 1140 918 916 3798 
5374 1553 1720 3666 3802 
5375 1129 3686 1074 3808 
5376 3680 3775 3568 3824 
5377 1725 3785 1705 3883 
5378 950 3795 953 3836 
5379 1477 3630 1492 3770 
5380 3609 3747 3633 3796 
5381 1267 3632 3962 4045 
5382 3594 3738 3621 3746 
5383 1023 3695 3683 3997 
5384 3582 3723 3645 3864 
5385 3727 3889 1114 3904 
5386 933 3704 3621 3860 
5387 1728 1544 3637 3818 
5388 3582 3645 3721 3864 
5389 1148 3634 3794 3909 
5390 1016 3640 3866 3912 
5391 3653 3590 3784 3979 
5392 1173 1174 1026 3648 
5393 1520 1306 3687 3811 
5394 3631 3663 3575 3727 
5395 910 3832 3800 4019 
5396 1638 1520 3687 3811 
5397 1102 3696 3651 3795 
5398 1024 3754 3648 4035 
5399 3642 3719 1735 3891 
5400 1661 3772 1656 3790 
5401 3652 3618 3776 3965 
5402 934 935 932 3616 
5403 953 994 1127 3617 
5404 3653 3784 3590 3870 
5405 3605 3951 3572 3952 
5406 980 3787 3754 3982 
5407 3669 3591 3780 3952 
5408 3578 3785 3672 3925 
5409 1116 1123 1002 3618 
5410 953 3795 955 3834 
5411 3596 3640 3688 3964 
5412 1445 3770 3882 3910 
5413 1031 3628 3800 3884 
5414 3775 3824 3680 3976 
5415 3581 3649 3761 3995 
5416 3662 3670 3637 4028 
5417 3646 3912 982 3931 
5418 1693 1554 1730 3857 
5419 1290 1332 896 3691 
5420 3612 3753 1741 3840 
5421 1127 953 3617 3836 
5422 1288 1306 1327 3687 
5423 1561 1712 1562 3619 
5424 1431 3830 1187 4000 
5425 3568 3824 3775 3976 
5426 3610 3787 3759 3982 
5427 1553 1732 1720 3802 
5428 1238 3640 1206 3808 
5429 1334 3763 1347 3844 
5430 1168 1179 3695 3904 
5431 1127 3617 3746 4023 
5432 1208 905 3773 3957 
5433 3659 3723 3600 3864 
5434 975 968 979 4040 
5435 3655 3668 3625 3941 
5436 937 941 938 3757 
5437 1127 3836 3617 4023 
5438 3648 3584 3788 3928 
5439 3583 3743 3724 3835 
5440 3592 3747 3609 4002 
5441 1588 1556 3641 3892 
5442 3587 3842 3787 4036 
5443 1479 3697 1433 3978 
5444 1735 3719 3642 3867 
5445 928 930 929 3917 
5446 980 3982 3754 4035 
5447 3615 3639 3694 3850 
5448 975 3787 1156 4040 
5449 1766 1574 1584 3693 
5450 1170 3774 1077 4004 
5451 1277 1426 1472 3832 
5452 1476 1438 1451 3699 
5453 3673 1058 3893 4053 
5454 1396 1408 1421 3972 
5455 1179 1168 3695 3997 
5456 3643 3692 3581 3837 
5457 1109 1102 3750 3935 
5458 3641 3761 3649 3995 
5459 3646 3751 3642 4018 
5460 1716 1745 3643 3837 
5461 1500 1755 1757 3680 
5462 3612 3818 1723 3915 
5463 3577 3735 3725 4033 
5464 3658 3706 3584 3846 
5465 3623 4005 3582 4010 
5466 3595 3723 3659 3864 
5467 1427 1203 1249 3829 
5468 3640 3743 3688 3964 
5469 1291 3832 1293 3945 
5470 1419 3626 1352 3828 
5471 1382 3928 3658 3968 
5472 3575 3795 3651 3930 
5473 3659 3699 3569 4041 
5474 1114 3631 3727 3904 
5475 3586 3701 3647 3886 
5476 3587 3636 3709 3977 
5477 1319 1290 1101 3803 
5478 1758 1698 3645 3976 
5479 3670 3769 3612 3984 
5480 1128 3761 977 3875 
5481 1705 3785 3689 3883 
5482 3624 3707 3647 3804 
5483 3672 3785 3607 3925 
5484 3574 3685 3646 3827 
5485 3671 1721 3853 3944 
5486 1313 3786 3790 3918 
5487 3817 3969 3623 4010 
5488 3628 3571 3687 3945 
5489 3596 3743 3640 3964 
5490 1484 3749 3608 3987 
5491 1479 1444 3697 3978 
5492 1609 3954 3867 3971 
5493 1556 1569 3641 3877 
5494 1100 1160 899 3640 
5495 1735 1593 3642 3891 
5496 1080 3830 1076 3848 
5497 1619 3703 3858 3976 
5498 1345 3626 1278 3801 
5499 1435 3680 3775 3949 
5500 1397 3658 1384 3713 
5501 1692 3699 1691 3810 
5502 1548 3689 1705 3785 
5503 1761 3791 1549 4044 
5504 1122 1110 3620 3806 
5505 3597 3743 3640 3896 
5506 1455 1458 1457 3634 
5507 1327 3687 3630 3945 
5508 3728 3816 3739 3947 
5509 1692 1451 3699 3810 
5510 3586 3624 3701 4045 
5511 3606 3679 3710 3739 
5512 3615 3871 3707 3927 
5513 932 3616 935 3898 
5514 3615 3647 3707 3804 
5515 1636 3796 3706 3846 
5516 3570 3790 3737 3805 
5517 3570 3709 3772 3937 
5518 3666 3806 3576 4025 
5519 952 3750 3696 4051 
5520 3645 3721 3634 3833 
5521 1803 1520 1288 3687 
5522 1561 3619 1562 3838 
5523 1724 1629 3663 3865 
5524 3602 3726 3969 4054 
5525 1572 3747 3823 3877 
5526 3586 3887 3624 4045 
5527 3621 3955 3738 4012 
5528 1316 3636 1317 3988 
5529 1593 1735 3642 3867 
5530 1638 1657 1640 3687 
5531 1362 3650 1410 3711 
5532 3682 3764 3612 3984 
5533 3588 3710 3679 3739 
5534 1488 1445 3770 3882 
5535 3574 3607 3861 3925 
5536 1487 1486 1704 3725 
5537 3634 3721 3595 3909 
5538 946 959 958 3679 
5539 1641 1640 3687 3714 
5540 3636 3709 3570 3786 
5541 1596 3653 1586 3784 
5542 1789 1775 3650 3851 
5543 992 3750 3615 3852 
5544 1762 3842 1812 3879 
5545 1074 1129 1158 3896 
5546 928 3704 3764 3917 
5547 3614 3579 3989 4010 
5548 1484 3949 3749 3987 
5549 1560 3785 3676 3838 
5550 1433 3697 1747 3978 
5551 1517 1785 3745 3968 
5552 1544 1541 3783 3818 
5553 3582 3730 3913 4010 
5554 1207 1121 906 3686 
5555 3715 3845 3686 3991 
5556 1317 1313 1318 3636 
5557 1057 3855 1056 3911 
5558 1166 1060 3778 4053 
5559 1220 3845 3715 3991 
5560 1236 1121 1207 3686 
5561 1220 3686 3845 3991 
5562 1730 1733 1618 3776 
5563 1687 1631 1780 3659 
5564 901 1393 3683 3782 
5565 992 3615 990 3852 
5566 3575 3727 3651 3795 
5567 1584 1766 3693 3879 
5568 1643 1642 1641 3668 
5569 3627 3582 3858 4010 
5570 1642 3668 1643 3849 
5571 899 3640 1160 3808 
5572 1055 3673 1058 3893 
5573 1157 3759 3828 4038 
5574 1109 986 1102 3935 
5575 1125 3620 1110 3835 
5576 1543 1587 3660 3781 
5577 3659 3600 3774 3864 
5578 3642 3646 3596 3964 
5579 3579 3614 3969 4010 
5580 1783 1697 3658 3968 
5581 3726 3614 3969 4054 
5582 1448 1449 1447 3635 
5583 3581 3837 3692 3892 
5584 1122 3741 941 3757 
5585 3656 987 3852 3935 
5586 993 3615 3707 3804 
5587 3641 3692 3649 3958 
5588 977 940 933 3621 
5589 1404 1087 1359 3648 
5590 3614 3623 3797 3817 
5591 1518 3731 1405 3755 
5592 3596 3646 3642 4018 
5593 1647 1646 1645 3625 
5594 1219 3686 3771 3845 
5595 3655 3625 3844 3941 
5596 1676 1772 3825 4031 
5597 941 3672 3741 3923 
5598 1352 1278 1326 3828 
5599 1737 3760 3676 3837 
5600 1780 1687 3659 3814 
5601 1563 1604 1565 3760 
5602 3595 3659 3774 3864 
5603 1386 3683 1363 3934 
5604 3635 3659 3595 3766 
5605 1002 1123 1004 3779 
5606 3590 3711 3650 3870 
5607 3653 3784 1596 3831 
5608 1759 3720 3737 3805 
5609 1403 3828 3765 4039 
5610 3619 1562 3838 3854 
5611 1324 1277 1472 3832 
5612 3663 3590 3727 3924 
5613 1712 3619 3831 3854 
5614 940 3621 3761 3860 
5615 1712 1562 3619 3854 
5616 3687 3714 3668 4034 
5617 3566 3821 3654 3996 
5618 1287 1335 3756 3918 
5619 3742 3774 1077 3848 
5620 945 3761 3679 3860 
5621 1474 1427 1249 3829 
5622 3581 3617 3746 3875 
5623 3582 3913 3623 4010 
5624 1035 3655 1034 3722 
5625 1353 1251 1204 3815 
5626 1346 3630 1327 3811 
5627 3656 3718 1171 4021 
5628 1122 3741 3620 3827 
5629 1673 1368 1356 3745 
5630 1174 1087 907 3648 
5631 1161 1015 1105 3787 
5632 3656 987 3935 4021 
5633 3609 3796 3584 4061 
5634 1790 3658 1776 3975 
5635 1402 1379 1420 3613 
5636 1232 1233 1231 3624 
5637 1728 1541 1544 3818 
5638 3611 3713 3567 3778 
5639 1486 1508 1704 3725 
5640 1006 3774 3864 3909 
5641 1277 1325 1426 3811 
5642 1435 1466 1465 3680 
5643 921 3792 922 3862 
5644 3644 3948 3704 4032 
5645 1493 3629 1476 3810 
5646 3618 3779 3943 4006 
5647 1427 1475 1203 3810 
5648 3660 3740 3621 3995 
5649 3612 3601 3708 3807 
5650 1567 1743 3840 4054 
5651 990 3615 993 3804 
5652 1207 906 1072 3771 
5653 1676 3767 3850 4031 
5654 1291 910 1293 3832 
5655 932 934 3616 3940 
5656 3674 3752 3601 3809 
5657 3721 3833 3645 4005 
5658 1775 1501 1409 3851 
5659 3622 1140 3798 3895 
5660 1042 3816 3728 3947 
5661 1730 1733 3776 3960 
5662 1790 1510 1776 3658 
5663 1691 3905 3699 4041 
5664 930 3738 3704 3917 
5665 3593 3694 3615 3992 
5666 3574 3741 3664 3827 
5667 929 928 3704 3764 
5668 1549 3791 3998 4044 
5669 1187 1431 1446 3830 
5670 1101 1290 896 3803 
5671 1379 3613 3755 3777 
5672 3587 3675 3842 4002 
5673 3683 1167 3782 4021 
5674 897 3655 1280 3908 
5675 1560 3676 3760 3838 
5676 1462 1461 3735 3985 
5677 3587 3702 3636 3879 
5678 1184 3624 1066 3804 
5679 3644 3588 3998 4044 
5680 1181 3866 3733 3912 
5681 3631 3663 3727 3924 
5682 3676 3760 3617 3837 
5683 1707 1737 3676 3740 
5684 1585 3747 3675 3796 
5685 1202 3787 1161 3902 
5686 3772 3937 3709 3977 
5687 3670 3612 3764 3984 
5688 3591 3655 3625 3932 
5689 3641 3679 3588 3710 
5690 1301 1341 1289 3868 
5691 1671 1783 3658 3846 
5692 3593 3615 3750 3992 
5693 1204 1401 1353 3799 
5694 3689 3785 1548 4030 
5695 3667 3680 3608 3863 
5696 1078 3635 1080 3848 
5697 3655 3844 3668 3941 
5698 959 3649 1126 3901 
5699 945 946 3679 3761 
5700 3584 3839 3754 3893 
5701 3601 3674 3661 3752 
5702 1729 3681 3780 3849 
5703 1294 3628 1296 3945 
5704 3582 3913 3721 4005 
5705 937 1122 941 3757 
5706 1004 3730 1008 3913 
5707 1357 3718 908 3777 
5708 3614 3579 3969 3989 
5709 1027 3733 3700 3931 
5710 1556 3781 3641 3892 
5711 3617 3837 3760 4050 
5712 1075 3686 1074 3742 
5713 3647 3767 3598 3850 
5714 1296 1294 1295 3628 
5715 3641 3823 3692 3958 
5716 3573 3784 3690 3979 
5717 3635 3659 3569 4009 
5718 1404 3648 1371 3765 
5719 940 933 3621 3860 
5720 1222 3768 1265 3845 
5721 3641 3781 1556 3998 
5722 3628 3800 3571 3945 
5723 3595 3659 3635 3774 
5724 1066 3624 1184 4003 
5725 3640 3688 3597 3729 
5726 982 971 3646 4052 
5727 3634 3712 3645 3775 
5728 3607 3719 3861 4030 
5729 3675 3787 3610 3982 
5730 3606 3710 3693 4057 
5731 1460 1462 1461 3735 
5732 1290 3691 896 3803 
5733 1687 3744 3659 3814 
5734 1514 1526 1747 3697 
5735 975 3609 3787 4040 
5736 1510 1783 1697 3658 
5737 1086 3640 1016 3743 
5738 1171 1017 1108 3656 
5739 1701 1500 1434 3680 
5740 3727 3795 3575 3834 
5741 3607 3802 3719 4030 
5742 1150 1191 896 3691 
5743 3645 3595 3723 3903 
5744 3756 3786 1287 3918 
5745 3720 3737 3599 3763 
5746 1096 1097 977 3746 
5747 3566 3639 3758 4008 
5748 3608 3880 1484 3987 
5749 3676 3740 1737 3837 
5750 3584 3839 3609 4061 
5751 1524 1514 1437 3770 
5752 3644 3588 3791 3998 
5753 1125 1122 1110 3620 
5754 1696 3688 1770 3729 
5755 3682 3708 3601 3809 
5756 3577 3671 3657 4033 
5757 1487 3667 1463 3725 
5758 3594 3746 3740 3994 
5759 3572 3708 3682 3809 
5760 3691 3709 1191 3902 
5761 1563 3760 1737 3837 
5762 978 3649 3761 3875 
5763 1251 1353 1400 3815 
5764 1007 3779 1004 3913 
5765 3588 3739 3679 3860 
5766 3669 3780 3605 3952 
5767 3567 3762 3611 4053 
5768 3678 3792 970 3862 
5769 1016 1086 1160 3640 
5770 1760 3636 1661 3790 
5771 3639 3819 3573 3897 
5772 1340 1318 1332 3691 
5773 3744 3905 3569 4001 
5774 1313 1333 3786 3918 
5775 1751 3667 1704 3725 
5776 1402 3755 3613 3799 
5777 1528 3697 1526 4016 
5778 3574 3684 3685 3966 
5779 922 920 3657 3792 
5780 950 951 953 3795 
5781 1323 1278 1352 3801 
5782 3569 3742 3686 3848 
5783 972 3673 1055 3839 
5784 3699 3768 3569 3905 
5785 1078 3635 3774 4000 
5786 1326 1398 1352 3828 
5787 1334 1321 3763 3953 
5788 3574 3684 3665 3891 
5789 932 3738 3616 3898 
5790 3615 3758 990 3852 
5791 3596 3646 3912 3964 
5792 938 935 937 3757 
5793 3566 3654 3821 4008 
5794 3606 3963 3816 4047 
5795 1080 1081 1076 3830 
5796 1634 3706 1636 3796 
5797 3724 3743 3597 3896 
5798 996 982 3912 3931 
5799 3697 3853 3605 4016 
5800 3661 3752 3674 3990 
5801 1145 3797 3749 3833 
5802 1719 3694 1734 3854 
5803 1698 1630 1758 3903 
5804 1128 940 977 3761 
5805 1078 3774 1079 4000 
5806 3797 3986 3568 4005 
5807 3787 3803 1161 3902 
5808 1756 1699 1758 3775 
5809 3675 3734 3610 3868 
5810 1696 1626 1770 3688 
5811 990 992 993 3615 
5812 3606 3709 3937 3977 
5813 3626 3759 3734 3841 
5814 3628 3687 3668 4034 
5815 3703 3858 3582 4010 
5816 1619 3858 1698 3976 
5817 3596 3789 3640 3920 
5818 3751 3881 3596 4018 
5819 924 3862 922 3936 
5820 1030 981 3884 3906 
5821 1426 1325 1473 3811 
5822 1626 3789 3688 3971 
5823 1034 3722 3655 3856 
5824 3673 3736 3633 3839 
5825 3676 3740 3594 3883 
5826 1460 3978 3735 4048 
5827 3627 3730 3582 4010 
5828 3638 3732 1667 3967 
5829 1010 1011 3623 3843 
5830 1250 1203 1475 3810 
5831 1729 1765 3681 3849 
5832 3594 3660 3621 4012 
5833 1334 3953 3812 3961 
5834 1756 1758 3712 3775 
5835 1676 3825 3767 4031 
5836 3605 3792 3657 3798 
5837 3621 3704 3738 3955 
5838 1600 3694 1598 3897 
5839 1017 3656 1171 4021 
5840 3589 3734 3626 3759 
5841 3636 3786 3570 3790 
5842 1011 3817 3623 3843 
5843 1010 1011 1009 3623 
5844 1087 1174 1173 3648 
5845 3613 3677 3566 3777 
5846 1403 1381 3765 3828 
5847 1295 3628 1294 3908 
5848 3708 3847 1674 3959 
5849 1023 3683 3695 3889 
5850 3675 3787 3609 4002 
5851 3653 3663 3575 4055 
5852 3592 3609 3736 4040 
5853 958 3679 959 3901 
5854 1524 1525 1514 3770 
5855 1006 3864 3721 3909 
5856 1181 1098 996 3912 
5857 3570 3816 3709 3937 
5858 1173 1087 3648 3788 
5859 1725 3676 1560 3785 
5860 3745 3869 1356 3968 
5861 1705 1707 1725 3883 
5862 1232 3624 1231 4003 
5863 921 970 3792 3862 
5864 3642 3717 3646 3964 
5865 3667 1703 3863 3944 
5866 1257 3715 1220 3845 
5867 3592 4002 3609 4040 
5868 3581 3875 3746 3995 
5869 3889 3904 3727 3924 
5870 3615 3593 3750 3871 
5871 1126 959 978 3649 
5872 3644 3998 3791 4044 
5873 1033 3856 3655 3884 
5874 3575 3663 3631 3993 
5875 1261 1210 1731 3729 
5876 3746 3875 3621 3995 
5877 3645 3858 3703 3976 
5878 1706 3660 1587 3740 
5879 1331 3668 1295 3908 
5880 3644 3955 3588 4044 
5881 1203 1271 1269 3629 
5882 1762 3879 1801 3988 
5883 3572 3862 3682 3936 
5884 924 3682 3862 3936 
5885 1252 1401 1204 3799 
5886 3635 3569 3848 4009 
5887 3603 3674 3661 3791 
5888 3612 3601 3807 4032 
5889 3626 3765 3759 3828 
5890 1748 3732 1576 4013 
5891 3630 3687 3571 3945 
5892 1160 3808 3640 3896 
5893 1253 3768 1271 3810 
5894 1493 1427 1491 3629 
5895 3640 3596 3866 3912 
5896 3697 3853 3725 4033 
5897 1402 1379 3613 3755 
5898 3582 3618 3730 3965 
5899 3582 3623 3913 4005 
5900 1102 951 3696 3795 
5901 1657 1638 1520 3687 
5902 1271 3629 1203 3810 
5903 966 1114 1138 3631 
5904 938 3672 941 3923 
5905 1288 1520 1306 3687 
5906 3598 3773 3624 3804 
5907 1002 3618 3779 3943 
5908 3598 3624 3773 3980 
5909 902 1431 1187 4000 
5910 1561 1712 3619 3907 
5911 1427 3629 1493 3810 
5912 1715 1590 1625 3675 
5913 3725 3735 3577 3985 
5914 1492 1489 1426 3630 
5915 3600 3724 3652 4059 
5916 972 3736 3673 3839 
5917 1122 3620 1125 3827 
5918 1479 3697 1444 3882 
5919 1687 3659 3744 4041 
5920 1379 3777 3755 3973 
5921 1698 3858 3645 3976 
5922 1730 3627 3822 3960 
5923 3717 3912 3646 3964 
5924 1600 1602 1598 3694 
5925 3698 3911 3585 3993 
5926 1477 3770 1492 3811 
5927 1696 3820 3688 3914 
5928 1277 1344 1346 3630 
5929 1323 1352 1399 3801 
5930 908 1357 1394 3718 
5931 1396 1416 1408 3713 
5932 929 3764 3704 3948 
5933 1346 1277 3630 3811 
5934 1426 1492 3630 3811 
5935 1257 1220 3715 3991 
5936 3624 1066 3804 4003 
5937 3752 3809 3674 3990 
5938 3656 3758 989 3894 
5939 3574 3665 3861 3891 
5940 1125 998 3717 3835 
5941 1617 3645 1698 3858 
5942 1736 3874 3823 3967 
5943 990 1067 3758 3804 
5944 1789 1501 1775 3851 
5945 1072 1218 1207 3771 
5946 1751 3667 3725 3944 
5947 1729 3780 1642 3849 
5948 1716 1604 1745 3837 
5949 1382 1355 3658 3928 
5950 3742 3774 3600 4004 
5951 3686 3742 3597 3896 
5952 3582 3858 3703 4005 
5953 1591 1642 1729 3780 
5954 902 1187 3830 4000 
5955 3643 3698 3585 3993 
5956 3607 3741 3620 4025 
5957 1753 3863 1703 3944 
5958 3724 3820 3652 4059 
5959 1753 3726 3863 3944 
5960 3635 3699 3659 3766 
5961 1671 1636 1783 3846 
5962 1024 1026 1174 3754 
5963 1089 3634 1148 3833 
5964 1166 1177 1395 3778 
5965 1556 1550 3781 3892 
5966 908 1394 1099 3718 
5967 1657 1641 1640 3687 
5968 1168 1139 1179 3904 
5969 1346 1327 3630 3945 
5970 3713 1416 3851 3876 
5971 929 928 3764 3948 
5972 3667 3863 3608 3983 
5973 1449 1480 3699 3766 
5974 3661 3674 3603 3990 
5975 3627 3662 3576 3965 
5976 3585 3762 3631 3911 
5977 3594 3689 3785 3883 
5978 3586 3707 3624 3887 
5979 1045 1048 3816 3963 
5980 897 1280 3655 3812 
5981 963 1192 945 3739 
5982 3582 3776 3618 3965 
5983 930 933 929 3704 
5984 963 3739 3679 3963 
5985 1102 3651 954 3795 
5986 1687 3744 3905 4041 
5987 3606 3709 3816 3937 
5988 3608 3680 3667 3987 
5989 1134 1126 978 3649 
5990 1629 1789 1633 3650 
5991 1716 3643 1604 3837 
5992 3582 3721 3645 4005 
5993 1055 3673 972 3855 
5994 1071 1069 1070 3677 
5995 1138 3631 1114 3904 
5996 1540 3783 3660 3883 
5997 1729 3681 1580 3780 
5998 1561 3619 3838 3907 
5999 3569 3686 3742 4009 
6000 1589 3796 3675 3885 
6001 1126 3649 1134 3855 
6002 3739 3816 1045 3947 
6003 1731 1210 3715 3729 
6004 1455 3634 1470 3916 
6005 3675 3610 3842 3868 
6006 1116 3618 1002 3943 
6007 1617 3723 3858 3970 
6008 1634 3706 3796 3885 
6009 3701 3962 3632 4045 
6010 1004 1123 1008 3730 
6011 1767 3745 3734 3801 
6012 3582 3730 3627 3965 
6013 1627 1781 3819 3872 
6014 3732 3874 1667 3967 
6015 3698 3834 3631 3993 
6016 1287 1335 893 3756 
6017 3647 3701 3624 4026 
6018 1331 1310 3668 3844 
6019 1166 1360 900 3788 
6020 3749 3949 3608 3987 
6021 1729 1580 1531 3780 
6022 1577 1586 1596 3653 
6023 1455 1454 3794 3926 
6024 3643 3837 3581 4050 
6025 3604 3782 3683 3974 
6026 1055 972 1056 3855 
6027 3582 3730 3618 3779 
6028 3585 3649 3692 3958 
6029 1031 3800 3628 4019 
6030 3659 3905 3744 4041 
6031 1309 3655 1280 3812 
6032 3659 3595 3766 3903 
6033 1286 3844 3763 3941 
6034 3580 3955 3660 4012 
6035 999 3743 3724 3896 
6036 1809 3745 1767 3801 
6037 3585 3633 3673 3958 
6038 948 3696 3923 4051 
6039 3604 3656 4021 4046 
6040 3632 3946 1259 3962 
6041 1241 1238 3640 3866 
6042 1655 3805 3772 3888 
6043 1199 3765 912 3828 
6044 3745 3869 3706 3885 
6045 3686 3597 3808 3896 
6046 3697 3725 3978 4033 
6047 1010 3623 1009 3913 
6048 3694 3826 1734 3854 
6049 3631 3911 3698 3993 
6050 3575 3653 3651 3979 
6051 3616 3689 3594 4012 
6052 1487 1704 1701 3667 
6053 1106 3698 994 3834 
6054 992 3750 1124 3871 
6055 1661 3772 3636 3879 
6056 1328 1304 1345 3626 
6057 3625 3720 3599 3763 
6058 3812 3953 3599 3961 
6059 3579 3662 3627 4010 
6060 1071 3677 1070 3921 
6061 1103 985 3871 4052 
6062 3602 3753 3612 3840 
6063 3707 3871 985 4052 
6064 3693 3879 3842 4002 
6065 1287 3756 893 3786 
6066 1581 3886 1594 4015 
6067 1308 1280 3655 3908 
6068 1648 3847 3720 3929 
6069 1148 3634 1089 3916 
6070 892 3700 1027 3733 
6071 1080 3830 3635 4000 
6072 1712 3831 1562 3854 
6073 1222 1271 1253 3629 
6074 1600 3639 1601 3850 
6075 1755 3824 3680 3863 
6076 3774 3794 3595 3909 
6077 3663 3732 3631 3993 
6078 1345 1328 3626 4017 
6079 3676 3785 3594 3994 
6080 1492 1477 1445 3630 
6081 3615 3707 3647 3927 
6082 3659 3723 3595 3903 
6083 3566 3819 3639 3821 
6084 3795 3836 3696 3930 
6085 3613 3815 1268 3950 
6086 1629 1789 3650 3865 
6087 1347 1334 1321 3763 
6088 3579 3612 3753 3915 
6089 3660 3781 3740 3995 
6090 3590 3663 3653 3870 
6091 1718 3821 3819 4043 
6092 3611 3788 1180 3893 
6093 3731 3819 1781 3872 
6094 997 3717 998 3743 
6095 1561 3838 3760 3907 
6096 916 918 917 3798 
6097 1619 3824 3703 3976 
6098 3569 3629 3771 3845 
6099 3629 3829 1491 3830 
6100 3611 3638 3713 3975 
6101 3569 3768 3629 3845 
6102 3614 3989 3703 4010 
6103 3579 3969 3817 4010 
6104 3602 3969 3753 4054 
6105 1476 1493 1450 3629 
6106 3615 3758 3598 3804 
6107 3769 3936 1131 4020 
6108 917 919 3669 3798 
6109 1648 3720 3847 3933 
6110 1609 3688 3820 3954 
6111 3640 3743 3596 3912 
6112 1286 3763 1769 3941 
6113 3673 3736 972 3855 
6114 3578 3785 3676 3994 
6115 3824 3863 1623 4054 
6116 1160 3640 1086 3896 
6117 1673 1517 1785 3745 
6118 1487 1701 1434 3667 
6119 957 1131 3936 4020 
6120 970 3792 3678 4014 
6121 1752 1721 3726 3944 
6122 1131 3936 3769 3984 
6123 1762 1812 1660 3879 
6124 1045 963 1048 3963 
6125 1166 900 1180 3788 
6126 996 3912 1098 3931 
6127 1328 3841 3626 4017 
6128 3734 3759 3610 3841 
6129 1784 3706 1785 3968 
6130 1019 1114 3889 3904 
6131 3611 3893 1180 4053 
6132 1585 3675 1589 3796 
6133 3632 3586 3700 4018 
6134 1717 1737 3740 3837 
6135 3618 3776 3582 4006 
6136 3824 1623 3989 4054 
6137 3650 3567 3695 3924 
6138 1223 3921 1208 3957 
6139 3611 3762 3673 4053 
6140 1041 3752 949 3947 
6141 1641 3714 3687 4034 
6142 3573 3694 3639 3897 
6143 3636 3772 3709 3977 
6144 1448 3635 1447 4000 
6145 3867 3954 3688 3971 
6146 1448 1481 1449 3766 
6147 3625 3722 3655 3844 
6148 1542 3689 1545 3783 
6149 3585 3631 3732 3993 
6150 3570 3772 3636 3790 
6151 1304 3626 1328 3841 
6152 1247 3640 1238 3866 
6153 1707 1717 1737 3740 
6154 3630 3832 1344 3945 
6155 1595 3684 3826 3886 
6156 3673 3762 3585 3911 
6157 1006 1021 3774 3909 
6158 3668 3849 3625 3941 
6159 3612 3708 3682 4042 
6160 3583 3666 3652 3954 
6161 1504 3767 3701 4026 
6162 3610 3759 3734 3982 
6163 3589 3734 3759 3982 
6164 1041 3793 3752 3947 
6165 1374 3718 1357 3777 
6166 1540 3660 3783 3899 
6167 3612 3602 3840 4042 
6168 1624 3824 1619 3976 
6169 3621 3660 3955 4012 
6170 1499 3775 1458 3949 
6171 1563 1604 3760 3837 
6172 1086 3640 3743 3896 
6173 1628 1633 3711 3870 
6174 3677 3777 3613 3921 
6175 1269 3629 1222 3829 
6176 3572 3682 3708 4042 
6177 3597 3742 3744 4059 
6178 3614 3824 3986 4005 
6179 1556 3781 1550 3998 
6180 3720 3603 3990 3999 
6181 3631 3762 1138 3911 
6182 3695 3934 3683 3997 
6183 1315 3756 1335 3918 
6184 1103 3871 3685 4052 
6185 3569 3742 3848 4009 
6186 1543 3781 3660 4044 
6187 3572 3936 3682 4042 
6188 3592 3716 4002 4040 
6189 1081 3829 3771 3830 
6190 1504 1264 3701 3767 
6191 1739 3729 3715 3914 
6192 1595 3684 1713 3826 
6193 3571 3714 3687 3878 
6194 1542 3689 3783 3883 
6195 3733 3931 3912 4018 
6196 3583 3717 3620 4056 
6197 3633 3736 3673 3958 
6198 3627 3730 3662 3965 
6199 3567 3611 3778 4053 
6200 1627 1782 1781 3872 
6201 1544 1554 3637 3822 
6202 3635 3774 3659 4009 
6203 3718 4021 3656 4046 
6204 1027 892 1188 3700 
6205 1362 3650 1775 3851 
6206 1188 3700 1242 3938 
6207 1706 3660 3740 3883 
6208 1500 1465 1434 3680 
6209 1083 1120 3662 3843 
6210 934 936 935 3890 
6211 3630 3770 3687 3811 
6212 3679 3761 3588 3860 
6213 1656 3772 1655 3805 
6214 1767 3801 3734 4017 
6215 3785 3838 1560 4029 
6216 1033 3884 3655 3908 
6217 3588 3955 3781 4044 
6218 3722 3812 3655 3844 
6219 1083 1120 944 3662 
6220 1238 3640 3808 3991 
6221 1542 1545 3689 3883 
6222 966 3631 1138 3911 
6223 1784 1634 1785 3706 
6224 1754 1623 3824 3863 
6225 3572 3809 3681 3873 
6226 3599 3625 3763 3844 
6227 3629 3768 3699 3810 
6228 949 3752 3661 3947 
6229 1511 3711 3872 4037 
6230 1043 3728 1042 3816 
6231 1210 3715 3729 3991 
6232 3573 3690 3656 3935 
6233 893 3786 3756 4007 
6234 1120 3730 3662 3843 
6235 1719 3831 3694 3854 
6236 1692 1690 1691 3699 
6237 1160 1016 3640 3866 
6238 3648 3788 3584 3893 
6239 1438 1480 1512 3699 
6240 1116 3806 3618 3943 
6241 3651 3653 3573 3979 
6242 3721 3582 3779 3913 
6243 3656 3690 3604 4021 
6244 3615 3750 3573 3852 
6245 3678 3862 970 3956 
6246 3645 3712 3595 3903 
6247 3613 3777 1379 3815 
6248 979 980 975 3754 
6249 3669 3884 981 3906 
6250 3747 3842 3675 4002 
6251 1015 980 1105 3787 
6252 1576 3663 3859 4013 
6253 967 954 1102 3651 
6254 3742 4009 3744 4059 
6255 933 939 3704 3860 
6256 1776 1397 1787 3713 
6257 1134 3855 3698 3911 
6258 1336 3844 1286 3941 
6259 3842 3879 3587 4002 
6260 3594 3621 3738 4012 
6261 1044 3661 1192 3739 
6262 1078 3774 3635 3848 
6263 929 939 1151 3704 
6264 1210 3729 1261 3991 
6265 1489 1472 1426 3832 
6266 3565 3809 3752 3990 
6267 997 998 999 3743 
6268 892 3733 1027 3931 
6269 1324 1344 1277 3832 
6270 1595 1581 3684 3886 
6271 1246 1259 3632 3946 
6272 1739 1731 3715 3729 
6273 1099 3718 1394 3782 
6274 1491 1427 1474 3829 
6275 1587 3740 3781 3892 
6276 3588 3781 3998 4044 
6277 1336 1286 1769 3941 
6278 1269 1249 1203 3829 
6279 3635 3848 3774 4009 
6280 900 1360 1411 3788 
6281 1031 3628 3884 3908 
6282 1667 3732 3638 3919 
6283 1595 1594 1581 3886 
6284 3632 3751 3586 4018 
6285 3567 3778 3713 3876 
6286 3600 4004 3779 4006 
6287 3662 3730 3627 4010 
6288 1063 1381 912 3765 
6289 1031 3628 3908 4019 
6290 1675 3826 3647 3886 
6291 1303 1338 1340 3691 
6292 1605 3853 1721 3944 
6293 1785 3706 1634 3885 
6294 1262 1639 1264 3701 
6295 1739 1696 3729 3914 
6296 1166 1395 1360 3778 
6297 1551 3861 1732 4030 
6298 1728 1544 1554 3637 
6299 3632 3920 1246 3946 
6300 3669 3605 3792 3952 
6301 1631 3659 1687 4041 
6302 1271 3768 3629 3810 
6303 1356 3745 1369 3869 
6304 3651 3696 3619 3930 
6305 3608 3949 3680 3987 
6306 3710 3877 3693 4057 
6307 3650 3865 3567 3924 
6308 3630 3571 3800 3945 
6309 1231 3767 1233 3980 
6310 1308 1307 1280 3908 
6311 1585 1574 1766 3747 
6312 1617 1616 3723 3970 
6313 1386 1363 1390 3934 
6314 1757 1755 1699 3775 
6315 3718 3782 1171 4021 
6316 989 3758 3656 3852 
6317 3592 3747 3693 3877 
6318 1042 1045 3816 3947 
6319 1140 3622 916 4048 
6320 3592 3823 3747 3877 
6321 3608 3949 3749 3986 
6322 1739 1696 1770 3729 
6323 3683 3782 3690 4021 
6324 3736 3855 3673 3958 
6325 1408 3713 1384 3972 
6326 1492 3770 3630 3811 
6327 1809 3734 1767 3745 
6328 943 1122 937 3757 
6329 3819 3821 3566 4043 
6330 1236 1207 1220 3686 
6331 989 3758 991 3894 
6332 1755 1699 3775 3976 
6333 1556 1555 1568 3998 
6334 3606 3937 3772 3977 
6335 3657 3936 3572 4042 
6336 3619 3696 3651 3992 
6337 1761 3644 1537 3959 
6338 1201 3739 1045 3947 
6339 3680 3949 3608 3986 
6340 3576 3757 3981 4025 
6341 3647 3624 3767 4026 
6342 1312 1279 3737 3790 
6343 1761 3674 1654 3791 
6344 3735 3978 3622 4048 
6345 1409 1362 1775 3851 
6346 3653 3870 3663 4055 
6347 989 3656 987 3852 
6348 1558 3665 3838 3854 
6349 3645 3723 3582 3858 
6350 1379 1418 3613 3815 
6351 3583 3867 3642 4056 
6352 3586 3751 3646 4018 
6353 1381 912 3765 3828 
6354 3693 3716 3606 3977 
6355 893 3756 1335 3961 
6356 3566 3613 3755 3996 
6357 3671 3853 3605 4033 
6358 1060 1166 1180 4053 
6359 3874 3958 3823 3967 
6360 1617 1616 1630 3723 
6361 1558 3838 3665 4029 
6362 1099 1171 3718 3782 
6363 1645 3763 3625 3941 
6364 1447 1490 1450 3830 
6365 1721 3671 1532 3840 
6366 1236 1121 3686 3808 
6367 3629 3771 1222 3829 
6368 3668 3844 1310 3941 
6369 1651 3674 1808 3929 
6370 994 3698 1135 3875 
6371 1650 1647 1645 3763 
6372 3627 3858 3703 4010 
6373 1410 1392 3711 3934 
6374 3627 3582 3776 3858 
6375 1202 1161 1152 3902 
6376 3578 3676 3930 3994 
6377 3644 3674 3601 3959 
6378 1418 1420 1379 3613 
6379 972 1055 1054 3839 
6380 933 939 929 3704 
6381 3578 3836 3696 3923 
6382 3620 3717 3583 3835 
6383 3612 3818 3580 4032 
6384 1365 1518 1405 3755 
6385 3673 3585 3855 3911 
6386 1526 1514 1525 3697 
6387 1431 1447 3830 4000 
6388 1045 3816 1048 4047 
6389 3648 3788 1406 3928 
6390 1116 3835 3806 3943 
6391 1596 1577 3653 3831 
6392 1512 3699 3766 4041 
6393 1676 3850 3767 4026 
6394 1540 1542 3783 3883 
6395 3634 3833 1089 3916 
6396 3580 3644 3899 3955 
6397 1582 3823 3633 3967 
6398 1160 3640 1100 3866 
6399 1138 3762 3631 3904 
6400 1340 1332 1290 3691 
6401 1765 1580 1729 3681 
6402 1696 1609 3688 3820 
6403 1050 1191 3709 3902 
6404 1184 1066 1062 3804 
6405 1629 3870 1583 4055 
6406 3744 3820 1615 3914 
6407 1734 1719 1602 3694 
6408 3581 3698 3643 4050 
6409 1433 1747 3725 3978 
6410 1540 3660 1706 3883 
6411 3598 3639 3850 4008 
6412 1337 1711 3702 3868 
6413 3666 3719 3620 4025 
6414 1005 1077 3742 4004 
6415 1004 1007 1006 3779 
6416 3633 3747 3592 3823 
6417 3728 3990 3603 3999 
6418 1543 1587 1706 3660 
6419 1607 3688 1609 3971 
6420 992 988 3750 3852 
6421 3664 3923 3696 4051 
6422 901 1176 1167 3683 
6423 1078 1080 1076 3848 
6424 3690 3782 3604 4021 
6425 1382 1383 1355 3928 
6426 3665 3593 3826 3966 
6427 917 3798 3669 3906 
6428 1775 1633 1789 3650 
6429 3692 3823 1736 3874 
6430 1641 1643 3668 4034 
6431 1016 3866 1181 3912 
6432 1339 1294 1296 3945 
6433 3668 3714 3591 3849 
6434 3611 3673 3893 4053 
6435 1629 1583 1724 4055 
6436 3623 3833 3721 4005 
6437 1207 1219 1220 3686 
6438 1702 1755 3680 3863 
6439 1710 3729 1770 3789 
6440 901 3683 1167 3782 
6441 3580 3899 3660 3955 
6442 1565 1564 3760 3859 
6443 1326 1278 1343 3828 
6444 3597 3808 3640 3991 
6445 1032 3856 1033 3884 
6446 3658 3713 3611 3972 
6447 1034 3655 1033 3856 
6448 1078 1080 3635 4000 
6449 1661 3636 1760 3988 
6450 1777 1786 1511 3711 
6451 3598 3767 3624 3980 
6452 3665 3826 3593 3854 
6453 942 1115 3672 3836 
6454 3666 3719 1720 3867 
6455 1073 906 1074 3686 
6456 1055 3839 3673 3893 
6457 3701 3632 3962 4015 
6458 3631 3834 3698 3911 
6459 1309 1308 1280 3655 
6460 3583 3688 3867 3954 
6461 1063 1364 1381 3765 
6462 1296 1295 1331 3668 
6463 1578 3747 1585 3796 
6464 3567 3778 3695 3904 
6465 1576 3663 1724 3859 
6466 3603 3929 3720 3990 
6467 3614 3797 3705 3817 
6468 1108 3656 989 3894 
6469 3760 3838 3619 3907 
6470 1564 3760 3859 3907 
6471 3605 3853 3697 4033 
6472 1006 3721 1020 3909 
6473 920 3657 3798 3895 
6474 1589 3675 1590 3885 
6475 1530 3671 1721 3853 
6476 3767 3850 3647 4026 
6477 1736 3823 1582 3967 
6478 3622 1140 3895 4048 
6479 1122 943 1110 3806 
6480 1321 3737 3763 3953 
6481 1548 1545 1705 3689 
6482 1634 1636 1589 3796 
6483 1379 3755 1415 3973 
6484 1268 1204 1251 3815 
6485 3635 3830 1447 4000 
6486 921 3792 970 4014 
6487 3626 3828 3759 4038 
6488 946 958 945 3679 
6489 3749 3797 1145 4011 
6490 1418 1400 1353 3815 
6491 3600 3774 3864 4004 
6492 1223 1208 1224 3957 
6493 1645 3625 1646 3941 
6494 1258 3729 1710 3789 
6495 1335 3756 1285 3961 
6496 3617 3930 3676 3994 
6497 3611 3713 3658 3975 
6498 3665 3826 3684 3966 
6499 3834 3993 3698 4050 
6500 1020 1088 1148 3721 
6501 3565 3674 3809 3990 
6502 3595 3712 3634 3926 
6503 3744 3814 1615 3820 
6504 1558 1727 3665 3854 
6505 1245 1259 3946 3962 
6506 1233 3701 1264 3767 
6507 3595 3634 3794 3926 
6508 1487 1463 1486 3725 
6509 965 955 954 3834 
6510 3656 3935 3690 4021 
6511 1270 3613 1268 3950 
6512 3652 3820 3583 3954 
6513 3717 3743 3583 3835 
6514 3659 3766 3699 4041 
6515 3590 3650 3711 3934 
6516 1455 3712 1456 3926 
6517 1438 1512 1797 3699 
6518 3662 3843 3730 4010 
6519 3655 3722 3625 3932 
6520 1197 1287 893 3786 
6521 1065 985 3707 3871 
6522 3583 3618 3835 3943 
6523 1684 3744 3715 4001 
6524 1754 3824 1755 3863 
6525 1239 3729 1238 3991 
6526 1044 3661 3739 3947 
6527 3696 3750 3593 4051 
6528 1783 3706 1784 3968 
6529 1261 3729 1239 3991 
6530 1388 1416 1396 3876 
6531 3593 3750 3696 3992 
6532 1293 910 1193 4019 
6533 1761 1559 3674 3959 
6534 3621 3875 3761 3995 
6535 1544 1542 1545 3783 
6536 1374 3718 3777 3973 
6537 1725 1707 1737 3676 
6538 893 1052 3786 4007 
6539 3573 3656 3852 3935 
6540 1759 3737 1773 3805 
6541 3582 3627 3776 3965 
6542 1197 893 1052 3786 
6543 3583 3835 3724 3943 
6544 1768 3744 1615 3914 
6545 3597 3640 3729 3991 
6546 1694 1622 3753 3915 
6547 3696 3750 3651 3992 
6548 3600 3774 3742 4009 
6549 3636 1801 3879 3988 
6550 1511 1407 1358 3711 
6551 1260 1243 3733 3920 
6552 1774 1518 1365 3755 
6553 1148 3794 1189 3909 
6554 1127 950 953 3836 
6555 3600 3723 3659 3814 
6556 3573 3653 3784 3979 
6557 1546 1545 1547 4030 
6558 3577 3853 3671 4033 
6559 3625 1646 3849 3933 
6560 1751 1704 1508 3725 
6561 3609 3675 3747 3796 
6562 1301 3841 3868 4049 
6563 1546 1547 3802 4030 
6564 3714 3780 3591 3849 
6565 3568 3775 3645 3976 
6566 1680 1795 3654 3996 
6567 3609 3839 3754 4061 
6568 3581 3692 3641 3892 
6569 1458 3634 1455 3916 
6570 3575 3619 3760 3930 
6571 1429 1094 898 3735 
6572 3674 3847 1808 3929 
6573 1792 1512 1480 3766 
6574 1021 1079 3774 3909 
6575 989 990 3758 3852 
6576 3693 3587 3879 4002 
6577 1676 3850 1772 4031 
6578 938 942 1115 3672 
6579 3619 3575 3760 3907 
6580 1087 1359 3648 3788 
6581 1020 3721 1148 3909 
6582 3683 3690 3590 3889 
6583 3730 3779 3582 3913 
6584 3721 3913 3623 4005 
6585 3566 3755 3613 3777 
6586 3590 3650 3695 3924 
6587 1734 3694 1602 3826 
6588 1391 3683 1393 3782 
6589 1233 1234 3701 4045 
6590 1376 3755 3731 3973 
6591 3658 3928 3706 3968 
6592 3584 3648 3706 3928 
6593 1011 3797 3623 3817 
6594 1503 3737 1279 3790 
6595 3685 3871 3707 4052 
6596 1110 3620 3806 3835 
6597 3585 3698 3649 3855 
6598 1172 1171 3782 4021 
6599 1145 3833 3749 3916 
6600 952 1109 3750 4051 
6601 3655 3812 1309 3844 
6602 3590 3711 3683 3934 
6603 1621 3703 1619 3824 
6604 3591 3856 3655 3932 
6605 3587 3709 3691 3902 
6606 3721 3833 3623 3913 
6607 1719 1562 3831 3854 
6608 3634 3568 3833 3916 
6609 1164 1357 908 3777 
6610 1675 3647 1672 3886 
6611 3578 3696 3664 3923 
6612 3706 3796 3584 3846 
6613 1479 1433 1444 3978 
6614 3583 3642 3717 4056 
6615 1124 992 1109 3750 
6616 1622 3753 3915 3989 
6617 3583 3867 3688 3964 
6618 1161 1202 1015 3787 
6619 3572 3951 3873 3952 
6620 1014 3797 1145 3833 
6621 1450 3629 1491 3830 
6622 1383 3658 1355 3928 
6623 1071 3815 3777 3921 
6624 1601 1600 1599 3639 
6625 3586 3700 3887 4045 
6626 3665 3684 3574 3966 
6627 3574 3685 3664 3966 
6628 3584 3706 3658 3928 
6629 3625 3720 3565 3999 
6630 958 963 945 3679 
6631 1299 3922 3841 4049 
6632 1122 956 3741 3827 
6633 3688 3789 3596 3971 
6634 1146 3634 1148 3916 
6635 3597 3820 3724 4059 
6636 1724 3859 3663 4055 
6637 3730 3843 1010 3913 
6638 3587 3787 3716 3902 
6639 1624 1621 1619 3824 
6640 1772 3850 1677 4031 
6641 1570 1557 3665 3861 
6642 1752 3726 1753 3944 
6643 1236 3686 1220 3808 
6644 3715 3744 1684 3914 
6645 1530 3671 3853 3951 
6646 1742 1694 1622 3753 
6647 3716 3787 3587 4002 
6648 1035 1034 1036 3722 
6649 1363 3683 1390 3934 
6650 3873 3951 3780 3952 
6651 3568 3986 3824 4005 
6652 922 921 920 3792 
6653 3601 3764 3682 4022 
6654 1644 1646 3625 3941 
6655 1170 1006 1021 3774 
6656 3596 3640 3866 3920 
6657 1404 1063 907 3765 
6658 3667 3577 3983 3985 
6659 1661 1656 1662 3790 
6660 3748 3882 3622 3942 
6661 983 996 982 3912 
6662 1417 3801 3626 4039 
6663 3633 3584 3796 3846 
6664 3605 3669 3792 3798 
6665 3703 3645 3976 4005 
6666 1390 3934 3683 3974 
6667 1331 1308 1310 3844 
6668 1539 3807 3644 3899 
6669 3649 3698 3581 3875 
6670 1035 897 3655 3812 
6671 3813 3983 3577 3985 
6672 3586 3931 3700 4018 
6673 1667 1665 1668 3638 
6674 1803 1657 1520 3687 
6675 1010 3843 3623 3913 
6676 3585 3673 3855 3958 
6677 1511 1777 3711 4037 
6678 914 1430 904 3748 
6679 1008 3730 1010 3913 
6680 1684 3905 3744 4001 
6681 3588 3860 3761 3995 
6682 1321 1314 3737 3953 
6683 3724 3742 1130 3896 
6684 1294 3908 3628 4019 
6685 1752 1753 1703 3944 
6686 970 1155 3678 3956 
6687 3586 3685 3684 3927 
6688 1239 1240 1238 3729 
6689 3651 3795 3696 3930 
6690 1593 3867 3642 3971 
6691 1041 1198 3752 3793 
6692 1064 970 3862 3956 
6693 919 3792 3669 3798 
6694 3697 3622 3882 3942 
6695 3625 3565 3720 3933 
6696 1099 1172 1171 3782 
6697 3654 3677 3613 3950 
6698 1646 1644 3625 3849 
6699 1691 3699 1690 4041 
6700 1019 3889 3695 3904 
6701 1109 992 988 3750 
6702 3580 3955 3704 4032 
6703 3583 3820 3688 3954 
6704 1406 3869 3648 3928 
6705 3662 3981 3616 4028 
6706 1588 3692 1745 3892 
6707 1779 3755 1380 3799 
6708 1596 3831 3784 3897 
6709 1504 3701 1794 4026 
6710 1417 1399 1352 3801 
6711 1096 3898 1095 4023 
6712 3644 3955 3580 4032 
6713 1545 3689 1548 4030 
6714 3626 3734 3589 3745 
6715 1397 1384 1408 3713 
6716 1581 1594 3751 4015 
6717 1587 3781 1550 3892 
6718 1320 1321 3737 3763 
6719 3585 3692 3643 3874 
6720 3592 3736 3649 3901 
6721 1599 3639 1600 3897 
6722 1037 3812 3722 4024 
6723 1768 1615 3820 3914 
6724 1631 3766 1689 3903 
6725 1336 1769 1507 3941 
6726 3695 3778 3567 3876 
6727 3772 3888 3805 3937 
6728 1636 1784 1783 3706 
6729 1688 1631 1687 4041 
6730 1417 3626 1419 4039 
6731 1809 1522 3745 3801 
6732 3667 3725 3577 3985 
6733 3608 3863 3680 3986 
6734 987 989 1017 3656 
6735 3575 3651 3727 3979 
6736 1721 1532 1567 3840 
6737 1708 1502 3632 3962 
6738 1109 3750 988 3935 
6739 1072 911 1218 3771 
6740 3649 3736 3592 3958 
6741 3667 3863 3726 3944 
6742 3578 3676 3838 3930 
6743 3676 3785 3578 3838 
6744 1036 3722 1034 3856 
6745 3589 3759 3626 3765 
6746 1005 1170 1077 4004 
6747 3672 942 3836 3923 
6748 924 923 922 3862 
6749 3610 3734 3675 3982 
6750 1511 3711 1358 3872 
6751 1166 1060 1177 3778 
6752 3684 3751 1581 3891 
6753 1735 3719 1566 3891 
6754 1494 3667 1434 3987 
6755 1801 1661 3636 3879 
6756 1169 1367 3777 3815 
6757 3632 3586 3751 4015 
6758 1589 1634 3796 3885 
6759 1674 1535 1533 3708 
6760 1161 3803 1152 3902 
6761 1709 1413 3731 3872 
6762 978 3761 1128 3875 
6763 918 3798 1140 3895 
6764 1391 1363 1393 3683 
6765 1065 1103 985 3871 
6766 1504 1264 1639 3701 
6767 1575 3859 1724 4055 
6768 1199 912 1157 3828 
6769 1590 1589 1585 3675 
6770 3636 3879 3702 3988 
6771 3631 3727 3575 3834 
6772 1364 1403 1381 3765 
6773 1397 1355 1384 3658 
6774 3572 3809 3682 3862 
6775 1741 3753 1742 3840 
6776 3667 3726 3863 3983 
6777 1090 1248 1205 3733 
6778 1042 1201 1045 3947 
6779 920 995 3657 3895 
6780 1774 1518 3755 4043 
6781 3640 3808 3597 3896 
6782 3631 3727 3904 3924 
6783 3582 3721 3779 3864 
6784 3617 3760 3676 3930 
6785 3703 3824 3614 4005 
6786 3573 3819 3784 3897 
6787 3841 3868 3734 4017 
6788 3641 3710 3588 3998 
6789 1008 1120 1010 3730 
6790 3637 3579 3857 3915 
6791 3755 3799 1681 3996 
6792 1667 1665 3638 3967 
6793 1155 3856 3678 3956 
6794 1055 1054 3839 3893 
6795 3572 3708 3809 3873 
6796 1223 905 1208 3921 
6797 976 3690 1018 3889 
6798 1706 3740 1707 3883 
6799 3777 3815 3613 3921 
6800 3650 3590 3695 3934 
6801 1010 3730 1120 3843 
6802 1712 1719 1562 3831 
6803 1392 1362 1410 3711 
6804 3599 3720 3625 3999 
6805 3646 3685 3586 4052 
6806 1515 1795 1215 3654 
6807 3809 3862 3752 4022 
6808 947 3741 3664 3923 
6809 1067 3758 3804 4027 
6810 1354 3778 891 3997 
6811 3610 3868 3841 4049 
6812 3682 3769 3602 3936 
6813 1570 1566 3861 3891 
6814 908 3718 1178 3777 
6815 1346 1297 1327 3945 
6816 3737 1312 3790 3918 
6817 3688 3964 3867 3971 
6818 3586 3647 3707 3927 
6819 1463 3725 3667 3985 
6820 1130 999 3724 3896 
6821 1711 1337 3702 3988 
6822 3675 3609 3787 3982 
6823 3597 3729 3688 3914 
6824 1574 1571 1584 3693 
6825 920 3798 995 3895 
6826 955 3795 954 3834 
6827 893 1335 1190 3961 
6828 1503 1773 3737 3790 
6829 3608 3983 3813 3985 
6830 1242 1244 1188 3938 
6831 924 3936 1131 3984 
6832 1297 1344 3832 3945 
6833 3806 3835 3618 3943 
6834 3599 3625 3722 3999 
6835 966 3834 3631 3911 
6836 3601 3809 3752 4022 
6837 3651 3750 3573 3992 
6838 3644 3704 3955 4032 
6839 902 3830 1080 4000 
6840 3653 3831 1577 3907 
6841 3657 3792 920 3798 
6842 943 3757 937 3890 
6843 3657 3671 3602 4042 
6844 1812 1762 1771 3842 
6845 3633 3823 3958 3967 
6846 1608 3867 1593 3971 
6847 1432 1455 1454 3794 
6848 1540 1706 1542 3883 
6849 3624 3887 1184 3938 
6850 1017 987 3656 4021 
6851 1373 1169 1367 3777 
6852 3619 1712 3831 3907 
6853 3582 3645 3858 4005 
6854 1598 3694 1719 3831 
6855 3697 3882 3622 3978 
6856 1756 3712 1478 3775 
6857 3572 3671 3657 4042 
6858 3608 3667 3983 3985 
6859 1391 1390 3683 3974 
6860 3683 3695 3590 3934 
6861 1694 3753 1741 3915 
6862 1539 1537 1761 3644 
6863 3643 3760 3837 4050 
6864 1537 3644 1539 3807 
6865 3614 3824 3989 4054 
6866 1552 3785 1560 4029 
6867 948 3923 3664 4051 
6868 1068 3894 991 4027 
6869 1808 3847 1648 3929 
6870 3614 3863 3824 4054 
6871 3760 3838 3676 3930 
6872 1595 3826 1675 3886 
6873 3584 3648 3754 4061 
6874 970 1183 1155 3956 
6875 3672 3741 3607 3757 
6876 1809 3745 1785 3885 
6877 1702 1754 1755 3863 
6878 1448 3794 3926 4000 
6879 1043 1163 3756 4007 
6880 1789 3851 3650 3865 
6881 1570 3684 1581 3891 
6882 3733 3866 3596 3912 
6883 3748 3906 915 3910 
6884 1308 3655 1309 3844 
6885 1053 1120 1123 3730 
6886 1006 1007 1020 3721 
6887 1371 3765 3648 3869 
6888 1603 1602 1600 3850 
6889 3579 3670 3662 4058 
6890 1535 3708 1674 3959 
6891 1402 1415 1379 3755 
6892 3583 3717 3642 3964 
6893 3912 3931 3646 4018 
6894 3700 3733 3632 4018 
6895 1073 1072 906 3771 
6896 1515 3654 1215 3825 
6897 1111 3657 995 3895 
6898 1038 3793 3722 3956 
6899 1068 3677 3894 4027 
6900 1761 1802 1549 3791 
6901 1219 1220 3686 3845 
6902 1367 1379 3777 3815 
6903 3720 3847 3565 3929 
6904 1043 3756 3728 4007 
6905 3662 3890 3616 3981 
6906 1575 1576 1724 3859 
6907 1668 1667 3638 3919 
6908 1671 3846 3658 3975 
6909 1739 1509 1731 3729 
6910 1221 3715 1257 3845 
6911 1740 3820 1696 3914 
6912 1457 1458 1499 3775 
6913 1124 3750 1109 4051 
6914 1584 3879 3693 4057 
6915 958 963 3679 3963 
6916 3681 3873 3780 3952 
6917 3713 3851 1778 3919 
6918 1155 1036 3856 3956 
6919 1125 1110 998 3835 
6920 3618 3582 3779 4006 
6921 1368 1369 1356 3745 
6922 1320 1321 1314 3737 
6923 1256 1515 1215 3825 
6924 1656 1655 1653 3805 
6925 1178 3718 1171 3894 
6926 1721 1530 1532 3671 
6927 1536 3807 3708 3959 
6928 1564 1563 1565 3760 
6929 3851 3865 1778 3919 
6930 1138 3762 1057 3911 
6931 1032 1034 1033 3856 
6932 1013 3797 3705 4011 
6933 3716 3902 1156 4047 
6934 3624 3773 3980 4003 
6935 1304 1343 1345 3626 
6936 924 957 1131 3936 
6937 1287 1315 1335 3918 
6938 1800 1320 3737 3763 
6939 3649 3581 3761 3875 
6940 1736 1744 3692 3874 
6941 1628 1629 1633 3870 
6942 3767 3598 3850 4031 
6943 1405 3731 1376 3755 
6944 1778 3713 1787 3851 
6945 3584 3706 3648 4061 
6946 3754 3787 3609 3982 
6947 1397 1361 1787 3713 
6948 1687 3744 1685 3905 
6949 1220 3808 3686 3991 
6950 920 995 1111 3657 
6951 1111 3657 3895 3900 
6952 1184 3624 3938 4003 
6953 943 3806 3757 3890 
6954 3595 3721 3864 3909 
6955 1216 3771 911 3829 
6956 1028 915 3906 3910 
6957 1720 1610 3666 3867 
6958 1115 3672 3836 4023 
6959 3633 3592 3736 3958 
6960 3604 4021 3782 4046 
6961 1221 1257 1220 3845 
6962 3578 3930 3836 3994 
6963 3594 3898 3616 4012 
6964 3634 3595 3794 3909 
6965 3613 3921 3815 3950 
6966 1430 914 1441 3748 
6967 1809 1767 1522 3801 
6968 1446 1431 1447 3830 
6969 1802 1549 3791 3998 
6970 3655 3856 3722 3932 
6971 1762 3702 1771 3842 
6972 3570 3737 3918 3953 
6973 1530 1532 3671 3951 
6974 3590 3695 3683 3889 
6975 1394 3782 3718 4046 
6976 1320 1279 1800 3737 
6977 3670 3984 1113 4058 
6978 3638 3846 1665 3975 
6979 3617 3836 3930 3994 
6980 1096 933 930 3738 
6981 1135 994 1106 3698 
6982 3603 3728 3805 3937 
6983 3570 3805 3728 3937 
6984 943 937 936 3890 
6985 3771 3829 3629 3830 
6986 3643 3698 3993 4050 
6987 1084 1113 3984 4058 
6988 1261 1509 1258 3729 
6989 1190 1335 1285 3961 
6990 1759 1649 3720 3805 
6991 3643 3993 3585 4013 
6992 1024 1174 1175 4035 
6993 1762 1660 1801 3879 
6994 3750 3852 988 3935 
6995 3774 3848 3742 4009 
6996 932 3917 931 3940 
6997 982 3646 3931 4052 
6998 1615 3744 1687 3814 
6999 1704 1751 1703 3667 
7000 1701 1702 1500 3680 
7001 1151 1192 1044 3661 
7002 1598 3694 3831 3897 
7003 1526 3697 3878 4016 
7004 1694 1742 1741 3753 
7005 1708 3881 3632 3946 
7006 1668 3638 1665 3975 
7007 1398 1419 1352 3828 
7008 1703 3667 1751 3944 
7009 3592 3641 3823 3877 
7010 1626 3688 1696 3971 
7011 3637 3981 3662 4028 
7012 1342 3953 1334 3961 
7013 1586 3784 3653 3870 
7014 3648 3589 3765 4035 
7015 3616 3783 3689 4012 
7016 3633 3958 3585 3967 
7017 3643 3585 3874 4013 
7018 1113 3764 3670 3917 
7019 3609 3747 3675 4002 
7020 1027 3887 3700 3938 
7021 1670 3713 1778 3919 
7022 1645 1769 3763 3941 
7023 1406 3648 1359 3788 
7024 1578 1585 1589 3796 
7025 1087 900 1411 3788 
7026 1560 3760 1563 3838 
7027 3618 3652 3776 4006 
7028 1258 1509 1710 3729 
7029 940 3761 945 3860 
7030 923 921 922 3862 
7031 3597 3686 3808 3991 
7032 3605 3798 3657 4033 
7033 3597 3715 3686 3991 
7034 1773 1656 1653 3805 
7035 1778 1670 1787 3713 
7036 1023 1018 3683 3889 
7037 1577 1586 3653 4055 
7038 3722 3856 1036 3956 
7039 3646 3931 3586 4018 
7040 1346 1325 1277 3811 
7041 1745 3837 1717 3892 
7042 1553 3802 3666 3960 
7043 3625 3849 1644 3941 
7044 3809 3847 3708 3959 
7045 3782 4021 3718 4046 
7046 1426 1473 1492 3811 
7047 1489 3832 3630 3910 
7048 1808 1651 1559 3674 
7049 1796 3668 1284 3941 
7050 3605 3780 3951 3952 
7051 3699 3905 3569 4041 
7052 1651 1654 3674 3929 
7053 1013 3705 3797 3817 
7054 3722 3793 1038 4024 
7055 1502 1708 3632 3946 
7056 991 3894 3758 4027 
7057 1779 1681 3755 3799 
7058 1250 1271 1203 3810 
7059 1427 1493 1475 3810 
7060 1102 954 951 3795 
7061 3570 3918 3756 3953 
7062 3675 3609 3982 4061 
7063 1030 981 1031 3884 
7064 1654 1761 1559 3674 
7065 1701 1704 1703 3667 
7066 1106 3834 966 3911 
7067 3688 3743 3583 3964 
7068 1284 1331 1310 3668 
7069 3584 3754 3839 4061 
7070 1035 3722 1037 3812 
7071 1532 3840 3671 3873 
7072 1124 3871 3750 4051 
7073 891 1395 1177 3778 
7074 3601 3674 3809 3959 
7075 1779 1774 1380 3755 
7076 1708 1637 1502 3962 
7077 3719 3861 1566 3891 
7078 1216 1218 911 3771 
7079 1730 3822 1663 3960 
7080 1666 3874 1736 3967 
7081 1735 1720 3719 3867 
7082 1530 1721 1605 3853 
7083 1737 1560 1725 3676 
7084 3653 3575 3907 4055 
7085 3645 3775 3712 3976 
7086 3655 3856 3591 3884 
7087 1354 1395 891 3778 
7088 1662 1656 1773 3790 
7089 3697 3942 3878 4016 
7090 1487 1434 1494 3667 
7091 1035 897 1034 3655 
7092 1714 3868 1289 4017 
7093 1556 1568 1569 3877 
7094 3624 3804 3773 4003 
7095 1357 1164 1373 3777 
7096 1000 999 3835 3943 
7097 1145 1089 3833 3916 
7098 1345 3626 3801 4017 
7099 1652 3805 3888 3929 
7100 3593 3696 3939 3992 
7101 3609 3675 3796 4061 
7102 1136 1138 1057 3911 
7103 3612 3807 3818 4032 
7104 1026 3754 979 3839 
7105 1394 3718 1375 4046 
7106 1667 3732 1746 3874 
7107 948 3836 950 3923 
7108 1372 3801 1417 4039 
7109 1662 1760 1661 3790 
7110 1752 1605 1721 3944 
7111 1780 1631 1616 3723 
7112 1069 1068 3677 3894 
7113 3643 3859 3760 4050 
7114 1776 1787 1670 3713 
7115 1586 3870 3653 4055 
7116 925 3752 3862 4022 
7117 3689 3783 3616 3981 
7118 1469 1094 1429 3735 
7119 1151 929 3704 3948 
7120 1673 1522 1368 3745 
7121 3677 3566 3777 3894 
7122 1064 3862 3752 3956 
7123 1570 1557 1727 3665 
7124 960 1117 947 3664 
7125 1117 948 947 3664 
7126 1567 1741 1742 3840 
7127 1728 3818 3637 3915 
7128 3592 3716 3693 4002 
7129 3701 3767 3624 4026 
7130 1158 1130 3742 3896 
7131 3749 3797 3568 3833 
7132 3592 3693 3747 4002 
7133 3702 4036 3691 4049 
7134 1652 3805 1653 3888 
7135 1603 1672 1675 3647 
7136 1611 3814 3652 3820 
7137 1284 3668 1310 3941 
7138 905 3677 1068 4027 
7139 1456 1455 1457 3712 
7140 3603 3805 3720 3929 
7141 1113 1118 931 3670 
7142 1108 989 991 3894 
7143 1770 1710 1509 3729 
7144 1164 1169 1373 3777 
7145 1561 3760 1564 3907 
7146 3734 3885 3675 3982 
7147 1714 3734 3868 4017 
7148 3617 3836 3795 3930 
7149 1725 1560 1552 3785 
7150 1725 1548 1705 3785 
7151 3709 3786 1051 4007 
7152 3573 3784 3653 3831 
7153 3578 3696 3836 3930 
7154 919 920 3792 3798 
7155 1676 1677 1772 3850 
7156 945 940 946 3761 
7157 3650 3695 3567 3876 
7158 3705 3602 3900 3983 
7159 1037 1040 3812 4024 
7160 3836 3994 3617 4023 
7161 964 1156 3716 4040 
7162 3679 3739 3606 3963 
7163 1269 1271 1222 3629 
7164 3616 3940 3662 4028 
7165 1767 1809 1635 3734 
7166 3746 3617 3994 4023 
7167 3778 3876 3695 3997 
7168 1445 1489 1492 3630 
7169 1241 1240 1272 3920 
7170 1147 890 1471 3749 
7171 3734 3745 3626 3801 
7172 3566 3758 3656 3894 
7173 942 938 941 3923 
7174 1789 1778 3851 3865 
7175 3646 3717 3642 4056 
7176 1450 1493 1491 3629 
7177 3616 3890 3757 3981 
7178 3749 3986 3797 4011 
7179 1762 1711 3702 3988 
7180 1160 1129 3808 3896 
7181 1794 1504 1639 3701 
7182 3704 3738 3580 3917 
7183 3610 3702 3842 3868 
7184 3594 3740 3676 3994 
7185 1684 1685 3744 3905 
7186 3588 3955 3860 3995 
7187 3670 3764 1113 3984 
7188 1410 3650 3876 3934 
7189 3570 3790 3786 3918 
7190 1111 922 920 3657 
7191 1707 1706 1587 3740 
7192 947 3664 948 3923 
7193 1108 1178 1171 3894 
7194 1709 1413 1405 3731 
7195 3608 3983 3863 3986 
7196 1098 3733 892 3931 
7197 1797 1690 1692 3699 
7198 1373 1374 1357 3777 
7199 1593 1608 1735 3867 
7200 924 3682 3936 3984 
7201 1388 1396 3778 3876 
7202 3591 3780 3681 3849 
7203 1420 1353 1401 3799 
7204 1232 3624 3938 4045 
7205 1526 3878 1527 4016 
7206 1252 1204 1270 3799 
7207 3565 3809 3681 3932 
7208 1058 1180 3893 4053 
7209 1689 1631 1688 3766 
7210 1518 1709 1405 3731 
7211 1627 3819 3784 4037 
7212 942 3672 938 3923 
7213 3565 3678 3809 3932 
7214 3769 3936 3682 3984 
7215 3565 3847 3720 3933 
7216 1581 3751 1592 3891 
7217 1028 3906 3800 3910 
7218 3578 3664 3696 3939 
7219 3625 3565 3932 3999 
7220 919 981 917 3669 
7221 991 989 990 3758 
7222 3690 3935 987 4021 
7223 890 1428 1471 3749 
7224 1152 3803 3691 3902 
7225 3678 3752 3809 3862 
7226 1801 3636 1661 3988 
7227 1394 1393 1099 3782 
7228 1403 1419 3828 4039 
7229 3666 3867 1610 3954 
7230 1023 1018 1167 3683 
7231 1654 3791 3674 3929 
7232 3741 3827 3574 4056 
7233 931 3670 1118 3940 
7234 1444 3882 3697 3978 
7235 1391 3683 3782 3974 
7236 1083 3662 944 4058 
7237 948 3664 1117 4051 
7238 1144 3797 1013 4011 
7239 1588 1736 3692 3823 
7240 3567 3631 3762 3904 
7241 3754 3982 3609 4061 
7242 1031 3908 909 4019 
7243 1654 3888 3791 3929 
7244 1036 1038 3722 3956 
7245 919 981 3669 4014 
7246 1232 3938 3624 4003 
7247 3579 3627 3857 4010 
7248 905 1070 3677 3921 
7249 1484 1467 3949 3987 
7250 1037 1036 1038 3722 
7251 1726 1720 1610 3666 
7252 3749 3833 3568 3916 
7253 1720 1726 1553 3666 
7254 1537 3644 3807 3959 
7255 3589 3885 3734 3982 
7256 1705 3689 1545 3883 
7257 3656 3718 3566 3894 
7258 1088 1089 1148 3833 
7259 897 1033 3655 3908 
7260 1712 1577 3831 3907 
7261 3648 3754 3589 4035 
7262 911 3771 1081 3829 
7263 3579 3817 3769 4058 
7264 1671 1783 1790 3658 
7265 1558 3665 1727 4029 
7266 3644 3959 3601 4032 
7267 1045 1049 3816 4047 
7268 901 1099 1393 3782 
7269 1027 1022 3887 3938 
7270 3574 3827 3646 4056 
7271 3770 3878 3697 3882 
7272 1677 3850 1601 4031 
7273 3585 3958 3874 3967 
7274 1143 3813 3705 3900 
7275 3680 3568 3775 3949 
7276 3572 3873 3681 3952 
7277 1563 1737 1604 3837 
7278 972 968 3736 3839 
7279 955 1106 994 3834 
7280 915 914 3748 3910 
7281 1380 1774 1365 3755 
7282 1114 3727 973 3889 
7283 1502 3946 3632 3962 
7284 1302 1337 3702 3868 
7285 1323 1345 1278 3801 
7286 931 1113 3670 3917 
7287 3678 3809 3681 3952 
7288 3607 3741 3672 3925 
7289 1761 1539 3644 4044 
7290 1555 1556 1550 3998 
7291 1111 3895 995 3900 
7292 1742 3753 1622 3989 
7293 1682 1229 1521 3768 
7294 1620 1619 3703 3858 
7295 1735 1579 1593 3891 
7296 3596 3632 3881 3920 
7297 1108 1017 989 3656 
7298 3662 1083 3843 4058 
7299 1031 3884 1033 3908 
7300 3621 3860 3955 3995 
7301 3708 3840 1534 3873 
7302 1543 1550 1587 3781 
7303 974 3716 1156 4047 
7304 1508 1747 1750 3725 
7305 3567 3865 3851 3919 
7306 1125 3717 983 3827 
7307 3579 3843 3817 4058 
7308 1078 1021 1079 3774 
7309 3631 3585 3911 3993 
7310 1343 3828 3626 4038 
7311 3568 3749 3916 3949 
7312 3620 3827 3741 4056 
7313 1643 3668 1796 3941 
7314 1641 3687 1657 4034 
7315 1438 1449 1480 3699 
7316 3596 3632 3920 4018 
7317 1258 1240 3729 3789 
7318 1336 1310 3844 3941 
7319 3681 3809 3678 3932 
7320 1327 1339 3687 3945 
7321 3625 3932 3565 3933 
7322 1026 3839 1054 3893 
7323 1644 1645 1646 3941 
7324 1012 3769 3817 4058 
7325 3648 3765 3589 3869 
7326 3614 3817 3705 3969 
7327 1612 3776 3652 3970 
7328 958 3679 3901 3963 
7329 938 3672 1115 4023 
7330 3669 3792 919 4014 
7331 1628 3870 3711 4037 
7332 3752 3947 3793 3990 
7333 1771 3842 3702 3868 
7334 1592 1593 1579 3891 
7335 1069 991 1068 3894 
7336 1106 3698 3834 3911 
7337 1260 1246 1243 3920 
7338 1463 1462 3725 3985 
7339 1678 3654 3821 3996 
7340 1670 1776 3713 3975 
7341 3776 3960 3666 3965 
7342 1106 1134 3698 3911 
7343 1064 925 3752 3862 
7344 1111 922 3657 3936 
7345 3674 3847 3809 3959 
7346 3617 3795 3834 4050 
7347 1597 1596 3784 3897 
7348 1097 1096 1095 4023 
7349 3568 3797 3749 3986 
7350 1090 1205 892 3733 
7351 1595 1581 1713 3684 
7352 3606 3816 3739 3937 
7353 1584 3693 1571 4057 
7354 1107 977 3746 3875 
7355 3705 3797 3614 3986 
7356 1299 1300 3922 4049 
7357 1141 3813 3735 3880 
7358 1734 3826 1727 3854 
7359 931 3917 3670 3940 
7360 1771 3702 1711 3868 
7361 1178 3777 3718 3894 
7362 3755 3777 3566 3973 
7363 1145 3797 1144 4011 
7364 1364 1063 1404 3765 
7365 3681 3809 3572 3952 
7366 3576 3981 3802 4025 
7367 1155 1183 1036 3956 
7368 1043 1149 3728 3756 
7369 970 3678 1155 4014 
7370 3632 3596 3881 4018 
7371 3597 3688 3820 3914 
7372 1721 1743 1752 3726 
7373 1768 1684 3744 3914 
7374 1380 3755 1402 3799 
7375 3731 3819 3566 4043 
7376 1553 3666 1726 3960 
7377 1063 912 1199 3765 
7378 1343 3626 1304 4038 
7379 1503 1800 1279 3737 
7380 1301 1299 3841 4049 
7381 1528 3951 3853 4016 
7382 1671 3658 1790 3975 
7383 1774 1788 1518 4043 
7384 1635 1809 1785 3885 
7385 1303 3691 3803 4049 
7386 1502 1245 3946 3962 
7387 1561 1563 3760 3838 
7388 3568 3749 3949 3986 
7389 3650 3851 3567 3865 
7390 1262 1639 3701 3962 
7391 990 993 1067 3804 
7392 1333 1318 1313 3786 
7393 924 3862 3682 4022 
7394 1358 3872 3711 3974 
7395 1652 3888 1654 3929 
7396 3576 3757 3890 3981 
7397 3752 3862 3678 3956 
7398 1722 3784 1586 3870 
7399 1458 1455 1470 3916 
7400 1626 3881 3789 3971 
7401 1561 1563 1564 3760 
7402 1146 1148 1089 3916 
7403 1084 3984 3769 4058 
7404 910 3800 1047 4019 
7405 3663 3859 3575 4055 
7406 3589 3869 3745 3885 
7407 1031 1047 3800 4019 
7408 3698 3855 3585 3911 
7409 3708 3807 3601 3959 
7410 1618 3776 1614 3858 
7411 1489 3630 1445 3910 
7412 1625 3675 1585 3842 
7413 3823 3874 3692 3958 
7414 3567 3851 3713 3919 
7415 3723 3582 3858 3970 
7416 3666 3802 3576 3960 
7417 1748 3865 3732 3919 
7418 1452 1763 1524 3770 
7419 3587 3842 3702 3879 
7420 1627 3784 1722 4037 
7421 3588 3641 3781 3995 
7422 1526 3697 1525 3878 
7423 1551 4029 3861 4030 
7424 952 1102 951 3696 
7425 3576 3890 3662 3981 
7426 3610 3842 3702 4036 
7427 1664 3796 1636 3846 
7428 1207 1218 1219 3771 
7429 1617 3858 1614 3970 
7430 1244 1029 1188 3938 
7431 1302 3868 3702 4049 
7432 1368 1522 1366 3745 
7433 920 918 995 3798 
7434 3647 3886 3701 4026 
7435 891 3778 1168 3997 
7436 1037 3722 1038 4024 
7437 1094 1141 3735 3880 
7438 1808 3674 1559 3847 
7439 1719 1598 1602 3694 
7440 1792 1480 1436 3766 
7441 1744 1588 1736 3692 
7442 1040 3961 3812 4024 
7443 3623 3797 3833 4005 
7444 1148 895 1189 3794 
7445 1057 1056 1136 3911 
7446 1750 1605 1751 3944 
7447 1750 3853 1605 3944 
7448 1711 1771 1762 3702 
7449 3706 3869 3648 4061 
7450 3600 3659 3774 4009 
7451 1714 1513 1289 3868 
7452 3674 3565 3809 3847 
7453 1312 1279 1314 3737 
7454 3626 3589 3765 4039 
7455 3587 3879 3636 3977 
7456 1690 3699 1512 4041 
7457 1622 3915 3857 3989 
7458 3647 3850 1603 4026 
7459 1607 1696 1609 3688 
7460 3902 3977 3709 4047 
7461 3841 3922 3610 4049 
7462 3627 3576 3822 3965 
7463 3678 3809 3752 3956 
7464 3646 3586 3931 4052 
7465 3678 3572 3809 3952 
7466 3579 3817 3843 4010 
7467 1708 1592 3751 3881 
7468 986 1109 988 3935 
7469 1532 3873 3671 3951 
7470 1086 3743 1016 3912 
7471 3628 3945 1294 4019 
7472 3718 3731 3566 3973 
7473 1665 3846 3638 3967 
7474 1135 1106 1134 3698 
7475 1491 3829 1440 3830 
7476 1179 3695 1023 3997 
7477 1007 1088 3721 3913 
7478 997 3743 1086 3912 
7479 1406 1370 3869 3928 
7480 1248 3733 1090 3866 
7481 1112 1018 976 3690 
7482 1599 3819 3639 3897 
7483 3608 3986 3749 4011 
7484 905 1223 1185 3921 
7485 3646 3596 3912 4018 
7486 3753 3969 3579 3989 
7487 1216 1222 3771 3829 
7488 1796 1284 3668 4034 
7489 1532 1534 3840 3873 
7490 3589 3648 3869 4061 
7491 996 1098 982 3931 
7492 1708 3881 3751 4015 
7493 917 918 919 3798 
7494 3579 3843 3662 4010 
7495 3612 3840 3708 4042 
7496 1309 3812 1334 3844 
7497 3587 3902 3716 4047 
7498 3565 3720 3929 3990 
7499 3735 3895 1140 4048 
7500 3573 3750 3651 3935 
7501 1007 1009 1088 3913 
7502 1643 1796 3668 4034 
7503 3567 3713 3851 3876 
7504 1781 1709 1518 3731 
7505 1013 3797 1011 3817 
7506 3765 3869 1414 4039 
7507 1041 1198 949 3752 
7508 1750 3725 3853 3944 
7509 1270 3799 3613 3950 
7510 1126 3736 962 3901 
7511 1297 3832 1291 3945 
7512 3703 3858 3645 4005 
7513 1075 1074 1158 3742 
7514 3765 3828 3626 4039 
7515 3594 3740 3660 3883 
7516 3569 3771 3686 3845 
7517 1733 1612 3776 3960 
7518 1160 1100 1016 3866 
7519 3650 3567 3851 3876 
7520 1580 3681 1765 3933 
7521 3600 3814 3659 4009 
7522 1373 1367 1379 3777 
7523 1014 1144 1145 3797 
7524 3587 3977 3902 4047 
7525 3685 3707 3586 4052 
7526 3741 3757 3620 4025 
7527 3674 3565 3847 3929 
7528 1556 1738 1550 3892 
7529 1068 905 1070 3677 
7530 3574 3664 3741 3925 
7531 1233 1234 1264 3701 
7532 1023 3695 1019 3889 
7533 3638 3846 3633 3967 
7534 3587 3709 3902 3977 
7535 1571 3693 3877 4057 
7536 1098 892 1027 3931 
7537 1043 1163 1149 3756 
7538 3657 3577 3895 3900 
7539 988 992 990 3852 
7540 3752 3661 3947 3990 
7541 3784 3870 1722 4037 
7542 1092 1093 3880 4011 
7543 915 3748 916 3906 
7544 3570 3786 3709 4007 
7545 1573 1802 1811 3791 
7546 1262 1264 1234 3701 
7547 1573 3791 3888 3998 
7548 1652 1811 1654 3888 
7549 3803 3902 3787 4036 
7550 1282 1319 1101 3803 
7551 1074 906 1121 3686 
7552 1311 1313 1316 3790 
7553 1078 902 1080 4000 
7554 1696 1740 1609 3820 
7555 897 1159 1280 3812 
7556 932 931 934 3940 
7557 1651 1654 1559 3674 
7558 1362 1392 1407 3711 
7559 3760 3859 3575 4050 
7560 3697 3605 3942 4016 
7561 1595 1713 1675 3826 
7562 1668 3919 3638 3975 
7563 1035 1037 1040 3812 
7564 1023 1179 1019 3695 
7565 3659 3814 3744 4009 
7566 3793 3990 3728 3999 
7567 929 927 928 3948 
7568 1690 1797 1512 3699 
7569 1750 1751 3725 3944 
7570 1031 1047 1030 3800 
7571 1597 3784 1627 3819 
7572 1448 3794 1454 3926 
7573 1074 3686 1121 3808 
7574 3566 3821 3996 4043 
7575 1046 3816 3709 4007 
7576 1372 3745 3801 4039 
7577 1155 3678 3856 4014 
7578 1647 3720 1648 3933 
7579 3566 3996 3755 4043 
7580 1681 1774 1779 3755 
7581 1677 1600 1601 3850 
7582 1573 1802 3791 3998 
7583 1137 904 153 1459 
7584 3728 3756 1149 4024 
7585 1613 1612 3652 3970 
7586 1382 1510 216 1697 
7587 1551 3785 4029 4030 
7588 3587 3716 3977 4047 
7589 966 1138 1136 3911 
7590 3641 3588 3781 3998 
7591 1567 1742 1743 4054 
7592 1727 1734 1713 3826 
7593 902 1187 1080 3830 
7594 1005 1158 1130 3742 
7595 1620 1618 1619 3858 
7596 3616 3890 3662 3940 
7597 1361 1787 3713 3851 
7598 3695 3904 3889 3924 
7599 1126 972 3736 3855 
7600 1628 1633 1777 3711 
7601 1587 1550 1738 3892 
7602 904 1430 153 1459 
7603 1045 1043 1042 3816 
7604 3772 3805 3570 3937 
7605 949 3948 3752 4022 
7606 1522 1366 3745 3801 
7607 1619 1617 1698 3858 
7608 1167 1172 3782 4021 
7609 3735 3813 3577 3985 
7610 1540 1543 1706 3660 
7611 1535 1536 3708 3959 
7612 3789 3881 3596 3971 
7613 3579 3857 3753 3989 
7614 1592 1581 1594 3751 
7615 1756 1435 1757 3775 
7616 1781 3819 3731 4043 
7617 1553 3822 3802 3960 
7618 3704 3580 3764 3917 
7619 1281 3908 1294 4019 
7620 1717 3740 1587 3892 
7621 1558 3838 1562 3854 
7622 1310 1286 1336 3844 
7623 1335 1315 1285 3756 
7624 1680 1795 1515 3654 
7625 3575 3631 3834 3993 
7626 3565 3929 3674 3990 
7627 1171 908 1099 3718 
7628 1615 1685 1687 3744 
7629 3593 3939 3696 4051 
7630 3859 3907 3575 4055 
7631 3648 3589 3754 4061 
7632 1573 3791 1811 3888 
7633 3623 3843 3817 4010 
7634 997 3717 3743 3912 
7635 1355 1510 216 1382 
7636 3662 3940 944 4058 
7637 3589 3706 3869 3885 
7638 1441 3748 914 3910 
7639 1385 1406 3788 3928 
7640 1765 3681 3849 3933 
7641 3575 3930 3760 4050 
7642 3700 3887 1027 3931 
7643 3597 3744 3715 3914 
7644 3607 3757 3741 4025 
7645 1314 1312 3737 3918 
7646 1480 1797 1438 1512 
7647 3654 3825 1515 4031 
7648 3661 3603 3739 3947 
7649 1285 1342 1334 3961 
7650 1732 1735 1720 3719 
7651 1210 1261 1239 3991 
7652 3565 3720 3990 3999 
7653 3733 3920 3632 4018 
7654 3583 3867 3666 3954 
7655 1667 1748 3732 3919 
7656 949 3661 1044 3947 
7657 3728 3947 3603 3990 
7658 3857 3989 3579 4010 
7659 1084 3769 1012 4058 
7660 3766 3903 3595 3926 
7661 1717 3837 3740 3892 
7662 3666 3802 3719 4025 
7663 3586 3707 3685 3927 
7664 917 3669 981 3906 
7665 1143 1142 3813 3900 
7666 1263 3767 3825 3980 
7667 906 1072 42 1207 
7668 3616 3981 3783 4028 
7669 3903 3926 3766 4060 
7670 3568 3833 3797 4005 
7671 3619 3831 3653 3907 
7672 1745 1588 1744 3692 
7673 3592 3901 3679 3963 
7674 998 983 1125 3717 
7675 1254 3799 1270 3950 
7676 1591 1641 1642 3714 
7677 1012 3769 1132 3817 
7678 1616 3723 1631 3903 
7679 1714 3734 1715 3868 
7680 1086 3743 999 3896 
7681 1584 1659 3879 4057 
7682 984 1022 3887 3931 
7683 1337 1329 1711 3868 
7684 1241 1247 1238 3866 
7685 1561 1560 1563 3838 
7686 1538 3807 1539 3899 
7687 3659 3569 3905 4041 
7688 1442 1445 3882 3910 
7689 1792 3766 1436 4060 
7690 151 898 1429 1094 
7691 3567 3631 3904 3924 
7692 946 1128 978 3761 
7693 3601 3809 3708 3959 
7694 928 3764 1113 3917 
7695 3626 3745 3589 4039 
7696 1392 3934 1390 3974 
7697 1457 1478 3712 3775 
7698 897 1186 1033 3908 
7699 3776 3858 3582 3970 
7700 1216 1269 1222 3829 
7701 3758 3598 3804 4027 
7702 1613 3652 1611 3814 
7703 1291 1297 1344 3832 
7704 1051 1050 1191 3709 
7705 3591 3625 3849 3932 
7706 3569 3659 3905 4009 
7707 1597 1722 1627 3784 
7708 1597 1596 1586 3784 
7709 1220 1237 3808 3991 
7710 1708 3751 1592 4015 
7711 3663 3732 3993 4013 
7712 938 3898 3672 4023 
7713 1093 3813 1141 3880 
7714 1237 1238 3808 3991 
7715 1566 3719 1732 3861 
7716 3711 3934 1392 3974 
7717 1557 1727 3665 4029 
7718 1685 1768 1684 3744 
7719 1131 1132 3769 4020 
7720 1379 1374 3777 3973 
7721 1579 1735 1566 3891 
7722 3672 3578 3836 3994 
7723 1240 3789 1272 3920 
7724 1711 1506 1337 3988 
7725 3704 3860 3588 3955 
7726 3604 3819 3872 4037 
7727 3598 3654 3825 3957 
7728 1613 3652 3814 3970 
7729 3773 3804 1066 4003 
7730 1235 1242 3700 3938 
7731 993 3707 1062 3804 
7732 1749 1778 3865 3919 
7733 3575 3795 3930 4050 
7734 1672 3647 1603 4026 
7735 1105 3759 980 4035 
7736 914 1430 154 904 
7737 1169 3777 1071 3815 
7738 3784 3831 3573 3897 
7739 1630 3723 1616 3903 
7740 3646 3827 3717 4056 
7741 1395 1396 1360 3778 
7742 1371 3648 1406 3869 
7743 3748 3882 3571 3910 
7744 1643 3849 3668 3941 
7745 1539 3899 3644 4044 
7746 3736 3839 968 4040 
7747 3578 3838 3785 4029 
7748 1371 1404 1359 3648 
7749 1591 3714 3780 4016 
7750 3600 3864 3779 4004 
7751 1442 3882 3748 3910 
7752 949 3661 3752 3948 
7753 1628 3711 1777 4037 
7754 915 1028 914 3910 
7755 1050 3902 3709 4047 
7756 3734 3801 3626 4017 
7757 1394 1378 3782 4046 
7758 3607 3925 3785 4029 
7759 3716 3592 3901 4040 
7760 3626 3828 1419 4039 
7761 1375 1394 1357 3718 
7762 3589 3869 3706 4061 
7763 3744 3905 3659 4009 
7764 1588 1738 1556 3892 
7765 1513 1329 1289 3868 
7766 1141 1140 3735 3895 
7767 3616 4012 3738 4028 
7768 1357 1374 1375 3718 
7769 1713 1581 1570 3684 
7770 1103 960 971 3685 
7771 3654 3598 3825 4031 
7772 1319 1101 64 1282 
7773 1143 3705 3813 4011 
7774 1636 1634 1784 3706 
7775 910 1028 3800 3832 
7776 1512 3766 1688 4041 
7777 1708 3632 3881 4015 
7778 1803 3687 1288 4034 
7779 1628 1722 1586 3870 
7780 3748 3571 3906 3910 
7781 1467 1434 3680 3987 
7782 3683 3934 3711 3974 
7783 3814 3820 3744 4059 
7784 964 975 1156 4040 
7785 1001 3724 999 3943 
7786 1122 956 941 3741 
7787 1749 3865 1748 3919 
7788 3861 4029 3785 4030 
7789 3667 3944 3726 3983 
7790 3758 3894 3677 4027 
7791 3616 3738 3917 4028 
7792 1045 1048 1049 4047 
7793 1579 1581 1592 3891 
7794 1322 1280 1159 3812 
7795 3580 3818 3807 4032 
7796 985 1062 3707 3887 
7797 1096 3738 932 3898 
7798 1678 3654 1515 4031 
7799 1715 3734 1635 3885 
7800 1309 1334 1347 3844 
7801 1131 957 1132 4020 
7802 1759 1773 1653 3805 
7803 1262 3701 1234 3962 
7804 1322 1334 3812 3961 
7805 1488 1442 1445 3882 
7806 3565 3809 3678 3956 
7807 1628 1722 3870 4037 
7808 3769 3984 3670 4058 
7809 1718 3819 1781 4043 
7810 1144 1011 1013 3797 
7811 3577 3944 3667 3983 
7812 1531 3780 3873 3951 
7813 1037 1035 1036 3722 
7814 1443 3748 1442 3882 
7815 1312 1311 1279 3790 
7816 1462 1486 3725 3978 
7817 1255 1682 1516 4001 
7818 3813 3880 1093 4011 
7819 1385 3928 3788 3972 
7820 1361 3713 1416 3851 
7821 999 998 1000 3835 
7822 3671 3873 3572 3951 
7823 3571 3630 3800 3910 
7824 1798 1245 1502 3962 
7825 973 965 967 3727 
7826 1608 3867 1609 3954 
7827 3738 4012 3580 4028 
7828 1678 1680 3654 3996 
7829 1746 1667 1748 3732 
7830 3578 3672 3923 3925 
7831 3736 3901 3592 4040 
7832 1789 1749 1778 3865 
7833 908 1171 1178 3718 
7834 1215 3654 1226 3825 
7835 1151 3661 949 3948 
7836 1568 3877 3710 4057 
7837 1156 3787 1202 3902 
7838 1653 3805 1655 3888 
7839 3565 3752 3809 3956 
7840 987 3690 976 3935 
7841 1614 1618 1733 3776 
7842 3610 3803 3787 4036 
7843 1394 113 1099 1393 
7844 3607 3861 3925 4029 
7845 1266 1226 1215 3654 
7846 3633 3823 3592 3958 
7847 1468 890 149 1091 
7848 1082 3829 1081 3830 
7849 3574 3861 3719 3891 
7850 1094 1093 1141 3880 
7851 1534 1533 3708 3873 
7852 3760 3930 3617 4050 
7853 3800 3832 1028 3910 
7854 1394 1375 1378 4046 
7855 1380 1365 1402 3755 
7856 3632 3881 3920 3946 
7857 1547 1732 3802 4030 
7858 1614 3858 3776 3970 
7859 1371 1414 3765 3869 
7860 3789 3881 1791 3946 
7861 1214 1229 1682 3768 
7862 1591 3878 3714 4016 
7863 1599 1597 3819 3897 
7864 1678 3821 1679 3996 
7865 1762 1506 1711 3988 
7866 923 970 921 3862 
7867 113 901 1099 1393 
7868 3597 3729 3715 3991 
7869 1365 1405 1376 3755 
7870 1026 979 1054 3839 
7871 1297 1291 1293 3945 
7872 1573 3888 3710 3998 
7873 1657 3687 1803 4034 
7874 1543 3660 1540 4044 
7875 1591 1640 3714 3878 
7876 1771 1625 3842 3868 
7877 1092 3749 1145 4011 
7878 1059 3762 3904 4053 
7879 1739 3715 1684 3914 
7880 1450 1491 1440 3830 
7881 1661 1659 3772 3879 
7882 1811 3791 1654 3888 
7883 1615 3814 1611 3820 
7884 3592 3716 3901 3963 
7885 1524 1437 1452 3770 
7886 1127 1107 1097 3746 
7887 3571 3878 3770 3882 
7888 3579 3753 3857 3915 
7889 3580 3917 3738 4028 
7890 1153 1441 914 3910 
7891 1694 1741 1723 3915 
7892 1226 3654 1266 3957 
7893 1105 1025 3759 4035 
7894 1132 1012 1084 3769 
7895 3570 3709 3816 4007 
7896 1210 1255 1731 3715 
7897 1236 1220 1237 3808 
7898 1534 1535 1536 3708 
7899 1781 1709 3731 3872 
7900 1013 3705 1143 4011 
7901 1207 1072 42 1218 
7902 927 3764 928 3948 
7903 3607 3785 3861 4029 
7904 1094 3735 1469 3880 
7905 1749 1669 1778 3919 
7906 3680 3824 3568 3986 
7907 1031 1033 909 3908 
7908 3644 3807 3959 4032 
7909 3697 3978 3622 4033 
7910 3715 3729 3597 3914 
7911 3642 3867 3719 4056 
7912 3703 3976 3824 4005 
7913 963 1045 1201 3739 
7914 1101 903 1282 3803 
7915 1027 3887 1022 3931 
7916 1500 1702 1755 3680 
7917 1695 1676 1772 3825 
7918 3605 3853 3671 3951 
7919 1112 976 987 3690 
7920 3784 3819 1597 3897 
7921 1075 3742 1077 3848 
7922 1003 3779 1006 4004 
7923 1143 3705 1133 3900 
7924 1444 1443 3882 3978 
7925 3800 3906 3571 3910 
7926 1410 3876 1387 3934 
7927 1568 3710 1573 4057 
7928 1410 3650 1389 3876 
7929 1379 1367 1418 3815 
7930 1044 1192 1201 3739 
7931 1027 1029 1022 3938 
7932 1265 3768 1214 3845 
7933 1551 3785 1552 4029 
7934 925 923 924 3862 
7935 1482 3712 1505 4060 
7936 1087 1411 1359 3788 
7937 3577 3725 3667 3944 
7938 3616 3783 4012 4028 
7939 3607 3785 3689 4030 
7940 1546 3802 1553 3822 
7941 3626 3801 3745 4039 
7942 3703 3857 3627 4010 
7943 1680 1523 1795 3996 
7944 1663 3822 1553 3960 
7945 1573 3710 1568 3998 
7946 1034 897 1033 3655 
7947 3581 3892 3641 3995 
7948 3803 3922 1300 4049 
7949 3614 3863 3726 3983 
7950 3802 3822 3576 3960 
7951 1000 3835 1116 3943 
7952 984 1027 1022 3931 
7953 1733 1726 1612 3960 
7954 1689 3903 3766 4060 
7955 1428 890 149 1468 
7956 1003 1006 1170 4004 
7957 1760 1662 1807 3790 
7958 997 1086 1016 3912 
7959 1308 1331 1295 3908 
7960 3593 3826 3694 3854 
7961 3709 3816 1049 4047 
7962 1139 1114 1019 3904 
7963 3728 3793 3947 3990 
7964 3767 3825 3598 4031 
7965 1389 3650 1362 3851 
7966 1441 1430 154 914 
7967 3601 3752 3661 3948 
7968 995 3798 918 3895 
7969 1717 1587 1738 3892 
7970 3654 3950 1266 3957 
7971 1046 1049 3709 3816 
7972 3586 3887 3700 3931 
7973 1043 3728 3816 4007 
7974 3766 3926 1481 4060 
7975 1617 1614 1616 3970 
7976 1127 3746 1097 4023 
7977 985 3887 3707 4052 
7978 1588 1745 1738 3892 
7979 974 964 1156 3716 
7980 964 3716 961 4040 
7981 1649 1647 1759 3720 
7982 1538 1723 3807 3818 
7983 1314 1279 1320 3737 
7984 1484 1485 3749 3949 
7985 1372 3745 1366 3801 
7986 3622 3895 3735 4048 
7987 1208 1085 1230 3773 
7988 1337 1338 3702 3988 
7989 1433 3725 1486 3978 
7990 947 941 956 3741 
7991 3598 3957 3825 3980 
7992 3600 3652 3814 4059 
7993 3694 3854 3831 3992 
7994 1157 3922 3759 4038 
7995 1012 3817 3843 4058 
7996 1374 1375 3718 3973 
7997 1695 3767 1676 3825 
7998 3826 3886 3684 3927 
7999 1768 3820 1740 3914 
8000 1791 3881 1708 3946 
8001 948 952 951 3696 
8002 1584 1571 1658 4057 
8003 3800 3832 3630 3945 
8004 1014 1088 1009 3833 
8005 1542 1705 1545 3883 
8006 1669 1749 1748 3919 
8007 1256 1215 1226 3825 
8008 3741 3923 3672 3925 
8009 949 3752 925 4022 
8010 3597 3742 3724 3896 
8011 956 1122 1125 3827 
8012 1391 1392 1390 3974 
8013 1756 1757 1699 3775 
8014 3744 4009 3814 4059 
8015 3807 3818 3580 3899 
8016 1065 1062 993 3707 
8017 3614 3863 3983 3986 
8018 949 1044 1041 3947 
8019 1732 1566 1735 3719 
8020 1091 1092 1093 3880 
8021 1471 1147 3749 3916 
8022 1652 1653 1655 3888 
8023 1233 1232 1234 4045 
8024 925 3862 924 4022 
8025 1740 1768 1615 3820 
8026 1800 1769 1320 3763 
8027 1235 3700 1243 4045 
8028 3574 3861 3665 3925 
8029 3607 3861 3785 4030 
8030 3598 3677 3957 4027 
8031 3617 3930 3795 4050 
8032 3750 3871 3593 4051 
8033 1590 1585 1625 3675 
8034 1612 1611 1613 3652 
8035 919 918 920 3798 
8036 3622 3942 3697 4033 
8037 3603 3888 3805 3929 
8038 1596 1712 1577 3831 
8039 1510 215 1776 1355 
8040 1449 1438 1490 3699 
8041 943 1053 3806 3890 
8042 1435 1756 1478 3775 
8043 3582 3970 3723 4006 
8044 3566 3821 3639 4008 
8045 941 3741 947 3923 
8046 1672 3886 3647 4026 
8047 3689 3802 3607 4030 
8048 1557 1558 1727 4029 
8049 3697 3942 3605 4033 
8050 3716 3901 961 4040 
8051 1607 1608 1593 3971 
8052 1284 1310 1336 3941 
8053 3577 3813 3900 3983 
8054 34 1244 1209 3938 
8055 3600 3814 4009 4059 
8056 1023 1167 1176 3683 
8057 1168 1059 1139 3904 
8058 3572 3792 3678 3862 
8059 934 944 3890 3940 
8060 1694 3857 1622 3915 
8061 3606 3816 3709 4047 
8062 3579 3769 3670 4058 
8063 3662 3890 944 3940 
8064 3578 3665 3838 4029 
8065 3734 3841 3610 3868 
8066 3578 3838 3665 3939 
8067 1281 1295 1294 3908 
8068 1678 3821 3654 4031 
8069 1513 1711 1329 3868 
8070 1046 3709 1051 4007 
8071 3785 3925 3578 4029 
8072 3581 3761 3875 3995 
8073 1149 1043 3728 4024 
8074 38 1247 1248 3866 
8075 932 3738 930 3917 
8076 1598 1599 1600 3897 
8077 1051 3786 1052 4007 
8078 114 1363 1176 901 
8079 3887 3938 3624 4045 
8080 1061 1180 3788 3893 
8081 1669 1670 1778 3919 
8082 1143 1013 1133 3705 
8083 3580 3670 3764 3917 
8084 3850 4008 3639 4031 
8085 1126 972 962 3736 
8086 3649 3855 3736 3958 
8087 1213 1504 1695 3767 
8088 976 1018 973 3889 
8089 1790 1783 1510 3658 
8090 1626 1791 3789 3881 
8091 1058 1180 1061 3893 
8092 3728 3756 3570 4007 
8093 3571 3697 3878 3882 
8094 114 1363 901 1393 
8095 1138 1059 3762 3904 
8096 898 1141 1140 3735 
8097 1676 1603 3850 4026 
8098 3568 3976 3645 4005 
8099 1453 3794 1448 4000 
8100 3571 3878 3697 3942 
8101 1684 1683 3905 4001 
8102 891 1177 1168 3778 
8103 3716 3606 3977 4047 
8104 3669 3906 3798 3942 
8105 3663 3993 3859 4013 
8106 1110 3806 1116 3835 
8107 952 1124 1109 4051 
8108 977 1097 1107 3746 
8109 1521 1691 3768 3810 
8110 3733 3912 3596 4018 
8111 1781 3731 1518 4043 
8112 3681 3780 3591 3952 
8113 3619 3939 3696 3992 
8114 1150 1052 1051 3786 
8115 1632 3701 3962 4015 
8116 3569 3905 3744 4009 
8117 1268 3815 1217 3921 
8118 1415 3755 1376 3973 
8119 1206 899 40 1236 
8120 1061 1055 1058 3893 
8121 3813 3895 3577 3900 
8122 1152 3691 1191 3902 
8123 1173 1061 1180 3788 
8124 1454 1448 1453 3794 
8125 1112 3690 987 4021 
8126 3704 3764 3580 4032 
8127 1118 3670 1113 4058 
8128 3763 3844 3625 3941 
8129 1282 1101 64 903 
8130 3638 3919 3713 3975 
8131 1469 151 1429 1094 
8132 3579 3662 3843 4058 
8133 890 148 1147 1471 
8134 3588 3710 3791 3998 
8135 3757 3806 3620 4025 
8136 3614 3983 3705 3986 
8137 1527 1528 1526 4016 
8138 3626 3841 1304 4038 
8139 962 972 968 3736 
8140 1068 1070 1069 3677 
8141 1416 1361 1408 3713 
8142 1611 3820 3652 3954 
8143 1095 1096 932 3898 
8144 3593 3854 3694 3992 
8145 1386 115 1363 1176 
8146 1222 1219 3771 3845 
8147 3651 3573 3935 3979 
8148 3576 3802 3666 4025 
8149 1363 1391 1390 3683 
8150 1090 3733 1181 3866 
8151 1777 1633 1786 3711 
8152 3752 3793 1198 3956 
8153 1748 1749 1724 3865 
8154 1558 1562 1727 3854 
8155 1544 1546 1554 3822 
8156 3664 3939 3593 4051 
8157 984 3931 3887 4052 
8158 1570 1579 1566 3891 
8159 1745 1717 1738 3892 
8160 1412 3872 3974 4046 
8161 1044 949 1151 3661 
8162 1221 1255 3715 4001 
8163 1235 1243 1267 4045 
8164 1541 1540 3783 3899 
8165 936 934 944 3890 
8166 948 950 942 3923 
8167 1231 3980 3773 4003 
8168 972 1054 968 3839 
8169 1372 1366 1417 3801 
8170 1503 1662 1773 3790 
8171 1552 1551 1548 3785 
8172 3660 3899 1540 4044 
8173 973 1114 965 3727 
8174 1471 890 148 1428 
8175 1809 1522 1673 3745 
8176 1409 1389 1362 3851 
8177 1134 1056 3855 3911 
8178 3684 3927 3685 3966 
8179 3853 3951 3605 4016 
8180 3719 3802 3607 4025 
8181 1287 3786 1333 3918 
8182 3602 3671 3840 4042 
8183 1551 1548 3785 4030 
8184 1525 3770 1638 3878 
8185 1150 1197 1052 3786 
8186 1105 980 1025 4035 
8187 1044 3739 1201 3947 
8188 1061 1026 1054 3893 
8189 998 997 983 3717 
8190 3625 3932 3722 3999 
8191 1039 3728 1043 4024 
8192 1206 39 899 1247 
8193 1521 3768 1229 3810 
8194 1555 1573 1568 3998 
8195 899 1236 1206 3808 
8196 1579 1570 1581 3891 
8197 3571 3882 3748 3942 
8198 1580 1765 1793 3933 
8199 992 1124 1065 3871 
8200 3589 3745 3734 3885 
8201 1266 3654 1215 3950 
8202 1307 1281 1186 3908 
8203 904 916 915 3748 
8204 948 952 3696 4051 
8205 990 1067 991 3758 
8206 1595 1675 1672 3886 
8207 3598 3957 3773 4027 
8208 3608 3813 3880 3985 
8209 1356 1517 218 1673 
8210 1296 3668 1331 4034 
8211 1284 1331 3668 4034 
8212 1572 1582 1736 3823 
8213 1465 1467 1434 3680 
8214 3772 3879 1659 4057 
8215 1313 3790 1312 3918 
8216 1649 3805 1652 3929 
8217 898 3735 1140 4048 
8218 1516 1255 174 1682 
8219 1460 3735 1429 4048 
8220 1647 1648 1646 3933 
8221 3724 3742 3597 4059 
8222 3600 3742 3724 4059 
8223 1546 1553 1663 3822 
8224 1329 1301 1289 3868 
8225 1379 1415 1374 3973 
8226 3724 3742 3600 4004 
8227 1302 1329 1337 3868 
8228 1320 1769 1286 3763 
8229 1260 1205 1248 3733 
8230 1798 1212 1245 3962 
8231 1687 3905 1686 4041 
8232 1118 944 3940 4058 
8233 1002 3779 1003 3943 
8234 3575 3993 3834 4050 
8235 1655 3888 3772 4057 
8236 3568 3949 3680 3986 
8237 1173 1061 3788 3893 
8238 1540 1542 1541 3783 
8239 1437 1479 1444 3882 
8240 1594 1708 1592 4015 
8241 995 3895 1142 3900 
8242 1561 1564 1712 3907 
8243 962 3736 968 4040 
8244 974 961 964 3716 
8245 3599 3763 3737 3953 
8246 995 918 1140 3895 
8247 1130 3724 1001 4004 
8248 1453 1182 895 3794 
8249 1134 1136 1056 3911 
8250 1432 1453 895 3794 
8251 1013 1133 3705 4020 
8252 3680 3949 1467 3987 
8253 1222 1265 1219 3845 
8254 3601 3959 3807 4032 
8255 3716 3977 3693 4002 
8256 1078 1077 3774 3848 
8257 976 967 986 3935 
8258 1153 1028 3832 3910 
8259 1664 3846 1665 3967 
8260 3576 3666 3960 3965 
8261 1694 1693 1622 3857 
8262 1649 3720 3805 3929 
8263 115 1386 1165 1176 
8264 1072 1081 911 3771 
8265 3580 3899 3644 4032 
8266 3662 3940 3670 4028 
8267 1611 3652 1612 3954 
8268 1638 3770 1763 3811 
8269 3647 3586 3886 3927 
8270 1147 1145 3749 3916 
8271 1678 1679 1680 3996 
8272 3591 3952 3669 4014 
8273 981 3884 3669 4014 
8274 1019 1114 973 3889 
8275 1125 983 969 3827 
8276 1113 928 926 3764 
8277 1678 1680 1515 3654 
8278 1530 3853 1528 3951 
8279 1664 1589 1636 3796 
8280 1026 1024 979 3754 
8281 1730 1554 1663 3822 
8282 1572 3823 1569 3877 
8283 1173 1026 1061 3893 
8284 1288 3687 1339 4034 
8285 3857 3915 3753 3989 
8286 1582 1664 1665 3967 
8287 1441 1153 1439 3910 
8288 3598 3654 3957 4008 
8289 182 1352 1278 1326 
8290 1353 1251 158 1204 
8291 1715 1635 1590 3885 
8292 1472 1277 202 1426 
8293 3596 3912 3743 3964 
8294 1452 1763 3770 3811 
8295 1427 178 1249 1203 
8296 1229 175 1682 1521 
8297 1214 3845 3768 4001 
8298 1666 1736 1582 3967 
8299 1288 1327 1339 3687 
8300 1260 3733 1248 3866 
8301 938 1095 3898 4023 
8302 3728 3793 1039 3947 
8303 1476 1490 1438 3699 
8304 1594 1592 3751 4015 
8305 3647 3886 3826 3927 
8306 34 1209 894 3938 
8307 1531 1529 3780 3951 
8308 1159 1322 3812 3961 
8309 1272 3920 3789 3946 
8310 3781 3892 3740 3995 
8311 3642 3964 3596 3971 
8312 1252 1276 1425 3799 
8313 1145 1092 890 3749 
8314 1385 3788 1360 3972 
8315 926 1113 3764 3984 
8316 1359 1406 1371 3648 
8317 1132 3817 3769 4020 
8318 906 41 1121 1207 
8319 1559 3847 3674 3959 
8320 921 970 1119 4014 
8321 1103 3685 971 4052 
8322 975 980 1015 3787 
8323 1508 1486 232 1747 
8324 1236 1121 41 1207 
8325 1358 3711 1392 3974 
8326 1352 1323 183 1278 
8327 159 1353 1204 1401 
8328 1475 179 1427 1203 
8329 3572 3678 3792 3952 
8330 1426 1277 203 1325 
8331 1193 910 1047 4019 
8332 3735 3895 3622 4033 
8333 1666 1667 3874 3967 
8334 961 3716 974 3963 
8335 1208 905 1085 3773 
8336 3583 3743 3717 3964 
8337 1538 1723 1536 3807 
8338 1395 1354 1388 3778 
8339 1801 1661 1760 3988 
8340 997 983 3717 3912 
8341 1607 1696 3688 3971 
8342 3583 3642 3867 3964 
8343 1001 1130 999 3724 
8344 3681 3809 3565 3847 
8345 905 1162 3773 4027 
8346 3755 3996 1681 4043 
8347 1376 3973 3731 4046 
8348 1614 1733 1612 3776 
8349 3712 3926 3903 4060 
8350 3599 3756 3728 4024 
8351 3582 3776 3970 4006 
8352 1252 1425 1401 3799 
8353 1615 1768 1685 3744 
8354 3769 3602 3936 4020 
8355 1106 966 1136 3911 
8356 1142 1141 3813 3895 
8357 1504 1213 1264 3767 
8358 1578 1589 1664 3796 
8359 1214 1682 1255 4001 
8360 3718 3777 3566 3894 
8361 3791 3888 3603 3929 
8362 1564 3859 1575 3907 
8363 1159 1190 1322 3961 
8364 1599 1597 1627 3819 
8365 919 1119 981 4014 
8366 956 969 960 3827 
8367 3661 3603 3947 3990 
8368 3677 3921 3613 3950 
8369 1651 1808 1648 3929 
8370 1693 3857 1694 3915 
8371 1007 1004 1008 3913 
8372 1065 985 1062 3707 
8373 3606 3772 3937 4057 
8374 1164 908 1178 3777 
8375 1042 3728 1039 3947 
8376 1351 1399 1422 3801 
8377 1477 1452 3770 3811 
8378 1156 1015 1202 3787 
8379 1763 1524 235 1452 
8380 1253 1229 3768 3810 
8381 1561 1562 1558 3838 
8382 1742 3753 3989 4054 
8383 3728 3570 3816 4007 
8384 1537 1539 1538 3807 
8385 1164 1071 1169 3777 
8386 3751 3881 3632 4015 
8387 3887 3931 3586 4052 
8388 1100 1247 38 3866 
8389 950 3836 942 3923 
8390 1337 1506 1283 3988 
8391 1371 1406 1370 3869 
8392 3577 3895 3735 4033 
8393 3573 3694 3831 3992 
8394 3716 3963 3606 4047 
8395 1347 3763 1286 3844 
8396 898 1094 1141 3735 
8397 1365 1376 1415 3755 
8398 1731 1684 1739 3715 
8399 901 1167 1172 3782 
8400 1684 1683 1685 3905 
8401 1701 1500 229 1434 
8402 1235 1244 1242 3938 
8403 1505 1756 1758 3712 
8404 3605 3669 3798 3942 
8405 3733 3596 3866 3920 
8406 1411 1360 1385 3788 
8407 3594 3672 3898 4023 
8408 3580 3807 3899 4032 
8409 1075 1005 1077 3742 
8410 3593 3927 3826 3966 
8411 1691 1686 3905 4041 
8412 3781 3955 3588 3995 
8413 1313 1312 1333 3918 
8414 1574 1578 1572 3747 
8415 1442 3748 1441 3910 
8416 1810 1425 1276 3799 
8417 3735 3813 1141 3895 
8418 1614 3776 1612 3970 
8419 1400 1251 158 1353 
8420 1355 1383 1384 3658 
8421 1733 1730 1663 3960 
8422 1461 1429 1460 3735 
8423 1277 1472 202 1324 
8424 3684 3826 3927 3966 
8425 1301 1299 1341 3841 
8426 1474 178 1249 1427 
8427 1783 1784 1697 3968 
8428 1213 1263 3767 3825 
8429 3570 3737 3790 3918 
8430 1072 911 43 1218 
8431 3574 3664 3925 3966 
8432 1368 1356 218 1673 
8433 1549 1550 3781 3998 
8434 1700 3789 1791 3946 
8435 921 1119 919 3792 
8436 1105 3759 1157 3922 
8437 1323 1399 1351 3801 
8438 1598 3831 1596 3897 
8439 1144 1013 1143 4011 
8440 1444 1483 1443 3978 
8441 1547 1551 1732 4030 
8442 3690 3590 3889 3979 
8443 1231 1225 3773 3980 
8444 1230 1231 3773 4003 
8445 1588 1569 1736 3823 
8446 3654 1226 3825 3957 
8447 1130 1086 999 3896 
8448 1143 3813 1093 4011 
8449 3571 3697 3882 3942 
8450 3632 3881 3751 4018 
8451 1758 1799 3712 3903 
8452 3674 3791 3603 3929 
8453 1314 3918 3737 3953 
8454 1119 919 3792 4014 
8455 1375 3973 1376 4046 
8456 3671 3873 3840 4042 
8457 3722 3932 3856 3956 
8458 1237 1238 1206 3808 
8459 1137 1140 916 4048 
8460 1302 1301 3868 4049 
8461 1013 3705 3817 4020 
8462 1142 3895 3813 3900 
8463 1487 1494 1463 3667 
8464 1323 1352 183 1399 
8465 1192 963 1201 3739 
8466 3703 3824 1621 3989 
8467 1362 1389 1410 3650 
8468 3594 3994 3672 4023 
8469 1003 3943 3779 4004 
8470 1322 1285 1334 3961 
8471 182 1352 1326 1398 
8472 3682 3984 924 4022 
8473 1541 3783 3818 3899 
8474 3591 3849 3681 3932 
8475 1364 1404 1371 3765 
8476 3701 3886 3586 4015 
8477 3740 3837 3581 3892 
8478 1577 3653 3907 4055 
8479 955 953 954 3795 
8480 3572 3873 3671 4042 
8481 1216 1222 1218 3771 
8482 215 1397 1776 1355 
8483 1341 3841 1328 4017 
8484 914 904 915 3748 
8485 1225 1230 1231 3773 
8486 1157 1104 3922 4038 
8487 909 1186 1281 3908 
8488 3602 3936 3657 4042 
8489 3856 3932 3678 3956 
8490 1584 1660 1766 3879 
8491 1641 1591 1640 3714 
8492 1753 1752 1743 3726 
8493 1055 1061 1054 3893 
8494 1282 1300 3803 3922 
8495 3753 3969 3614 4054 
8496 3684 3886 3586 3927 
8497 1374 1373 1379 3777 
8498 3585 3855 3649 3958 
8499 1063 1381 123 912 
8500 893 1197 1335 1287 
8501 1784 1785 1517 3968 
8502 1502 1791 1708 3946 
8503 3567 3732 3865 3919 
8504 3594 3689 3883 4012 
8505 3598 4008 3850 4031 
8506 1770 1509 1739 3729 
8507 1401 1204 159 1252 
8508 1391 1393 1378 3782 
8509 1746 3732 1748 4013 
8510 3821 3639 4008 4031 
8511 1322 1190 1285 3961 
8512 3712 3595 3903 3926 
8513 3796 3885 3706 4061 
8514 1673 219 1368 1522 
8515 179 1475 1250 1203 
8516 3577 3657 3895 4033 
8517 1325 203 1426 1473 
8518 3707 3887 3586 4052 
8519 1598 1719 1596 3831 
8520 1591 1527 3878 4016 
8521 894 3938 1209 4003 
8522 1514 1747 233 1479 
8523 3608 3880 3813 4011 
8524 1404 121 1087 907 
8525 3652 3600 3814 4006 
8526 3576 3806 3757 4025 
8527 3637 3783 3981 4028 
8528 3840 3873 3708 4042 
8529 1620 3857 3703 3989 
8530 1464 1484 3880 3987 
8531 3575 3859 3993 4050 
8532 1673 1785 1809 3745 
8533 1629 1749 1789 3865 
8534 1494 3985 3667 3987 
8535 65 1101 1319 1290 
8536 1583 3870 1586 4055 
8537 3574 3891 3719 4056 
8538 37 1205 1090 1248 
8539 1358 1407 1392 3711 
8540 1243 1235 1242 3700 
8541 1723 3818 1728 3915 
8542 1239 1261 1258 3729 
8543 1167 1112 1172 4021 
8544 1620 3703 1621 3989 
8545 1439 3832 1489 3910 
8546 1589 1590 1634 3885 
8547 3596 3881 3789 3920 
8548 3574 3925 3665 3966 
8549 3572 3678 3809 3862 
8550 1632 3701 1639 3962 
8551 1667 1669 1748 3919 
8552 3616 3898 3738 4012 
8553 1570 1566 1557 3861 
8554 1259 1245 1212 3962 
8555 3570 3728 3816 3937 
8556 1724 1749 1629 3865 
8557 39 1100 899 1247 
8558 1340 1290 1303 3691 
8559 38 1248 1090 3866 
8560 1754 1753 1623 3863 
8561 1463 1462 1486 3725 
8562 1322 1309 1280 3812 
8563 1242 1244 35 1188 
8564 1771 1715 1625 3868 
8565 1619 1621 1620 3703 
8566 1014 1145 1089 3833 
8567 3694 3573 3831 3897 
8568 3577 3726 3944 3983 
8569 3643 3993 3859 4050 
8570 1729 1531 1529 3780 
8571 1443 1430 1442 3748 
8572 1799 3712 3903 4060 
8573 1710 1700 1211 3789 
8574 3652 3820 3814 4059 
8575 1015 1156 975 3787 
8576 3718 3566 3777 3973 
8577 1208 3773 1225 3957 
8578 1714 1767 3734 4017 
8579 1364 1381 123 1063 
8580 1087 120 1411 900 
8581 3713 3919 1670 3975 
8582 1082 1187 1446 3830 
8583 1753 1623 3863 4054 
8584 949 925 3948 4022 
8585 1084 1131 3769 3984 
8586 1383 1384 3658 3972 
8587 3667 3985 3608 3987 
8588 1687 1685 1686 3905 
8589 3690 3935 3573 3979 
8590 1718 1627 1781 3819 
8591 1138 1059 1057 3762 
8592 1069 3777 1178 3894 
8593 1075 1076 1073 3848 
8594 3693 3879 3772 4057 
8595 1408 1361 1397 3713 
8596 1729 1642 1765 3849 
8597 1494 1463 3667 3985 
8598 3685 3927 3871 3966 
8599 1227 1268 1217 3921 
8600 1387 1388 1354 3997 
8601 987 988 3852 3935 
8602 3691 4036 3803 4049 
8603 3722 3812 3599 4024 
8604 3838 3854 3665 3939 
8605 3614 3824 3703 3989 
8606 988 989 987 3852 
8607 1562 1719 1734 3854 
8608 1120 1008 1123 3730 
8609 1585 1578 1574 3747 
8610 1483 1460 1443 3978 
8611 1403 1419 1381 3828 
8612 1485 3916 3749 3949 
8613 3598 3957 3677 4008 
8614 1572 1569 1571 3877 
8615 1307 1281 73 1186 
8616 1387 3876 1388 3997 
8617 1530 1605 1528 3853 
8618 961 3901 3716 3963 
8619 1391 3782 1378 3974 
8620 1368 1366 1372 3745 
8621 1765 3849 1646 3933 
8622 1153 1441 155 914 
8623 1436 3766 1481 4060 
8624 1280 1307 72 1186 
8625 1549 3998 3781 4044 
8626 1759 1653 1649 3805 
8627 1648 3720 1649 3929 
8628 1377 3731 1413 3872 
8629 1221 1265 1214 3845 
8630 3664 3925 3665 3939 
8631 3593 3871 3927 3966 
8632 1152 896 1191 3691 
8633 1462 1433 1486 3978 
8634 958 3901 961 3963 
8635 3658 3928 1383 3972 
8636 1632 3886 3701 4015 
8637 1735 1608 1720 3867 
8638 1275 1250 1497 3810 
8639 3764 3984 3682 4022 
8640 3710 3888 3791 3998 
8641 1764 3801 1767 4017 
8642 1538 3818 3807 3899 
8643 1746 3874 3732 4013 
8644 3664 3578 3925 3939 
8645 3734 3626 3841 4017 
8646 890 1147 1145 3749 
8647 1498 1473 1350 3811 
8648 3602 3900 3657 3936 
8649 1544 1541 1542 3783 
8650 1512 1792 1689 3766 
8651 1143 1133 1142 3900 
8652 3888 3937 3772 4057 
8653 1541 3818 1538 3899 
8654 3584 3673 3839 3893 
8655 1591 3780 1529 4016 
8656 1211 1258 1710 3789 
8657 1147 1089 1145 3916 
8658 145 1453 1182 895 
8659 1753 3726 1743 4054 
8660 1011 1144 1014 3797 
8661 1568 1573 1658 4057 
8662 1437 1488 3770 3882 
8663 3572 3708 3873 4042 
8664 1475 1497 1250 3810 
8665 907 1063 1175 3765 
8666 3706 3584 3796 4061 
8667 3594 3738 3898 4012 
8668 3672 3836 3578 3923 
8669 1792 1689 3766 4060 
8670 1129 1074 1121 3808 
8671 1800 1650 1769 3763 
8672 1693 1730 1620 3857 
8673 1529 1591 1729 3780 
8674 3710 3888 1573 4057 
8675 190 1760 1316 3988 
8676 3759 3765 3589 4035 
8677 920 921 919 3792 
8678 1232 1209 3938 4003 
8679 3693 3977 3606 4057 
8680 3665 3861 1557 4029 
8681 1566 1732 1551 3861 
8682 1106 1136 1134 3911 
8683 3783 3818 3580 4028 
8684 1577 1583 1586 4055 
8685 1325 1350 1473 3811 
8686 1670 1790 1776 3975 
8687 1467 3680 1466 3949 
8688 1358 1412 3872 3974 
8689 1500 228 1465 1757 
8690 1526 1525 1527 3878 
8691 1028 1047 910 3800 
8692 1024 980 979 3754 
8693 1755 3824 1624 3976 
8694 3606 3977 3772 4057 
8695 1753 1702 1703 3863 
8696 3575 3859 3663 3993 
8697 3681 3565 3932 3933 
8698 1453 145 1432 895 
8699 3757 3806 3576 3890 
8700 3719 3891 3642 4056 
8701 1024 980 3754 4035 
8702 3614 3969 3753 3989 
8703 1022 1184 3887 3938 
8704 1568 1658 3877 4057 
8705 1234 3962 3701 4045 
8706 1565 1575 1564 3859 
8707 1591 1527 1640 3878 
8708 1370 1356 3869 3968 
8709 1311 1807 192 1279 
8710 1050 3709 1049 4047 
8711 1750 1528 1605 3853 
8712 1470 146 1146 1432 
8713 3767 3598 3825 3980 
8714 1090 892 1181 3733 
8715 1342 1321 1334 3953 
8716 1111 3657 3900 3936 
8717 3665 3578 3925 4029 
8718 1500 1465 229 1434 
8719 1003 1002 1004 3779 
8720 1389 3650 3851 3876 
8721 1184 3938 894 4003 
8722 3693 3772 3879 3977 
8723 921 1119 3792 4014 
8724 3579 3769 3817 3969 
8725 3636 3879 3772 3977 
8726 1306 1346 1327 3811 
8727 966 955 965 3834 
8728 1459 1443 1460 4048 
8729 3575 3859 3760 3907 
8730 1753 3863 3726 4054 
8731 3681 3847 3565 3933 
8732 1477 1492 1452 3811 
8733 3711 3974 3872 4037 
8734 3677 3566 3894 4008 
8735 190 1316 1283 3988 
8736 34 1029 1244 3938 
8737 1255 1214 174 1682 
8738 1253 1271 1229 3810 
8739 3789 3920 3881 3946 
8740 1142 995 1141 3895 
8741 3591 3669 3884 4014 
8742 3610 3922 3803 4049 
8743 3680 3863 3824 3986 
8744 191 1807 1311 1316 
8745 1101 65 896 1290 
8746 1157 3828 1154 4038 
8747 1469 3880 3735 3985 
8748 1493 1476 1451 3810 
8749 3917 3940 3616 4028 
8750 3587 3977 3716 4002 
8751 1337 1283 1338 3988 
8752 893 3756 1163 4007 
8753 3700 3938 3887 4045 
8754 1682 1214 175 1229 
8755 1330 1803 1288 4034 
8756 931 932 930 3917 
8757 3613 3654 3950 3996 
8758 1082 1446 1440 3830 
8759 3608 3813 3705 4011 
8760 1587 1717 1707 3740 
8761 1452 1524 235 1437 
8762 1550 3781 1543 4044 
8763 1127 1115 3836 4023 
8764 1111 995 1142 3900 
8765 1276 1228 1810 3799 
8766 1550 1549 3781 4044 
8767 3621 3860 3704 3955 
8768 1181 892 1098 3733 
8769 3608 3705 3986 4011 
8770 1162 1066 1085 3773 
8771 3705 3813 3608 3983 
8772 3797 3986 3705 4011 
8773 1575 3907 3859 4055 
8774 3582 3723 3864 4006 
8775 1607 1626 1696 3971 
8776 982 3931 984 4052 
8777 3867 3964 3642 3971 
8778 3761 3860 3621 3995 
8779 3677 3598 4008 4027 
8780 1149 1039 1043 4024 
8781 1503 1773 1759 3737 
8782 1282 1299 1300 3922 
8783 1695 1213 3767 3825 
8784 1580 1793 1674 3847 
8785 1666 1667 1746 3874 
8786 1534 1532 1533 3873 
8787 1107 1128 977 3875 
8788 1736 1666 1744 3874 
8789 899 1121 40 1236 
8790 1535 1534 1533 3708 
8791 923 1064 970 3862 
8792 1358 1392 1412 3974 
8793 117 1177 891 1395 
8794 1240 1239 1258 3729 
8795 3681 3932 3849 3933 
8796 1110 1116 1000 3835 
8797 1668 1670 3919 3975 
8798 926 924 3984 4022 
8799 1449 1436 1480 3766 
8800 943 936 1053 3890 
8801 1486 231 1704 1508 
8802 1504 1676 3767 4026 
8803 1414 1364 1371 3765 
8804 1740 1696 1739 3914 
8805 978 1128 1135 3875 
8806 1107 994 1135 3875 
8807 1429 3735 898 4048 
8808 1013 3817 1132 4020 
8809 1205 1260 1243 3733 
8810 1084 1113 1131 3984 
8811 1128 946 940 3761 
8812 1684 3715 1731 4001 
8813 1211 1272 3789 3946 
8814 1430 1441 1442 3748 
8815 1385 1406 1359 3788 
8816 1678 1601 3821 4031 
8817 1485 1458 3916 3949 
8818 1274 1400 1423 3815 
8819 1528 1529 3951 4016 
8820 1807 191 1760 1316 
8821 984 3887 1022 4052 
8822 3723 3814 3600 4006 
8823 1505 1758 1799 3712 
8824 991 3758 1067 4027 
8825 3580 3660 3899 4012 
8826 1051 1046 1049 3709 
8827 3773 3804 3598 4027 
8828 3677 3957 3654 4008 
8829 974 3963 3716 4047 
8830 3578 3923 3664 3925 
8831 1126 1056 972 3855 
8832 1274 1251 1400 3815 
8833 1710 1770 1626 3789 
8834 1682 1214 3768 4001 
8835 913 3815 1071 3921 
8836 1373 1169 110 1367 
8837 3567 3904 3695 3924 
8838 1329 1302 1301 3868 
8839 1218 911 43 1216 
8840 1043 1039 1042 3728 
8841 1330 1519 1803 4034 
8842 1751 1508 1750 3725 
8843 907 1404 122 1063 
8844 932 1096 930 3738 
8845 1794 1639 1632 3701 
8846 3570 3918 3786 4007 
8847 3677 3950 3654 3957 
8848 1064 1183 970 3956 
8849 1659 1656 1661 3772 
8850 1100 38 1090 3866 
8851 3570 3756 3918 4007 
8852 1121 1236 899 3808 
8853 1715 1714 1767 3734 
8854 1380 1402 1420 3799 
8855 1254 1228 1270 3799 
8856 3637 3818 3783 4028 
8857 1485 1471 3749 3916 
8858 1682 3768 1683 4001 
8859 1164 1169 110 1373 
8860 227 1435 1757 1756 
8861 1177 118 1166 1395 
8862 894 1029 34 3938 
8863 1006 1020 1021 3909 
8864 1720 1608 1610 3867 
8865 1230 1208 32 1085 
8866 3705 3983 3608 3986 
8867 1571 3877 1658 4057 
8868 37 1205 892 1090 
8869 1188 1244 35 1029 
8870 3725 3853 3577 4033 
8871 1683 3768 1691 3905 
8872 3784 3819 3604 4037 
8873 1013 1012 1132 3817 
8874 3675 3885 3796 4061 
8875 1370 1356 1369 3869 
8876 1522 219 1368 1366 
8877 3921 3950 3677 3957 
8878 891 1354 117 1395 
8879 945 1192 939 3860 
8880 1708 1606 1592 3881 
8881 3664 3593 3939 3966 
8882 1054 979 968 3839 
8883 1532 1534 1567 3840 
8884 1407 1786 211 1775 
8885 1684 1731 1516 4001 
8886 1791 1700 1626 3789 
8887 3758 3894 3566 4008 
8888 1625 1585 1766 3842 
8889 1799 1505 3712 4060 
8890 1668 1669 1667 3919 
8891 31 1185 905 1223 
8892 1484 1467 1485 3949 
8893 928 927 926 3764 
8894 3691 3902 3803 4036 
8895 1682 1691 1683 3768 
8896 3654 4008 3598 4031 
8897 1315 1287 1333 3918 
8898 1410 1389 1387 3876 
8899 909 73 1281 1186 
8900 1050 1051 1049 3709 
8901 1668 1670 1669 3919 
8902 3722 3565 3956 3999 
8903 3613 3950 3799 3996 
8904 1153 3832 1439 3910 
8905 989 988 990 3852 
8906 3783 3883 3689 4012 
8907 1734 1602 1675 3826 
8908 1326 1349 1424 3828 
8909 893 1163 1052 4007 
8910 1105 1157 1104 3922 
8911 931 928 1113 3917 
8912 1066 1085 3773 4003 
8913 1028 1030 3800 3906 
8914 1679 1681 3996 4043 
8915 3664 3939 3665 3966 
8916 1679 1601 1718 3821 
8917 1624 1619 1698 3976 
8918 1337 1338 1302 3702 
8919 230 1487 1704 1701 
8920 1221 3715 3845 4001 
8921 1794 3701 1632 4026 
8922 1793 1648 1808 3847 
8923 1262 1798 1639 3962 
8924 1531 3873 1532 3951 
8925 1210 1257 3715 3991 
8926 1387 3934 3876 3997 
8927 1071 1178 1069 3777 
8928 1645 1507 1769 3941 
8929 1197 1150 67 1332 
8930 1020 1007 1088 3721 
8931 3593 3665 3854 3939 
8932 1580 1533 1531 3873 
8933 1466 1467 1465 3680 
8934 1173 900 1087 3788 
8935 1525 1524 1638 3770 
8936 903 1282 3803 3922 
8937 1130 1001 1005 4004 
8938 1758 1699 1698 3976 
8939 1674 3847 1559 3959 
8940 1630 1616 1631 3903 
8941 1133 3900 3705 4020 
8942 3630 3832 3800 3910 
8943 899 1160 1129 3808 
8944 1530 1531 1532 3951 
8945 1436 1449 1481 3766 
8946 1260 3733 3866 3920 
8947 1273 1496 1474 3829 
8948 3758 4008 3598 4027 
8949 210 1511 1786 1407 
8950 1324 1495 1348 3832 
8951 1704 1487 231 1486 
8952 1649 1653 1652 3805 
8953 1082 1440 3829 3830 
8954 1082 911 1081 3829 
8955 3731 3566 3973 4043 
8956 3688 3596 3964 3971 
8957 1606 3881 1626 3971 
8958 3693 3772 3977 4057 
8959 3573 3852 3750 3935 
8960 1398 1326 1424 3828 
8961 1439 1441 155 1153 
8962 1249 1273 1474 3829 
8963 915 916 917 3906 
8964 1090 1181 1016 3866 
8965 3591 3932 3681 3952 
8966 1324 1472 1495 3832 
8967 1253 1229 1214 3768 
8968 1351 1422 1806 3801 
8969 1645 1769 1650 3763 
8970 1446 1187 143 1431 
8971 1504 1676 1695 3767 
8972 3581 3740 3892 3995 
8973 1281 909 3908 4019 
8974 1671 1664 1636 3846 
8975 3565 3752 3793 3990 
8976 1452 1437 1477 3770 
8977 3660 3594 3883 4012 
8978 959 1126 962 3901 
8979 1179 891 1168 3997 
8980 3841 3922 1299 4038 
8981 3707 3871 3685 3927 
8982 3665 3925 3664 3966 
8983 1143 1142 1093 3813 
8984 1255 1210 1221 3715 
8985 3677 3894 3758 4008 
8986 1369 3869 3745 4039 
8987 1208 31 905 1223 
8988 1688 1690 1512 4041 
8989 3700 3931 3733 4018 
8990 901 1172 1099 3782 
8991 1807 1662 1503 3790 
8992 1221 3845 1214 4001 
8993 1032 3884 981 4014 
8994 1714 1715 1513 3868 
8995 3565 3793 3752 3956 
8996 1263 1231 1233 3980 
8997 1781 1782 1709 3872 
8998 3619 3831 3854 3992 
8999 1187 902 143 1431 
9000 1469 3735 1461 3985 
9001 1227 1270 1268 3950 
9002 1483 1444 1433 3978 
9003 966 1106 955 3834 
9004 206 1380 1774 1365 
9005 1072 1073 1081 3771 
9006 1521 1692 1691 3810 
9007 3565 3932 3722 3956 
9008 1534 1741 1567 3840 
9009 3580 3899 3783 4012 
9010 3589 3869 3765 4039 
9011 3571 3906 3669 3942 
9012 206 1380 1779 1774 
9013 1375 3718 3973 4046 
9014 1463 1461 1462 3985 
9015 1682 1521 1691 3768 
9016 1761 1537 1559 3959 
9017 926 3764 927 4022 
9018 943 1053 1116 3806 
9019 925 949 1064 3752 
9020 3576 3960 3822 3965 
9021 1780 1615 1687 3814 
9022 1482 1456 1478 3712 
9023 3701 3886 1632 4026 
9024 1059 1057 3762 4053 
9025 3589 3745 3869 4039 
9026 3700 1235 3938 4045 
9027 938 1115 1095 4023 
9028 3627 3822 3960 3965 
9029 957 3936 3900 4020 
9030 3703 3989 3857 4010 
9031 1740 1609 3820 3954 
9032 1577 3907 1575 4055 
9033 3768 3905 1683 4001 
9034 3756 3961 1149 4024 
9035 1301 1300 1299 4049 
9036 1067 1066 1162 4027 
9037 1655 3772 1659 4057 
9038 3722 3932 3565 3999 
9039 950 1127 1115 3836 
9040 1644 3849 1643 3941 
9041 3735 3880 3813 3985 
9042 1118 3940 3670 4058 
9043 970 1155 1119 4014 
9044 910 1153 1028 3832 
9045 1155 3856 1032 4014 
9046 1385 1383 3928 3972 
9047 1801 1660 1661 3879 
9048 1767 1764 1522 3801 
9049 1679 3821 1718 4043 
9050 1800 1503 1759 3737 
9051 957 3900 1133 4020 
9052 938 1095 935 3898 
9053 1456 3712 1482 4060 
9054 1198 1064 3752 3956 
9055 3665 3925 3578 3939 
9056 1810 1779 1425 3799 
9057 1347 1286 1310 3844 
9058 1149 3756 893 3961 
9059 1577 1564 1575 3907 
9060 1717 1745 1604 3837 
9061 1455 1456 1454 3926 
9062 3793 3956 3565 3999 
9063 1691 1690 1686 4041 
9064 3752 3948 3601 4022 
9065 1153 914 1028 3910 
9066 1084 1131 1132 3769 
9067 3704 3948 3764 4032 
9068 1632 3962 1637 4015 
9069 1064 923 925 3862 
9070 1599 1627 1718 3819 
9071 3591 3856 3678 4014 
9072 1189 3794 1079 3909 
9073 3755 3973 3566 4043 
9074 1117 1103 1124 3871 
9075 1341 1304 1328 3841 
9076 1646 1765 1644 3849 
9077 1648 3847 1793 3933 
9078 1119 1032 981 4014 
9079 3664 3696 3939 4051 
9080 3872 3974 3604 4037 
9081 982 984 971 4052 
9082 3591 3678 3932 3952 
9083 1638 1763 1520 3811 
9084 1103 971 985 4052 
9085 1657 1803 1519 4034 
9086 1728 1693 1694 3915 
9087 1537 3807 1536 3959 
9088 1553 1547 1732 3802 
9089 1193 1293 75 910 
9090 3717 3827 3620 4056 
9091 1263 1233 3767 3980 
9092 1512 1689 1688 3766 
9093 1469 1429 1461 3735 
9094 3587 3702 3842 4036 
9095 3565 3678 3932 3956 
9096 1518 207 1774 1365 
9097 1405 1413 1377 3731 
9098 3600 3864 3723 4006 
9099 3681 3932 3678 3952 
9100 3695 3876 3650 3934 
9101 1262 1212 1798 3962 
9102 1161 903 3803 3922 
9103 1200 1274 1423 3815 
9104 1799 3903 1689 4060 
9105 3786 3918 3756 4007 
9106 3702 3868 3610 4049 
9107 1039 3793 3728 4024 
9108 228 1435 1465 1757 
9109 1432 146 1146 895 
9110 1679 1788 1681 4043 
9111 1448 1454 1481 3926 
9112 1417 1419 1372 4039 
9113 1168 3778 1060 4053 
9114 230 1487 1701 1434 
9115 3727 3889 3590 3979 
9116 1038 1198 3793 3956 
9117 897 1280 72 1186 
9118 1781 1518 1788 4043 
9119 1408 1384 1421 3972 
9120 3602 3705 3900 4020 
9121 985 1022 1062 3887 
9122 1217 1274 1200 3815 
9123 3568 3824 3976 4005 
9124 1538 1541 1723 3818 
9125 1311 1312 1313 3790 
9126 3591 3678 3952 4014 
9127 1740 1615 1611 3820 
9128 3692 3874 3585 3958 
9129 908 1164 111 1357 
9130 3783 3899 3660 4012 
9131 1039 3793 1041 3947 
9132 1453 1182 3794 4000 
9133 1638 1524 1763 3770 
9134 1506 1760 190 3988 
9135 905 1068 1162 4027 
9136 1036 1183 1038 3956 
9137 1028 915 1030 3906 
9138 1439 1489 1445 3910 
9139 958 1048 963 3963 
9140 1678 1677 1601 4031 
9141 3577 3813 3735 3895 
9142 1016 1181 996 3912 
9143 1485 1428 1484 3749 
9144 1761 1549 1539 4044 
9145 1694 1723 1728 3915 
9146 1111 3900 957 3936 
9147 1320 1800 194 1769 
9148 3756 3918 1315 3953 
9149 1558 1560 3838 4029 
9150 1175 3765 1199 4035 
9151 3613 3799 3755 3996 
9152 1152 1161 1101 3803 
9153 3783 3580 3818 3899 
9154 1679 3996 3821 4043 
9155 3849 3932 3625 3933 
9156 927 3948 925 4022 
9157 1117 3871 1124 4051 
9158 1092 1145 1144 4011 
9159 3591 3678 3856 3932 
9160 1209 1232 1231 4003 
9161 1808 1559 1674 3847 
9162 3599 3961 3756 4024 
9163 1083 944 1118 4058 
9164 1754 1624 1755 3824 
9165 1084 1118 1113 4058 
9166 1397 1787 214 1776 
9167 3722 3956 3793 3999 
9168 1082 1187 142 1446 
9169 917 981 1030 3906 
9170 3665 3939 3593 3966 
9171 1613 1611 1615 3814 
9172 1742 3989 1623 4054 
9173 1110 943 1116 3806 
9174 1620 1622 3857 3989 
9175 1133 957 1111 3900 
9176 1530 1528 1529 3951 
9177 942 950 1115 3836 
9178 3670 3940 3662 4058 
9179 1477 1437 1488 3770 
9180 1253 1214 1265 3768 
9181 953 951 954 3795 
9182 912 1154 1157 3828 
9183 1787 1361 1501 3851 
9184 1067 3804 1066 4027 
9185 1486 1433 232 1747 
9186 1613 3814 1780 3970 
9187 66 1150 896 1332 
9188 1208 905 32 1085 
9189 1412 3974 1378 4046 
9190 3705 3602 3969 4020 
9191 3709 3977 3606 4047 
9192 940 939 933 3860 
9193 1464 1484 1468 3880 
9194 173 1255 1516 1731 
9195 958 959 961 3901 
9196 1003 1004 1006 3779 
9197 1159 70 1322 1190 
9198 1378 1393 1394 3782 
9199 3609 3839 3736 4040 
9200 1000 1116 1002 3943 
9201 1412 1377 3872 4046 
9202 1404 1364 122 1063 
9203 1597 1598 1596 3897 
9204 1648 1647 1649 3720 
9205 3575 3834 3795 4050 
9206 3582 3864 3779 4006 
9207 1549 1555 1550 3998 
9208 1385 1383 1406 3928 
9209 1518 1405 207 1365 
9210 3820 3914 3744 4059 
9211 1302 3702 1338 4049 
9212 1428 1485 1471 3749 
9213 1172 1017 1171 4021 
9214 3812 3961 3599 4024 
9215 1213 1263 1233 3767 
9216 3670 3917 3580 4028 
9217 3619 3838 3930 3939 
9218 1290 66 896 1332 
9219 3578 3930 3838 3939 
9220 3759 3610 3841 3922 
9221 1080 1082 1081 3830 
9222 3587 3693 3879 3977 
9223 3571 3748 3906 3942 
9224 905 1185 1070 3921 
9225 1742 1622 1623 3989 
9226 1807 1503 192 1279 
9227 1368 1372 1369 3745 
9228 1413 1709 209 3872 
9229 3619 3838 3760 3930 
9230 1361 1409 1501 3851 
9231 1022 1029 1184 3938 
9232 1275 1497 1805 3810 
9233 3590 3695 3889 3924 
9234 1709 1511 209 3872 
9235 3731 3973 3718 4046 
9236 3805 3888 3603 3937 
9237 1282 1300 1319 3803 
9238 3774 3595 3864 3909 
9239 936 944 1053 3890 
9240 1040 1159 3812 3961 
9241 1218 1222 1219 3771 
9242 1386 3934 1387 3997 
9243 1804 1498 1350 3811 
9244 3619 3854 3838 3939 
9245 1369 3745 1372 4039 
9246 1796 1519 1330 4034 
9247 3576 3822 3802 3981 
9248 3856 3884 1032 4014 
9249 194 1320 1769 1286 
9250 1525 1638 1640 3878 
9251 3577 3853 3725 3944 
9252 147 1470 1146 3916 
9253 1285 1322 70 1190 
9254 1322 1334 1309 3812 
9255 1141 995 1140 3895 
9256 1506 190 1283 3988 
9257 1060 1168 1177 3778 
9258 927 949 925 3948 
9259 1357 1164 111 1373 
9260 1298 1299 3922 4038 
9261 3764 3948 927 4022 
9262 1211 3789 1700 3946 
9263 3792 3669 3952 4014 
9264 1343 1292 3828 4038 
9265 1435 227 1478 1756 
9266 3627 3960 3776 3965 
9267 1062 1022 1184 3887 
9268 3648 3869 3706 3928 
9269 1456 1457 1478 3712 
9270 1723 1541 1728 3818 
9271 1395 118 1166 1360 
9272 1747 1433 233 1479 
9273 3594 3746 3994 4023 
9274 1087 1359 121 1404 
9275 1376 3731 1377 4046 
9276 1012 3843 1083 4058 
9277 1787 1361 213 1501 
9278 1656 1659 1655 3772 
9279 3798 3895 3657 4033 
9280 1021 1078 1077 3774 
9281 1551 1557 3861 4029 
9282 1304 3841 1299 4038 
9283 1035 1159 897 3812 
9284 1608 1610 3867 3954 
9285 1715 1767 1635 3734 
9286 1550 1543 1549 4044 
9287 1208 1225 1224 3957 
9288 1558 1552 1560 4029 
9289 1234 1267 3962 4045 
9290 3622 3895 3798 4033 
9291 1043 3816 1046 4007 
9292 1359 120 1411 1087 
9293 1303 3803 1300 4049 
9294 999 1086 997 3743 
9295 1091 1094 150 3880 
9296 1641 1657 1519 4034 
9297 1138 1139 1059 3904 
9298 1378 3974 3782 4046 
9299 212 1409 1775 1501 
9300 1617 1618 1614 3858 
9301 1710 170 1211 1700 
9302 1610 1611 1612 3954 
9303 1170 1021 1077 3774 
9304 1385 1360 1421 3972 
9305 165 1504 1695 1213 
9306 1573 3888 1655 4057 
9307 1300 1303 1319 3803 
9308 1432 1454 1453 3794 
9309 1471 1470 147 3916 
9310 1409 213 1361 1501 
9311 1597 1586 1722 3784 
9312 1293 1291 75 910 
9313 3876 3934 3695 3997 
9314 1155 1032 1119 4014 
9315 1789 1778 1501 3851 
9316 1705 1706 1707 3883 
9317 3696 3930 3578 3939 
9318 1364 1403 3765 4039 
9319 1327 1297 1339 3945 
9320 1078 1076 1077 3848 
9321 1440 1082 142 1446 
9322 1036 1034 1155 3856 
9323 987 986 988 3935 
9324 3580 4012 3783 4028 
9325 62 1154 1292 4038 
9326 3587 3693 3977 4002 
9327 1625 1812 1771 3842 
9328 187 1714 1513 1289 
9329 3589 3706 3885 4061 
9330 1744 3874 1746 4013 
9331 1149 893 1190 3961 
9332 3780 3951 1529 4016 
9333 3590 3889 3727 3924 
9334 1806 1422 1366 3801 
9335 1539 1540 3899 4044 
9336 1782 1627 1722 4037 
9337 1208 1230 1225 3773 
9338 1692 1451 222 1797 
9339 3587 3902 3691 4036 
9340 1565 1576 3859 4013 
9341 1046 1045 1049 3816 
9342 1021 1189 1079 3909 
9343 1223 30 1185 3921 
9344 1711 189 1337 1506 
9345 167 1262 1798 1639 
9346 3728 3999 3599 4024 
9347 1796 1330 1284 4034 
9348 1305 1351 1806 3801 
9349 1480 223 1797 1512 
9350 1370 3869 3928 3968 
9351 30 913 1185 3921 
9352 1571 1568 1658 3877 
9353 1676 1603 1677 3850 
9354 1451 1438 222 1797 
9355 3674 3929 3603 3990 
9356 1431 1448 1447 4000 
9357 1547 1553 1546 3802 
9358 3711 3604 3974 4037 
9359 3619 3930 3696 3939 
9360 1345 1305 1328 4017 
9361 941 947 942 3923 
9362 1221 1210 1257 3715 
9363 3825 3957 1226 3980 
9364 1200 1423 1169 3815 
9365 1552 1548 1725 3785 
9366 1000 1001 999 3943 
9367 1320 193 1800 1279 
9368 163 1215 1515 1795 
9369 147 1146 1147 3916 
9370 1523 1681 3799 3996 
9371 3589 3754 3982 4035 
9372 3705 3900 3813 3983 
9373 3626 3759 3841 4038 
9374 1502 1798 168 1245 
9375 1616 1613 1780 3970 
9376 1416 1389 3851 3876 
9377 1798 1262 167 1212 
9378 1329 187 1513 1289 
9379 1013 1011 1012 3817 
9380 63 1298 1282 3922 
9381 3596 3920 3733 4018 
9382 1445 1442 1441 3910 
9383 1744 1746 1716 4013 
9384 1437 1444 1488 3882 
9385 1221 1214 1255 4001 
9386 1262 1234 1212 3962 
9387 1083 1010 1120 3843 
9388 1375 1376 1377 4046 
9389 1761 1654 1802 3791 
9390 3602 3682 3936 4042 
9391 1152 1191 1050 3902 
9392 1161 1105 903 3922 
9393 1179 1023 1165 3997 
9394 1287 1197 67 1332 
9395 1386 1390 1387 3934 
9396 1411 1385 1359 3788 
9397 1126 1134 1056 3855 
9398 3610 4036 3702 4049 
9399 1272 1240 1211 3789 
9400 922 957 924 3936 
9401 1180 900 1173 3788 
9402 1734 1727 1562 3854 
9403 1737 1717 1604 3837 
9404 1168 1060 1059 4053 
9405 932 935 1095 3898 
9406 1564 1577 1712 3907 
9407 3726 3863 3614 4054 
9408 1008 1010 1009 3913 
9409 1787 214 1361 1397 
9410 1258 170 1211 1710 
9411 1644 1642 1643 3849 
9412 1256 163 1215 1515 
9413 1471 147 1147 3916 
9414 1468 1091 150 3880 
9415 189 1283 1337 1506 
9416 1513 1771 1711 3868 
9417 1485 1458 1471 3916 
9418 1369 1414 3869 4039 
9419 1260 3866 1241 3920 
9420 1523 1810 1228 3799 
9421 1637 1632 1639 3962 
9422 1364 1414 1403 4039 
9423 3644 3899 3807 4032 
9424 1041 1038 1198 3793 
9425 3664 3923 3741 3925 
9426 1518 208 1405 1709 
9427 3731 3973 3755 4043 
9428 3600 3779 3864 4006 
9429 1321 1286 1347 3763 
9430 962 3901 3736 4040 
9431 1797 1438 223 1480 
9432 1276 161 1810 1228 
9433 1254 1266 1215 3950 
9434 3723 3970 3814 4006 
9435 1212 168 1798 1245 
9436 1504 1794 1676 4026 
9437 62 1104 1154 4038 
9438 1364 3765 1414 4039 
9439 1158 1005 1075 3742 
9440 1503 1800 193 1279 
9441 1213 165 1504 1264 
9442 3705 3969 3817 4020 
9443 993 1062 1066 3804 
9444 3743 3912 3717 3964 
9445 3604 3974 3872 4046 
9446 1162 1085 905 3773 
9447 1513 1711 188 1329 
9448 1654 1651 1652 3929 
9449 1210 1239 1257 3991 
9450 1676 1672 1603 4026 
9451 1497 1451 1805 3810 
9452 1482 226 1505 1756 
9453 1482 1478 226 1756 
9454 1274 1200 29 1217 
9455 1594 1595 1632 3886 
9456 1622 1620 1621 3989 
9457 3764 3948 3601 4032 
9458 1711 1337 188 1329 
9459 1535 1537 1536 3959 
9460 1519 1803 198 1330 
9461 1349 1196 1424 3828 
9462 1085 1230 3773 4003 
9463 1229 1275 1805 3810 
9464 1511 3872 1782 4037 
9465 172 1261 1731 1509 
9466 1284 1296 1331 4034 
9467 1799 1631 1689 3903 
9468 1594 3886 1632 4015 
9469 1395 1388 1396 3778 
9470 1804 1452 1498 3811 
9471 1141 1093 1142 3813 
9472 1306 1804 1350 3811 
9473 1565 1716 1576 4013 
9474 1139 1138 1114 3904 
9475 1740 3820 1611 3954 
9476 150 1094 1469 3880 
9477 1515 1256 164 3825 
9478 1345 3801 1305 4017 
9479 1709 208 1405 1413 
9480 1296 1288 1339 4034 
9481 1184 1029 894 3938 
9482 1746 1748 1576 4013 
9483 3724 3943 1001 4004 
9484 1626 1606 1791 3881 
9485 1440 1446 1450 3830 
9486 926 3984 3764 4022 
9487 3597 3744 3914 4059 
9488 1754 1621 1624 3824 
9489 3589 3982 3759 4035 
9490 3660 3883 3783 4012 
9491 1467 1494 1434 3987 
9492 1457 1435 1478 3775 
9493 1160 1086 1129 3896 
9494 1648 1649 1651 3929 
9495 949 1198 1064 3752 
9496 1038 3793 1039 4024 
9497 1661 1660 1659 3879 
9498 1298 1304 1299 4038 
9499 897 71 1280 1159 
9500 986 987 976 3935 
9501 3589 3982 3754 4061 
9502 1182 1079 3794 4000 
9503 1273 1195 1496 3829 
9504 1031 1032 1033 3884 
9505 1377 3731 3872 4046 
9506 1330 1803 198 1288 
9507 1495 1194 1348 3832 
9508 1456 3926 3712 4060 
9509 1758 1630 1799 3903 
9510 1806 1764 1305 3801 
9511 1658 1659 1584 4057 
9512 162 1795 1523 1228 
9513 3608 3985 3880 3987 
9514 1083 1012 1010 3843 
9515 1450 1446 1447 3830 
9516 1042 1039 1041 3947 
9517 1425 1779 1380 3799 
9518 71 1322 1280 1159 
9519 1298 62 1292 4038 
9520 1213 1233 1264 3767 
9521 1599 1598 1597 3897 
9522 33 1209 1230 4003 
9523 1693 1620 1622 3857 
9524 1267 1259 1212 3962 
9525 1362 1407 211 1775 
9526 903 63 1282 3922 
9527 1294 3945 1293 4019 
9528 1795 162 1215 1228 
9529 3598 3773 3957 3980 
9530 1541 1538 1540 3899 
9531 1382 1370 3928 3968 
9532 1223 1217 30 3921 
9533 1022 3887 985 4052 
9534 1059 1058 1057 4053 
9535 3614 3989 3753 4054 
9536 1712 1596 1719 3831 
9537 1349 1292 1196 3828 
9538 1519 197 1796 1330 
9539 1308 1309 1310 3844 
9540 1244 1232 1209 3938 
9541 1040 1190 1159 3961 
9542 3722 3999 3793 4024 
9543 30 1217 913 3921 
9544 1439 1194 1495 3832 
9545 1320 1286 1321 3763 
9546 1025 1157 1105 3759 
9547 1045 1046 1043 3816 
9548 1175 1063 1199 3765 
9549 3652 3814 3970 4006 
9550 909 1033 1186 3908 
9551 1740 1611 1609 3954 
9552 1626 1700 1710 3789 
9553 1381 1424 1196 3828 
9554 63 1104 1298 3922 
9555 1291 1348 1194 3832 
9556 1195 1273 1216 3829 
9557 1457 1499 1435 3775 
9558 1211 1240 1258 3789 
9559 1496 1195 1440 3829 
9560 998 1110 1000 3835 
9561 931 930 928 3917 
9562 942 947 948 3923 
9563 1629 1628 1583 3870 
9564 1025 1175 1199 4035 
9565 1608 1609 1610 3954 
9566 1485 1499 1458 3949 
9567 3641 3892 3781 3995 
9568 1182 1453 144 4000 
9569 1090 1016 1100 3866 
9570 1511 210 1358 1407 
9571 1641 1519 1643 4034 
9572 1507 1643 1796 3941 
9573 1246 3920 1272 3946 
9574 1246 1245 1259 3946 
9575 3597 3914 3820 4059 
9576 1131 926 924 3984 
9577 1637 1798 1502 3962 
9578 1551 1552 1557 4029 
9579 1101 1161 903 3803 
9580 1225 3957 3773 3980 
9581 3677 4008 3758 4027 
9582 913 1217 1200 3815 
9583 3587 3787 3902 4036 
9584 3591 3884 3856 4014 
9585 1332 1318 1287 3786 
9586 1402 1365 1415 3755 
9587 62 1298 1104 4038 
9588 1678 1601 1679 3821 
9589 1802 1573 1555 3998 
9590 1066 1184 894 4003 
9591 69 1285 1190 1335 
9592 3593 3939 3854 3992 
9593 1088 1014 1089 3833 
9594 1163 893 1149 3756 
9595 1155 1034 1032 3856 
9596 3836 3672 3994 4023 
9597 1453 1431 144 4000 
9598 1511 1782 1777 4037 
9599 3599 3999 3722 4024 
9600 1343 1304 1292 4038 
9601 3769 3969 3602 4020 
9602 1256 1213 164 3825 
9603 1805 1521 1229 3810 
9604 1468 150 1469 3880 
9605 3600 4009 3742 4059 
9606 1154 3828 1292 4038 
9607 1779 1523 1681 3799 
9608 1151 927 929 3948 
9609 3854 3939 3619 3992 
9610 1040 1149 3961 4024 
9611 1410 1390 1392 3934 
9612 3665 3925 3861 4029 
9613 1376 1405 1377 3731 
9614 913 1071 1070 3921 
9615 1236 1237 1206 3808 
9616 1020 1148 1189 3909 
9617 1522 1806 1366 3801 
9618 1643 1519 1796 4034 
9619 1538 1539 1540 3899 
9620 1237 1239 1238 3991 
9621 1632 3886 1672 4026 
9622 1575 1565 1576 3859 
9623 1220 1257 1237 3991 
9624 3614 3824 3863 3986 
9625 1234 1267 1212 3962 
9626 1736 1569 1572 3823 
9627 1658 1573 1655 4057 
9628 1303 1302 1338 4049 
9629 1531 1530 1529 3951 
9630 33 1230 1085 4003 
9631 1539 1543 1540 4044 
9632 1260 1248 1241 3866 
9633 1383 1382 1370 3928 
9634 1255 173 1210 1731 
9635 1092 1143 1093 4011 
9636 1734 1675 1713 3826 
9637 1127 1097 1115 4023 
9638 1283 1316 1317 3988 
9639 1003 1001 3943 4004 
9640 1796 196 1507 1336 
9641 1584 1659 1660 3879 
9642 1444 1443 1442 3882 
9643 1654 1811 1802 3791 
9644 1606 1626 1607 3971 
9645 1755 1624 1699 3976 
9646 3817 3969 3769 4020 
9647 1263 3825 1226 3980 
9648 1804 1763 1452 3811 
9649 1305 3801 1764 4017 
9650 1753 1754 1702 3863 
9651 1182 1079 895 3794 
9652 1258 1261 171 1509 
9653 1481 3926 1456 4060 
9654 997 996 983 3912 
9655 1046 1051 1052 4007 
9656 1196 1292 1154 3828 
9657 3706 3928 3869 3968 
9658 1169 1423 1367 3815 
9659 1065 1124 1103 3871 
9660 1276 1252 1228 3799 
9661 1425 1380 1401 3799 
9662 1038 1041 1039 3793 
9663 913 1169 1071 3815 
9664 1422 1399 1366 3801 
9665 1210 172 1261 1731 
9666 1804 1306 1520 3811 
9667 1318 1333 1287 3786 
9668 1111 957 922 3936 
9669 1560 1561 1558 3838 
9670 893 69 1190 1335 
9671 1047 1028 1030 3800 
9672 1512 1480 224 1792 
9673 1281 1293 74 4019 
9674 1035 1040 1159 3812 
9675 1082 1080 1187 3830 
9676 939 940 945 3860 
9677 1336 195 1769 1286 
9678 212 1409 1362 1775 
9679 1217 3815 913 3921 
9680 1663 1553 1726 3960 
9681 152 1429 898 4048 
9682 903 1104 63 3922 
9683 1358 209 1511 3872 
9684 1358 1413 209 3872 
9685 1216 911 1195 3829 
9686 1464 3880 3985 3987 
9687 1451 1692 1805 3810 
9688 1219 1221 1220 3845 
9689 3900 3936 3602 4020 
9690 934 931 1118 3940 
9691 1787 1501 1778 3851 
9692 3678 3792 3952 4014 
9693 1228 1252 1270 3799 
9694 1401 1380 1420 3799 
9695 1266 3950 1224 3957 
9696 1485 1467 1466 3949 
9697 1542 1706 1705 3883 
9698 1125 969 956 3827 
9699 1554 1546 1663 3822 
9700 1048 961 974 3963 
9701 893 1197 68 1335 
9702 1557 1566 1551 3861 
9703 33 894 1209 4003 
9704 1232 3938 1235 4045 
9705 1307 1308 1295 3908 
9706 902 1078 1079 4000 
9707 1439 1445 1441 3910 
9708 1305 1323 1351 3801 
9709 3793 3999 3728 4024 
9710 1412 1378 1377 4046 
9711 934 1118 944 3940 
9712 1194 1439 1153 3832 
9713 1515 164 1695 3825 
9714 3652 3970 3776 4006 
9715 1493 1451 1475 3810 
9716 1345 1323 1305 3801 
9717 1509 171 1258 1710 
9718 3601 3948 3764 4022 
9719 1619 1618 1617 3858 
9720 1321 1342 1314 3953 
9721 1198 1183 1064 3956 
9722 1473 1452 1492 3811 
9723 1507 195 1769 1336 
9724 1325 1346 1306 3811 
9725 1568 1571 1569 3877 
9726 3565 3990 3793 3999 
9727 1229 1271 1250 3810 
9728 3654 3821 4008 4031 
9729 3605 3951 3780 4016 
9730 1002 1003 1001 3943 
9731 1194 910 1291 3832 
9732 1315 3918 1314 3953 
9733 1225 1226 3957 3980 
9734 974 1048 3963 4047 
9735 1583 1628 1586 3870 
9736 909 1281 74 4019 
9737 177 1474 1273 1496 
9738 1423 1274 157 1400 
9739 1231 1263 1225 3980 
9740 1495 1348 201 1324 
9741 895 1079 1189 3794 
9742 1628 1777 1722 4037 
9743 1349 181 1326 1424 
9744 1422 1351 184 1399 
9745 1023 1019 1018 3889 
9746 1665 1664 1671 3846 
9747 1251 157 1274 1400 
9748 1625 1766 1812 3842 
9749 1464 3880 1469 3985 
9750 1474 1249 177 1273 
9751 1472 1495 201 1324 
9752 3800 3945 3628 4019 
9753 899 1129 1121 3808 
9754 1293 1193 74 4019 
9755 3605 3942 3798 4033 
9756 1495 1439 156 1194 
9757 160 1252 1276 1425 
9758 1606 1607 1593 3971 
9759 1084 1012 1083 4058 
9760 1275 1250 180 1497 
9761 1398 1381 1419 3828 
9762 204 1350 1498 1473 
9763 1082 1440 1195 3829 
9764 902 144 1431 4000 
9765 912 1381 1196 3828 
9766 1323 184 1351 1399 
9767 1398 1326 181 1424 
9768 185 1305 1351 1806 
9769 1066 1067 993 3804 
9770 1284 1796 197 1330 
9771 1069 1108 991 3894 
9772 1655 1659 1658 4057 
9773 902 1182 144 4000 
9774 1667 1666 1665 3967 
9775 1232 1244 1235 3938 
9776 1805 1229 176 1275 
9777 1603 1600 1677 3850 
9778 1349 1292 61 1196 
9779 1252 160 1401 1425 
9780 1498 236 1452 1804 
9781 1250 1475 180 1497 
9782 1216 1195 44 1273 
9783 3670 3940 3917 4028 
9784 3781 3955 3660 4044 
9785 3798 3942 3622 4033 
9786 1350 204 1325 1473 
9787 3782 3974 3604 4046 
9788 161 1523 1810 1228 
9789 217 1517 1356 3968 
9790 1071 1164 1178 3777 
9791 196 1796 1284 1336 
9792 217 1382 1697 3968 
9793 1535 1674 1559 3959 
9794 968 975 964 4040 
9795 924 926 925 4022 
9796 1211 1700 169 3946 
9797 1297 1293 1294 3945 
9798 1200 913 29 1217 
9799 1497 1475 1451 3810 
9800 3756 3599 3953 3961 
9801 1462 1483 1433 3978 
9802 1299 1304 1341 3841 
9803 1094 1091 1093 3880 
9804 1366 1399 1417 3801 
9805 1151 949 927 3948 
9806 1250 1275 1229 3810 
9807 1537 1538 1536 3807 
9808 1452 1473 1498 3811 
9809 1306 1350 1325 3811 
9810 1040 1037 1149 4024 
9811 1211 1246 1272 3946 
9812 1371 1369 1414 3869 
9813 1335 1197 68 1287 
9814 1038 1183 1198 3956 
9815 1683 1691 1686 3905 
9816 981 1032 1031 3884 
9817 1245 169 1502 3946 
9818 1217 1223 1227 3921 
9819 186 1305 1764 4017 
9820 1341 1328 1289 4017 
9821 984 982 1098 3931 
9822 1260 1241 1272 3920 
9823 152 1137 1459 4048 
9824 152 898 1137 4048 
9825 1703 1751 1752 3944 
9826 1462 1460 1483 3978 
9827 1753 1743 1623 4054 
9828 169 1700 1502 3946 
9829 1248 1247 1241 3866 
9830 996 997 1016 3912 
9831 1695 164 1213 3825 
9832 1802 1555 1549 3998 
9833 1104 1298 3922 4038 
9834 1718 1781 1788 4043 
9835 1281 1294 1293 4019 
9836 1632 1595 1672 3886 
9837 1472 1489 1439 3832 
9838 1009 1007 1008 3913 
9839 152 1459 1429 4048 
9840 1440 1491 1474 3829 
9841 1268 1251 1217 3815 
9842 1324 1291 1344 3832 
9843 1249 1269 1216 3829 
9844 1367 1400 1418 3815 
9845 1037 1038 1039 4024 
9846 1169 1200 109 1423 
9847 1180 1058 1060 4053 
9848 1635 1785 1634 3885 
9849 1314 1315 1312 3918 
9850 1423 1400 1367 3815 
9851 1217 1251 1274 3815 
9852 1068 991 1067 4027 
9853 1075 1077 1076 3848 
9854 1801 1760 1506 3988 
9855 1326 1343 1292 3828 
9856 1213 1226 1263 3825 
9857 1017 1112 987 4021 
9858 1085 894 33 4003 
9859 1307 1295 1281 3908 
9860 948 1117 952 4051 
9861 1547 1545 1548 4030 
9862 217 1697 1517 3968 
9863 1050 1202 1152 3902 
9864 1772 1677 1678 4031 
9865 1794 1632 1672 4026 
9866 1147 1146 1089 3916 
9867 1245 1211 169 3946 
9868 1425 1810 205 1779 
9869 1605 1752 1751 3944 
9870 217 1356 1382 3968 
9871 909 74 1193 4019 
9872 186 1764 1714 4017 
9873 1806 185 1305 1764 
9874 1575 1724 1583 4055 
9875 1591 1529 1527 4016 
9876 1349 1326 1292 3828 
9877 1282 1298 1299 3922 
9878 1196 1292 61 1154 
9879 1637 1708 1594 4015 
9880 1768 1739 1684 3914 
9881 1649 1652 1651 3929 
9882 1416 1388 1389 3876 
9883 1158 1129 1130 3896 
9884 1523 1680 1681 3996 
9885 926 1131 1113 3984 
9886 1521 1229 176 1805 
9887 1230 1209 1231 4003 
9888 911 1195 44 1216 
9889 1317 1338 1283 3988 
9890 1804 1350 200 1306 
9891 1682 1683 1516 4001 
9892 1348 76 1291 1194 
9893 1671 1790 1668 3975 
9894 1226 1266 1224 3957 
9895 1765 1646 1793 3933 
9896 1472 1439 1495 3832 
9897 1496 1440 1474 3829 
9898 1431 1453 1448 4000 
9899 984 1022 985 4052 
9900 1291 1324 1348 3832 
9901 1801 1506 1762 3988 
9902 1494 1464 3985 3987 
9903 1194 1439 156 1153 
9904 1216 1273 1249 3829 
9905 1157 1154 1104 4038 
9906 1615 1780 1613 3814 
9907 1806 1522 1764 3801 
9908 958 961 1048 3963 
9909 1505 225 1482 4060 
9910 1497 221 1805 1451 
9911 1381 1424 124 1196 
9912 1640 1527 1525 3878 
9913 1422 1366 220 1806 
9914 1381 1398 1424 3828 
9915 1744 1666 1746 3874 
9916 236 1763 1452 1804 
9917 116 1386 1354 3997 
9918 1531 1533 1532 3873 
9919 1128 1107 1135 3875 
9920 1793 1808 1674 3847 
9921 1354 891 116 3997 
9922 1496 1195 141 1440 
9923 1018 1019 973 3889 
9924 1792 1480 224 1436 
9925 1594 1632 1637 4015 
9926 1715 1771 1513 3868 
9927 1391 1378 1412 3974 
9928 1768 1740 1739 3914 
9929 116 1165 1386 3997 
9930 1156 1202 1050 3902 
9931 1013 1132 1133 4020 
9932 1361 1416 1389 3851 
9933 1369 1371 1370 3869 
9934 1108 1069 1178 3894 
9935 1613 1614 1612 3970 
9936 1330 1296 1284 4034 
9937 1137 898 1140 4048 
9938 1133 1111 1142 3900 
9939 909 1047 1031 4019 
9940 1642 1644 1765 3849 
9941 1523 1779 1810 3799 
9942 1685 1683 1686 3905 
9943 1763 1804 1520 3811 
9944 1464 1469 1461 3985 
9945 1527 1529 1528 4016 
9946 1648 1793 1646 3933 
9947 1655 1811 1652 3888 
9948 1623 1622 1621 3989 
9949 1782 1511 1709 3872 
9950 1505 1792 225 4060 
9951 1342 1315 1314 3953 
9952 1347 1310 1309 3844 
9953 1021 1020 1189 3909 
9954 3759 3922 3841 4038 
9955 1507 1644 1643 3941 
9956 1714 1764 1767 4017 
9957 1095 1115 1097 4023 
9958 1708 1791 1606 3881 
9959 1458 1470 1471 3916 
9960 1225 1226 1224 3957 
9961 1805 1692 1521 3810 
9962 1030 915 917 3906 
9963 1733 1663 1726 3960 
9964 1436 1481 1456 4060 
9965 1389 1388 1387 3876 
9966 1714 1289 186 4017 
9967 1225 1263 1226 3980 
9968 1631 1799 1630 3903 
9969 1679 1718 1788 4043 
9970 1469 1464 1468 3880 
9971 1367 1169 109 1423 
9972 1339 1297 1294 3945 
9973 186 1289 1305 4017 
9974 961 959 962 3901 
9975 1494 1464 1463 3985 
9976 1515 1695 1772 3825 
9977 1330 1288 1296 4034 
9978 1459 1460 1429 4048 
9979 1163 1043 1046 4007 
9980 1104 903 1105 3922 
9981 1377 1358 1412 3872 
9982 1507 1645 1644 3941 
9983 1132 957 1133 4020 
9984 3859 3993 3643 4013 
9985 910 1291 76 1194 
9986 3803 4036 3610 4049 
9987 1066 894 1085 4003 
9988 1520 1804 200 1306 
9989 1226 1213 1256 3825 
9990 1369 1372 1414 4039 
9991 1165 116 891 3997 
9992 1502 1700 1791 3946 
9993 1590 1635 1634 3885 
9994 1027 984 1098 3931 
9995 1811 1655 1573 3888 
9996 1742 1623 1743 4054 
9997 1024 1025 980 4035 
9998 1375 1377 1378 4046 
9999 1666 1582 1665 3967 
10000 1374 1376 1375 3973 
10001 1380 1425 205 1779 
10002 1353 158 159 1204 
10003 179 178 1427 1203 
10004 203 202 1277 1426 
10005 183 182 1352 1278 
10006 1224 1266 1227 3950 
10007 1410 1387 1390 3934 
10008 1366 1522 220 1806 
10009 42 41 906 1207 
10010 218 217 1517 1356 
10011 153 152 1137 1459 
10012 1430 153 154 904 
10013 217 216 1697 1382 
10014 216 215 1510 1355 
10015 912 1381 124 1196 
10016 111 112 908 1357 
10017 1254 1270 1227 3950 
10018 1451 221 1805 1692 
10019 1194 1153 910 3832 
10020 1195 1082 141 1440 
10021 964 962 968 4040 
10022 1130 1129 1086 3896 
10023 1292 1304 1298 4038 
10024 1551 1547 1548 4030 
10025 1382 1356 1370 3968 
10026 1558 1557 1552 4029 
10027 1436 1456 1482 4060 
10028 1668 1790 1670 3975 
10029 898 152 151 1429 
10030 890 149 148 1428 
10031 1354 1386 1387 3997 
10032 1383 1385 1384 3972 
10033 1196 1154 912 3828 
10034 1117 1124 952 4051 
10035 1419 1403 1372 4039 
10036 1039 1149 1037 4024 
10037 1082 1195 911 3829 
10038 1143 1092 1144 4011 
10039 1182 902 1079 4000 
10040 1516 1683 1684 4001 
10041 926 927 925 4022 
10042 1377 1413 1358 3872 
10043 1219 1265 1221 3845 
10044 1101 64 65 1319 
10045 1392 1391 1412 3974 
10046 1482 225 1436 4060 
10047 1613 1616 1614 3970 
10048 1383 1370 1406 3928 
10049 1361 1389 1409 3851 
10050 191 190 1760 1316 
10051 1468 149 150 1091 
10052 1639 1798 1637 3962 
10053 1001 1003 1005 4004 
10054 1624 1698 1699 3976 
10055 1003 1170 1005 4004 
10056 1792 1436 225 4060 
10057 112 113 1099 1394 
10058 1539 1549 1543 4044 
10059 913 1200 1169 3815 
10060 1680 1679 1681 3996 
10061 913 1070 1185 3921 
10062 1583 1577 1575 4055 
10063 1444 1442 1488 3882 
10064 1072 43 42 1218 
10065 34 35 1244 1029 
10066 150 151 1469 1094 
10067 145 146 1432 895 
10068 144 143 902 1431 
10069 1441 154 155 914 
10070 175 174 1214 1682 
10071 1100 39 38 1247 
10072 74 73 1281 909 
10073 1686 1688 1687 4041 
10074 1025 1024 1175 4035 
10075 1535 1559 1537 3959 
10076 234 235 1524 1437 
10077 32 31 905 1208 
10078 72 71 1280 897 
10079 971 984 985 4052 
10080 33 34 1209 894 
10081 1205 36 37 892 
10082 40 39 899 1206 
10083 229 230 1701 1434 
10084 1435 228 227 1757 
10085 901 113 114 1393 
10086 1118 1084 1083 4058 
10087 1282 64 63 903 
10088 1149 1190 1040 3961 
10089 193 192 1503 1279 
10090 1716 1746 1576 4013 
10091 1364 123 122 1063 
10092 974 1050 1049 4047 
10093 1246 1260 1272 3920 
10094 44 43 911 1216 
10095 1722 1777 1782 4037 
10096 1456 1481 1454 3926 
10097 1363 115 114 1176 
10098 220 219 1522 1366 
10099 1000 1002 1001 3943 
10100 230 231 1704 1487 
10101 1302 1303 1300 4049 
10102 974 1049 1048 4047 
10103 219 218 1673 1368 
10104 1042 1041 1044 3947 
10105 1609 1611 1610 3954 
10106 148 147 1147 1471 
10107 1165 891 1179 3997 
10108 1121 41 40 1236 
10109 1517 1697 1784 3968 
10110 1017 1172 1112 4021 
10111 1799 1689 1505 4060 
10112 1415 1376 1374 3973 
10113 1484 1464 1467 3987 
10114 1439 155 156 1153 
10115 1333 1312 1315 3918 
10116 1044 1201 1042 3947 
10117 1211 1245 1246 3946 
10118 1676 1794 1672 4026 
10119 1386 116 115 1165 
10120 170 169 1211 1700 
10121 76 75 1291 910 
10122 1292 62 61 1154 
10123 1082 142 141 1440 
10124 228 229 1500 1465 
10125 1305 1289 1328 4017 
10126 30 29 913 1217 
10127 1359 121 120 1087 
10128 232 233 1747 1433 
10129 117 116 1354 891 
10130 118 119 1166 1360 
10131 190 189 1506 1283 
10132 1146 147 146 1470 
10133 214 213 1787 1361 
10134 65 66 896 1290 
10135 1381 124 123 912 
10136 201 202 1472 1324 
10137 1090 38 37 1248 
10138 158 157 1251 1400 
10139 187 186 1714 1289 
10140 177 178 1249 1474 
10141 1690 1688 1686 4041 
10142 1326 181 182 1398 
10143 1323 183 184 1399 
10144 1495 7 1348 1194 
10145 1273 1195 3 1496 
10146 1792 1505 1689 4060 
10147 176 175 1229 1521 
10148 66 67 1150 1332 
10149 1401 159 160 1252 
10150 1475 180 179 1250 
10151 1422 11 1351 1806 
10152 1298 63 62 1104 
10153 1424 1349 6 1196 
10154 1325 204 203 1473 
10155 1058 1059 1060 4053 
10156 1464 1461 1463 3985 
10157 1275 10 1805 1497 
10158 1498 1350 12 1804 
10159 208 207 1518 1405 
10160 1232 1235 1234 4045 
10161 169 168 1245 1502 
10162 189 188 1711 1337 
10163 1466 1499 1485 3949 
10164 231 232 1508 1486 
10165 1301 1302 1300 4049 
10166 171 170 1258 1710 
10167 1162 1068 1067 4027 
10168 174 173 1255 1516 
10169 122 121 1404 907 
10170 233 234 1514 1479 
10171 235 236 1763 1452 
10172 120 119 1411 900 
10173 221 222 1692 1451 
10174 1274 2 1200 1423 
10175 1230 32 33 1085 
10176 200 199 1520 1306 
10177 1276 1810 9 1425 
10178 1237 1257 1239 3991 
10179 186 185 1764 1305 
10180 1193 1047 909 4019 
10181 207 206 1774 1365 
10182 161 162 1523 1228 
10183 1421 1384 1385 3972 
10184 166 167 1639 1262 
10185 1164 110 111 1373 
10186 196 195 1507 1336 
10187 1285 70 69 1190 
10188 223 224 1512 1480 
10189 1453 144 145 1182 
10190 163 162 1215 1795 
10191 1467 1464 1494 3987 
10192 225 226 1505 1482 
10193 1046 1052 1163 4007 
10194 164 163 1256 1515 
10195 1177 117 118 1395 
10196 31 30 1185 1223 
10197 1307 73 72 1186 
10198 893 68 69 1335 
10199 215 214 1776 1397 
10200 167 168 1798 1212 
10201 1769 195 194 1286 
10202 1266 1254 1227 3950 
10203 198 197 1519 1330 
10204 109 110 1169 1367 
10205 226 227 1756 1478 
10206 199 198 1803 1288 
10207 222 223 1797 1438 
10208 209 208 1709 1413 
10209 210 209 1511 1358 
10210 1242 35 36 1188 
10211 192 191 1807 1311 
10212 173 172 1210 1731 
10213 188 187 1513 1329 
10214 1414 1372 1403 4039 
10215 172 171 1261 1509 
10216 75 74 1293 1193 
10217 211 212 1362 1775 
10218 166 165 1264 1504 
10219 1187 143 142 1446 
10220 1349 61 6 1196 
10221 156 7 1495 1194 
10222 1195 3 44 1273 
10223 185 11 1806 1351 
10224 236 12 1804 1498 
10225 176 10 1805 1275 
10226 194 193 1800 1320 
10227 205 206 1380 1779 
10228 1234 1235 1267 4045 
10229 165 164 1213 1695 
10230 211 210 1786 1407 
10231 1276 9 160 1425 
10232 157 2 1274 1423 
10233 1200 29 2 1274 
10234 1200 2 109 1423 
10235 9 161 1810 1276 
10236 205 9 1810 1425 
10237 212 213 1409 1501 
10238 1275 180 10 1497 
10239 1350 12 204 1498 
10240 1351 184 11 1422 
10241 1348 201 7 1495 
10242 1349 6 181 1424 
10243 1273 3 177 1496 
10244 1348 7 76 1194 
10245 12 200 1804 1350 
10246 1322 71 70 1159 
10247 220 11 1422 1806 
10248 141 3 1195 1496 
10249 1424 6 124 1196 
10250 197 196 1796 1284 
10251 10 221 1805 1497 
10252 67 68 1197 1287 
10253 224 225 1792 1436 
10254 3981 1546 3802 3689 
10255 3981 3802 1546 3822 
10256 3850 1602 3826 1603 
10257 3850 3826 1602 3694 
10258 3819 4046 3872 3731 
10259 3872 4046 3819 3604 
10260 3691 1317 1318 3636 
10261 3691 1318 1317 1340 
10262 3859 1604 3760 1565 
10263 3859 3760 1604 3837 
10264 3922 1161 3787 3803 
10265 3922 3787 1161 1105 
10266 3739 3888 3791 3710 
10267 3791 3888 3739 3603 
10268 3812 3953 3763 3599 
10269 3763 3953 3812 1334 
10270 1157 3765 4035 1199 
10271 4035 3765 1157 3759 
10272 4035 1025 1157 1199 
10273 1157 1025 4035 3759 
10274 3765 1174 4035 1175 
10275 3765 4035 1174 3648 
10276 3936 3792 3572 3862 
10277 3936 3572 3792 3657 
10278 3733 1242 1243 1205 
10279 3733 1243 1242 3700 
10280 3763 1647 1759 1650 
10281 3763 1759 1647 3720 
10282 3972 1396 1360 1421 
10283 3972 1360 1396 3611 
10284 3836 951 948 950 
10285 3836 948 951 3696 
10286 1747 1479 3697 1433 
10287 3697 1479 1747 1514 
10288 4004 1006 3864 3779 
10289 4004 3864 1006 1170 
10290 4048 904 916 1137 
10291 4048 916 904 3748 
10292 3877 3679 3606 3592 
10293 3877 3606 3679 3710 
10294 4048 1430 1443 3748 
10295 4048 1443 1430 1459 
10296 3972 3584 3928 3788 
10297 3972 3928 3584 3658 
10298 3877 1574 1572 3747 
10299 3877 1572 1574 1571 
10300 4025 3689 3757 3981 
10301 4025 3757 3689 3607 
10302 3741 4056 3719 3620 
10303 3719 4056 3741 3574 
10304 3760 1737 1560 1563 
10305 3760 1560 1737 3676 
10306 3876 1396 3713 1416 
10307 3876 3713 1396 3778 
10308 3996 1228 1254 3799 
10309 3996 1254 1228 1215 
10310 3949 3634 1458 3916 
10311 3949 1458 3634 3775 
10312 3593 4051 3966 3664 
10313 3593 3966 4051 3871 
10314 3685 3966 4051 3664 
10315 3685 4051 3966 3871 
10316 4023 3738 3594 3746 
10317 4023 3594 3738 3898 
10318 4054 3602 3840 3753 
10319 4054 3840 3602 3726 
10320 3726 3969 3983 3602 
10321 3983 3969 3726 3614 
10322 3848 1081 1073 3771 
10323 3848 1073 1081 1076 
10324 3910 3770 3571 3630 
10325 3910 3571 3770 3882 
10326 3903 1698 1617 3645 
10327 3903 1617 1698 1630 
10328 3844 3722 3599 3625 
10329 3844 3599 3722 3812 
10330 3913 4010 3843 3623 
10331 3843 4010 3913 3730 
10332 3763 1759 1800 1650 
10333 3763 1800 1759 3737 
10334 3855 1055 1057 1056 
10335 3855 1057 1055 3673 
10336 896 3803 1152 1101 
10337 1152 3803 896 3691 
10338 3803 1290 1303 1319 
10339 3803 1303 1290 3691 
10340 3992 3615 3573 3694 
10341 3992 3573 3615 3750 
10342 4041 1631 3766 1688 
10343 4041 3766 1631 3659 
10344 4056 3891 3646 3574 
10345 4056 3646 3891 3642 
10346 3872 1627 4037 3819 
10347 3872 4037 1627 1782 
10348 4030 1546 3689 3802 
10349 4030 3689 1546 1545 
10350 1807 1316 3790 1311 
10351 3790 1316 1807 1760 
10352 3710 3937 4057 3606 
10353 4057 3937 3710 3888 
10354 3843 1011 1012 1010 
10355 3843 1012 1011 3817 
10356 3911 3673 1057 3855 
10357 3911 1057 3673 3762 
10358 3962 1708 4015 3632 
10359 3962 4015 1708 1637 
10360 3957 1223 3950 1224 
10361 3957 3950 1223 3921 
10362 1227 3950 1223 1224 
10363 1227 1223 3950 3921 
10364 4048 3978 1443 1460 
10365 4048 1443 3978 3622 
10366 3971 3751 3596 3642 
10367 3971 3596 3751 3881 
10368 4045 1243 3632 3700 
10369 4045 3632 1243 1267 
10370 3944 3671 3577 3853 
10371 3944 3577 3671 3726 
10372 1742 3840 4054 1567 
10373 4054 3840 1742 3753 
10374 3935 1102 967 986 
10375 3935 967 1102 3651 
10376 1623 3824 1621 1754 
10377 1623 1621 3824 3989 
10378 1171 3894 3656 1108 
10379 3656 3894 1171 3718 
10380 4053 1168 3904 1059 
10381 4053 3904 1168 3778 
10382 3921 1268 3950 1227 
10383 3921 3950 1268 3815 
10384 3904 1179 1019 1139 
10385 3904 1019 1179 3695 
10386 892 1242 36 1188 
10387 892 36 1242 1205 
10388 3885 1809 3734 1635 
10389 3885 3734 1809 3745 
10390 3643 4013 1604 3859 
10391 3643 1604 4013 1716 
10392 1565 1604 4013 3859 
10393 1565 4013 1604 1716 
10394 4015 3684 3586 3751 
10395 4015 3586 3684 3886 
10396 3967 3732 3585 3638 
10397 3967 3585 3732 3874 
10398 3955 3995 3660 3621 
10399 3660 3995 3955 3781 
10400 3945 1344 1346 1297 
10401 3945 1346 1344 3630 
10402 4022 3809 3682 3601 
10403 4022 3682 3809 3862 
10404 3913 1088 3833 1009 
10405 3913 3833 1088 3721 
10406 4053 3567 3904 3778 
10407 4053 3904 3567 3762 
10408 908 1394 112 1099 
10409 112 1394 908 1357 
10410 1451 1797 3699 1438 
10411 3699 1797 1451 1692 
10412 4013 3585 3732 3993 
10413 4013 3732 3585 3874 
10414 3890 937 935 3757 
10415 3890 935 937 936 
10416 3938 1027 1188 3700 
10417 3938 1188 1027 1029 
10418 1520 1288 199 1803 
10419 199 1288 1520 1306 
10420 3899 3955 4044 3660 
10421 4044 3955 3899 3644 
10422 1780 3970 3723 1616 
10423 3723 3970 1780 3814 
10424 4004 1130 3742 1005 
10425 4004 3742 1130 3724 
10426 3879 1812 1766 3842 
10427 3879 1766 1812 1660 
10428 900 1360 119 1411 
10429 119 1360 900 1166 
10430 1339 4034 3945 1296 
10431 3945 4034 1339 3687 
10432 1756 1482 3712 1505 
10433 1756 3712 1482 1478 
10434 4001 1731 1255 3715 
10435 4001 1255 1731 1516 
10436 1665 3975 1671 1668 
10437 1671 3975 1665 3846 
10438 3933 1580 3847 1793 
10439 3933 3847 1580 3681 
10440 3967 1664 3633 1582 
10441 3967 3633 1664 3846 
10442 4031 3639 1601 3821 
10443 4031 1601 3639 3850 
10444 3961 1342 3756 1285 
10445 3961 3756 1342 3953 
10446 1315 3756 1342 1285 
10447 1315 1342 3756 3953 
10448 3971 1608 1609 1607 
10449 3971 1609 1608 3867 
10450 1514 1437 234 1524 
10451 234 1437 1514 1479 
10452 1407 1775 3711 1786 
10453 3711 1775 1407 1362 
10454 1156 4047 1050 974 
10455 1050 4047 1156 3902 
10456 1486 1747 3725 1433 
10457 3725 1747 1486 1508 
10458 4027 1066 3773 3804 
10459 4027 3773 1066 1162 
10460 4001 3569 3768 3905 
10461 4001 3768 3569 3845 
10462 1639 1264 166 1262 
10463 166 1264 1639 1504 
10464 3982 3885 4061 3589 
10465 3982 4061 3885 3675 
10466 1796 1336 3941 1284 
10467 3941 1336 1796 1507 
10468 1280 1186 3908 1307 
10469 3908 1186 1280 897 
10470 1807 1279 3790 1503 
10471 3790 1279 1807 1311 
10472 4043 1774 1681 3755 
10473 4043 1681 1774 1788 
10474 3997 1388 3778 3876 
10475 3997 3778 1388 1354 
10476 1197 1332 3786 1150 
10477 3786 1332 1197 1287 
10478 1515 4031 1772 1678 
10479 1772 4031 1515 3825 
10480 4010 4005 3614 3623 
10481 4010 3614 4005 3703 
10482 4002 4040 3787 3609 
10483 3787 4040 4002 3716 
10484 3949 1435 1499 3775 
10485 3949 1499 1435 1466 
10486 961 4040 962 964 
10487 962 4040 961 3901 
10488 3957 4027 905 3773 
10489 905 4027 3957 3677 
3 3 4 2334
10490 1571 1568 1569 4062 
10491 1986 2102 2133 4071 
10492 2105 1957 2129 4068 
10493 1619 1617 1618 4064 
10494 2136 2138 1881 4063 
10495 1605 1752 1721 4071 
10496 1949 1952 1950 4062 
10497 1576 1724 1748 4068 
10498 1998 2000 1999 4064 
10499 1500 1757 1755 4063 
10500 1740 1615 1768 4065 
10501 2150 1996 2121 4065 
10502 1996 1740 2121 4065 
10503 2049 1668 1671 4069 
10504 2049 1671 2052 4069 
10505 1615 1740 1996 4065 
10506 2008 1722 2103 4067 
10507 1722 2008 1627 4067 
10508 2016 2015 1971 4070 
10509 1635 1590 1634 4070 
10510 1627 1782 1722 4067 
10511 1691 1686 1690 4066 
10512 2071 2070 2066 4066 
10513 2049 2052 2171 4069 
10514 2164 2008 2103 4067 
10515 280 279 1891 1861 
10516 282 281 1898 1862 
10517 250 249 1828 1897 
10518 281 280 2077 1859 
10519 293 294 2081 1873 
10520 294 295 2084 1875 
10521 230 231 1875 1704 
10522 295 296 1889 1878 
10523 231 232 1878 1508 
10524 297 298 1895 1879 
10525 232 233 1876 1747 
10526 296 297 2128 1876 
10527 216 217 1697 1859 
10528 217 218 1517 1862 
10529 215 216 1510 1861 
10530 271 272 1855 1899 
10531 251 250 1824 2062 
10532 292 293 1881 1877 
10533 1950 1952 1571 4062 
10534 1569 1950 1571 4062 
10535 298 299 1905 1874 
10536 1957 1576 1748 4068 
10537 2133 2102 1752 4071 
10538 2102 1721 1752 4071 
10539 1748 2129 1957 4068 
10540 1724 2105 2129 4068 
10541 1748 1724 2129 4068 
10542 230 229 1701 1873 
10543 1999 1619 1618 4064 
10544 2000 1619 1999 4064 
10545 1619 2000 1617 4064 
10546 1998 1617 2000 4064 
10547 1605 1721 1986 4071 
10548 1721 2102 1986 4071 
10549 1790 1671 1668 4069 
10550 1881 1755 2136 4063 
10551 251 252 1902 1829 
10552 2133 1752 1605 4071 
10553 1605 1986 2133 4071 
10554 1500 1755 1881 4063 
10555 1755 1757 2136 4063 
10556 270 271 1854 2092 
10557 234 233 1514 1879 
10558 174 173 1516 1828 
10559 1998 1999 1618 4064 
10560 1617 1998 1618 4064 
10561 291 292 2138 1865 
10562 207 208 1518 1855 
10563 257 256 2091 1832 
10564 189 188 1832 1711 
10565 2138 1500 1881 4063 
10566 1576 1957 2105 4068 
10567 2138 2136 1757 4063 
10568 1576 2105 1724 4068 
10569 1500 2138 1757 4063 
10570 272 273 1849 2089 
10571 208 209 1709 1849 
10572 190 191 1760 1834 
10573 259 258 2141 1834 
10574 299 300 2144 1880 
10575 2015 2016 1634 4070 
10576 254 253 2145 1835 
10577 1569 1568 1949 4062 
10578 1950 1569 1949 4062 
10579 246 247 2090 1822 
10580 1590 2015 1634 4070 
10581 283 282 2061 1857 
10582 218 219 1673 1857 
10583 1635 1634 2016 4070 
10584 209 210 1511 1850 
10585 274 273 1892 1850 
10586 223 224 1872 1512 
10587 287 288 1893 1872 
10588 266 265 1900 1844 
10589 278 279 1858 2157 
10590 268 267 1901 1845 
10591 284 283 1903 1863 
10592 219 220 1522 1863 
10593 269 270 1853 1904 
10594 245 244 1826 1883 
10595 1952 1949 1568 4062 
10596 256 255 1894 1838 
10597 1571 1952 1568 4062 
10598 278 277 2169 1856 
10599 167 166 1639 1815 
10600 242 243 2020 1815 
10601 172 171 1509 1827 
10602 248 247 1827 1890 
10603 189 190 1506 1833 
10604 258 257 1887 1833 
10605 285 286 2072 1870 
10606 237 238 2146 1818 
10607 275 274 2168 1851 
10608 210 211 1786 1851 
10609 289 290 1886 1867 
10610 225 226 1867 1505 
10611 198 197 1844 1519 
10612 195 196 1507 1843 
10613 264 263 1888 1843 
10614 240 239 1821 1896 
10615 1686 2071 2066 4066 
10616 242 241 1817 1885 
10617 166 165 1504 1817 
10618 176 175 1521 1829 
10619 188 187 1838 1513 
10620 9 205 1810 1852 
10621 161 9 1810 1819 
10622 171 170 1710 1822 
10623 192 193 1503 1846 
10624 261 260 1884 1846 
10625 229 228 1500 1877 
10626 276 277 1860 1882 
10627 276 275 2156 1848 
10628 211 212 1775 1848 
10629 175 174 1682 1824 
10630 173 172 1731 1823 
10631 248 249 2112 1823 
10632 255 254 2095 1837 
10633 1782 2164 2103 4067 
10634 164 163 1515 1821 
10635 234 235 1874 1524 
10636 269 13 2189 1852 
10637 253 15 2186 1836 
10638 300 16 2185 1864 
10639 185 11 1836 1806 
10640 12 236 1804 1864 
10641 14 252 1813 2187 
10642 10 176 1805 1813 
10643 1722 1782 2103 4067 
10644 13 237 2189 1819 
10645 236 235 1763 1880 
10646 212 213 1501 1860 
10647 1971 2015 1590 4070 
10648 186 185 1835 1764 
10649 246 245 1825 2080 
10650 1790 1668 2171 4069 
10651 1668 2049 2171 4069 
10652 2071 1686 1691 4066 
10653 238 239 2176 1820 
10654 169 168 1502 1826 
10655 227 228 1865 1757 
10656 1768 1615 2150 4065 
10657 162 161 1523 1818 
10658 290 291 2137 1868 
10659 199 200 1520 1845 
10660 214 215 1776 1858 
10661 1690 1686 2066 4066 
10662 221 222 1870 1692 
10663 267 266 2184 1842 
10664 16 268 2185 1830 
10665 200 12 1804 1830 
10666 2016 1971 1635 4070 
10667 213 214 1787 1856 
10668 262 261 2181 1839 
10669 226 227 1868 1756 
10670 288 289 2173 1866 
10671 225 224 1792 1866 
10672 15 284 2186 1847 
10673 220 11 1806 1847 
10674 14 285 2187 1869 
10675 221 10 1805 1869 
10676 1825 169 170 1700 
10677 286 287 2178 1871 
10678 2121 1768 2150 4065 
10679 196 197 1796 1841 
10680 265 264 2177 1841 
10681 2071 1691 2070 4066 
10682 241 240 1816 2075 
10683 165 164 1695 1816 
10684 243 244 2179 1814 
10685 187 186 1837 1714 
10686 260 259 2188 1831 
10687 192 191 1831 1807 
10688 263 262 2151 1840 
10689 2070 1690 2066 4066 
10690 2052 1790 2171 4069 
10691 1790 2052 1671 4069 
10692 1590 1635 1971 4070 
10693 1691 1690 2070 4066 
10694 205 206 1779 1853 
10695 1627 2164 1782 4067 
10696 163 162 1795 1820 
10697 206 207 1774 1854 
10698 1627 2008 2164 4067 
10699 168 167 1798 1814 
10700 2150 1615 1996 4065 
10701 193 194 1800 1839 
10702 199 198 1842 1803 
10703 222 223 1871 1797 
10704 1769 194 195 1840 
10705 1740 1768 2121 4065 
10706 16 2185 1864 1830 
10707 12 1864 1804 1830 
10708 2186 15 1847 1836 
10709 1847 11 1806 1836 
10710 14 2187 1813 1869 
10711 10 1813 1805 1869 
10712 13 2189 1852 1819 
10713 164 240 1821 1896 
10714 1821 1515 164 1896 
10715 226 290 1867 1886 
10716 1505 226 1867 1886 
10717 1843 195 263 1507 
10718 263 1888 1843 1507 
10719 1829 176 252 1902 
10720 1829 1521 176 1902 
10721 1845 2185 1804 1520 
10722 2072 1870 1805 2187 
10723 1639 166 242 1815 
10724 242 2020 1639 1815 
10725 261 193 1846 1503 
10726 1806 1903 1863 2186 
10727 1875 231 2084 1704 
10728 295 231 2084 1875 
10729 2081 294 230 1873 
10730 1516 250 1828 1897 
10731 1701 2081 230 1873 
10732 280 1891 1510 1861 
10733 281 217 1898 1862 
10734 173 249 1897 1828 
10735 281 2077 1697 1859 
10736 217 281 1697 1859 
10737 1862 217 1898 1517 
10738 1897 1516 173 1828 
10739 293 2081 1701 1873 
10740 2084 230 1875 1704 
10741 230 294 2084 1875 
10742 1508 296 232 1878 
10743 1889 231 295 1878 
10744 1508 1889 296 1878 
10745 231 1889 1508 1878 
10746 297 233 1747 1876 
10747 233 297 1514 1879 
10748 1747 2128 297 1876 
10749 1514 1895 298 1879 
10750 297 1895 1514 1879 
10751 1510 216 280 1861 
10752 2077 280 216 1859 
10753 1697 2077 216 1859 
10754 1747 232 296 1876 
10755 1747 296 2128 1876 
10756 1862 1898 218 1517 
10757 1898 218 282 1862 
10758 279 215 1891 1861 
10759 1510 1891 215 1861 
10760 208 272 1518 1855 
10761 1826 1502 169 1883 
10762 1826 169 245 1883 
10763 1855 1518 271 1899 
10764 272 1518 1855 1899 
10765 1500 293 1877 1881 
10766 1763 300 236 1880 
10767 1877 292 1500 1881 
10768 190 258 1834 1760 
10769 229 293 1701 1873 
10770 293 229 1500 1877 
10771 283 1673 1857 2061 
10772 2138 1865 292 1757 
10773 280 1891 2077 1510 
10774 217 1898 1697 281 
10775 1898 217 1697 1517 
10776 1697 2077 281 1898 
10777 2084 2081 230 1704 
10778 1704 2081 230 1701 
10779 2081 230 294 2084 
10780 1704 2081 2083 2084 
10781 2081 1704 2083 1701 
10782 1704 1703 2083 1701 
10783 1601 1980 1600 1981 
10784 1981 1601 1980 1982 
10785 1889 295 231 2084 
10786 2084 231 1889 1704 
10787 1601 1980 1599 1600 
10788 1598 1600 1980 1979 
10789 1981 1980 1600 1979 
10790 1980 1599 1600 1598 
10791 1979 1980 1597 1978 
10792 1597 1598 1980 1979 
10793 231 1889 1704 1508 
10794 1980 1599 1598 1597 
10795 1597 1977 1979 1978 
10796 1979 1596 1597 1598 
10797 1977 1597 1979 1596 
10798 1958 1575 1945 1956 
10799 1577 1575 1564 1945 
10800 1575 1577 1958 1945 
10801 1575 1565 1945 1956 
10802 1945 1564 1577 1712 
10803 2093 1577 1945 1958 
10804 1575 1565 1564 1945 
10805 2093 1596 1577 1977 
10806 1577 1977 1958 2093 
10807 1577 2093 1945 1712 
10808 1946 1945 1565 1956 
10809 1596 2093 1577 1712 
10810 1565 1564 1945 1944 
10811 1944 1945 1565 1946 
10812 1564 1945 1942 1712 
10813 2093 1942 1945 1712 
10814 1712 1942 1562 2093 
10815 1570 1947 1960 1951 
10816 1566 1960 1570 1947 
10817 1565 1564 1944 1563 
10818 1960 1566 1570 1579 
10819 1562 1942 1558 1943 
10820 1592 1975 1962 1973 
10821 1975 1592 1962 1594 
10822 1942 1943 1562 2093 
10823 1942 1945 1564 1944 
10824 1592 1962 1960 1973 
10825 1962 1579 1592 1960 
10826 1564 1942 1561 1712 
10827 1558 1943 1942 1939 
10828 1942 1562 1558 1561 
10829 1942 1712 1562 1561 
10830 1960 1570 1951 1962 
10831 2100 1598 1596 1979 
10832 1960 1570 1962 1579 
10833 2100 1596 1977 1979 
10834 2093 1596 1977 2100 
10835 1944 1564 1942 1563 
10836 1596 2093 1712 2100 
10837 1570 1938 1947 1951 
10838 1566 1570 1557 1947 
10839 1561 1942 1564 1563 
10840 1712 2093 1562 2100 
10841 1943 1562 2093 2100 
10842 1962 1594 1592 1581 
10843 1938 1570 1947 1557 
10844 1579 1962 1592 1581 
10845 1579 1570 1962 1581 
10846 2100 1596 1598 1719 
10847 2100 1712 1596 1719 
10848 1560 1939 1552 1558 
10849 2100 1562 1712 1719 
10850 1942 1558 1939 1560 
10851 1942 1558 1560 1561 
10852 1563 1942 1944 1560 
10853 1563 1561 1942 1560 
10854 1939 1941 1552 1933 
10855 1939 1560 1552 1941 
10856 1942 1560 1939 1941 
10857 1551 1552 1938 1557 
10858 1560 1942 1944 1941 
10859 1552 1558 1938 1557 
10860 1558 1939 1552 1938 
10861 1551 1938 1552 1932 
10862 1566 1557 1551 1947 
10863 1551 1938 1947 1557 
10864 1932 1938 1552 1933 
10865 1938 1939 1552 1933 
10866 1938 1551 1947 1932 
10867 1548 1551 1928 1547 
10868 1932 1548 1928 1929 
10869 2082 2083 2134 1703 
10870 1929 1932 1548 1933 
10871 1548 1932 1928 1551 
10872 2081 2083 2082 1701 
10873 1703 2082 2083 1701 
10874 1552 1932 1548 1551 
10875 1932 1552 1548 1933 
10876 1567 2124 1742 2123 
10877 2124 1567 1742 1743 
10878 2124 1567 1948 2123 
10879 1567 1913 2102 1948 
10880 1721 1567 1532 2102 
10881 1913 1567 2102 1532 
10882 1702 2082 1753 1703 
10883 2082 2134 1753 1703 
10884 1934 1546 2044 1927 
10885 1546 1934 2044 1553 
10886 2044 1663 1546 1553 
10887 1703 1702 2082 1701 
10888 1554 1927 2044 1546 
10889 2044 1663 1554 1546 
10890 1928 1546 1934 1927 
10891 1546 1928 1934 1547 
10892 1553 1547 1546 1934 
10893 2132 1704 2084 1889 
10894 1751 1704 1889 1508 
10895 2132 1704 1889 1751 
10896 1927 1554 2044 1935 
10897 1567 1948 2122 1915 
10898 1946 1716 1985 2097 
10899 1985 1565 1716 1946 
10900 1985 1944 1565 1946 
10901 1728 1554 1544 1925 
10902 1563 1944 1565 1604 
10903 1752 2133 1605 1751 
10904 2132 1605 2133 1751 
10905 2132 1605 1986 2133 
10906 1743 2124 2102 2133 
10907 2133 2102 1743 1752 
10908 1743 2133 1752 2134 
10909 2133 1743 2124 2134 
10910 2102 1721 1743 1752 
10911 2133 2083 2132 1703 
10912 2133 1752 1703 1751 
10913 1703 2132 2133 1751 
10914 1925 1728 1935 2109 
10915 1728 1554 1925 1935 
10916 1567 2124 2102 1743 
10917 2124 1567 2102 1948 
10918 2102 1721 1567 1743 
10919 2134 2083 2133 1703 
10920 2133 1752 2134 1703 
10921 1547 1928 1548 1545 
10922 1928 1545 1926 1929 
10923 1545 1928 1548 1929 
10924 1753 1743 1752 2134 
10925 1948 1567 1913 1915 
10926 2073 1693 1728 1554 
10927 1704 2083 2132 2084 
10928 2083 1704 2132 1703 
10929 1703 1704 2132 1751 
10930 1913 1534 1567 1532 
10931 1551 1947 2113 1566 
10932 1566 1551 1732 2113 
10933 1752 1753 2134 1703 
10934 1554 1544 1927 1546 
10935 1554 1925 1927 1544 
10936 1947 1551 2113 1932 
10937 1532 1911 1721 2102 
10938 1911 1532 1913 2102 
10939 1728 1935 2073 1554 
10940 1935 1728 2073 2109 
10941 233 297 1747 1514 
10942 1925 1554 1927 1935 
10943 1605 1721 1530 1986 
10944 1565 1985 1716 1604 
10945 1604 1944 1565 1985 
10946 1534 1567 2122 1915 
10947 1567 2122 1741 1534 
10948 1911 1721 2102 1986 
10949 1928 1547 2113 1934 
10950 1732 1547 1553 1934 
10951 1547 1732 2113 1934 
10952 1544 1927 1546 1545 
10953 1544 1927 1926 1925 
10954 1544 1927 1545 1926 
10955 1911 1530 1532 1721 
10956 2097 1957 1946 1716 
10957 1565 1575 1576 1956 
10958 1576 1565 1946 1716 
10959 1946 1565 1576 1956 
10960 1742 1741 1567 2123 
10961 2122 1567 2123 1948 
10962 1743 2004 2124 2134 
10963 2004 1753 1743 1623 
10964 1721 1911 1530 1986 
10965 1534 1913 1567 1915 
10966 1753 2004 1743 2134 
10967 2074 1728 2073 1694 
10968 1693 2073 1728 1694 
10969 1928 1546 1927 1545 
10970 1546 1928 1547 1545 
10971 1927 1928 1545 1926 
10972 2109 1728 2073 2074 
10973 2074 2073 2003 1694 
10974 1693 2003 1694 1622 
10975 2073 1693 2003 1694 
10976 1605 2132 1750 1751 
10977 1750 1986 2132 1605 
10978 1986 1750 2132 2131 
10979 1926 1545 2085 1929 
10980 1545 1548 2085 1929 
10981 1551 1928 1547 2113 
10982 1732 1551 1547 2113 
10983 1567 2122 2123 1741 
10984 2113 1551 1928 1932 
10985 1604 1563 1944 2118 
10986 2106 2085 1548 1929 
10987 2123 1742 1741 2074 
10988 2074 1742 1741 1694 
10989 1747 297 1895 1514 
10990 2128 297 1895 1747 
10991 2003 1694 1742 2074 
10992 1742 2123 2003 2074 
10993 1694 2003 1742 1622 
10994 2004 1742 2124 2123 
10995 1743 2004 1742 2124 
10996 2004 1743 1742 1623 
10997 1753 2135 2082 1754 
10998 1909 1530 1910 1911 
10999 2003 1742 2004 2123 
11000 1742 2003 2004 1622 
11001 1742 1622 2004 1623 
11002 2077 216 280 1510 
11003 1510 2077 216 1697 
11004 2135 1753 2082 2134 
11005 2082 1753 1754 1702 
11006 1563 1604 1737 2118 
11007 1944 1604 2118 1985 
11008 1576 1946 1957 1716 
11009 1957 1946 1576 1956 
11010 2123 1741 2122 2074 
11011 2085 1705 1548 1545 
11012 1929 1548 2106 1933 
11013 1528 1910 1530 1529 
11014 1530 1909 1910 1528 
11015 1548 1552 2106 1933 
11016 2106 2085 1705 1548 
11017 2106 1705 1725 1548 
11018 2106 1552 1941 1933 
11019 1725 1552 1560 1941 
11020 1986 1530 1605 1528 
11021 1753 1623 2004 1754 
11022 1753 2004 2135 1754 
11023 1986 2131 1909 1750 
11024 1605 1986 1528 1750 
11025 1552 2106 1725 1548 
11026 1751 1889 1750 1508 
11027 1750 2132 1889 1751 
11028 2131 2132 1889 1750 
11029 1909 1530 1911 1986 
11030 1753 2135 2004 2134 
11031 1579 1960 1735 1593 
11032 1508 232 296 1747 
11033 296 2128 1889 1508 
11034 1536 1723 2122 1741 
11035 1534 2122 1536 1915 
11036 1741 2122 1536 1534 
11037 1909 1530 1986 1528 
11038 1592 1960 1593 1973 
11039 1960 1579 1592 1593 
11040 1552 1725 2106 1941 
11041 2118 1563 1944 1560 
11042 1944 2118 1560 1941 
11043 1528 1986 1909 1750 
11044 1750 1889 2128 1508 
11045 2131 1889 2128 1750 
11046 1560 2118 1725 1941 
11047 1716 2097 1957 1746 
11048 1943 1939 1727 2108 
11049 1727 1558 1943 1562 
11050 1951 1570 1938 2108 
11051 1727 1558 1939 1943 
11052 1727 1938 1570 2108 
11053 1938 1727 1570 1557 
11054 2135 2002 1624 1754 
11055 2002 1621 1624 1754 
11056 1624 2005 2002 2135 
11057 2118 1737 1563 1560 
11058 296 2128 1508 1747 
11059 2118 1560 1725 1737 
11060 2003 1693 1620 1622 
11061 1620 2073 1693 2003 
11062 2073 1620 2001 2003 
11063 2118 2106 1725 1941 
11064 1553 2044 2107 1934 
11065 1663 2044 2107 1553 
11066 1730 2044 1663 1554 
11067 2111 1554 2044 1730 
11068 1554 2111 2044 1935 
11069 1663 2107 1726 1553 
11070 1508 2128 1750 1747 
11071 1716 1957 1576 1746 
11072 2004 1621 1754 1623 
11073 2004 2002 2135 1754 
11074 1621 2004 1754 2002 
11075 1723 2104 1917 2122 
11076 1536 1723 1917 2122 
11077 1907 1750 1909 2131 
11078 1907 1528 1750 1526 
11079 2122 1917 1536 1915 
11080 1620 2073 2111 1693 
11081 2073 1620 2111 2001 
11082 1730 1693 1620 2111 
11083 2085 1542 1545 1926 
11084 2128 1895 1907 1526 
11085 2003 1620 1621 1622 
11086 2001 1620 1621 2003 
11087 2001 1621 2002 2003 
11088 1544 1728 1925 1541 
11089 1922 1925 1728 1541 
11090 1528 1907 1750 1909 
11091 1934 1720 2107 1553 
11092 1720 1934 2107 2101 
11093 2109 1925 1728 1922 
11094 1735 1974 1960 2116 
11095 1974 1735 1960 1593 
11096 1705 2085 1542 1545 
11097 1720 2107 1553 1726 
11098 1974 1593 1960 1973 
11099 1895 2128 1747 1526 
11100 1895 1747 1514 1526 
11101 1967 1977 1597 1978 
11102 1977 1586 1597 1596 
11103 1586 1596 1977 1577 
11104 1958 1586 1977 1577 
11105 1542 2085 1705 1706 
11106 1960 1947 1566 2116 
11107 1960 1735 1566 1579 
11108 1542 2085 1923 1926 
11109 1741 1723 2074 1694 
11110 1732 1553 1720 1934 
11111 2113 1720 1934 1732 
11112 1720 2113 1934 2101 
11113 1939 1938 1727 2108 
11114 1558 1938 1557 1727 
11115 1938 1558 1939 1727 
11116 1746 2097 1957 2127 
11117 2073 1693 1554 2111 
11118 1554 1693 1730 2111 
11119 2073 1554 1935 2111 
11120 2085 1706 2087 1705 
11121 2122 1723 2074 1741 
11122 2085 1542 1923 1706 
11123 2003 1621 2004 1622 
11124 2004 1622 1621 1623 
11125 1621 2003 2004 2002 
11126 1925 1542 1544 1541 
11127 1542 1925 1922 1541 
11128 2135 1624 1755 1754 
11129 1755 2136 2005 2135 
11130 1624 2135 1755 2005 
11131 1912 1532 1913 1911 
11132 1532 1912 1530 1911 
11133 1991 1720 2107 2101 
11134 1544 1926 1542 1925 
11135 1926 1544 1542 1545 
11136 1726 2107 1610 1720 
11137 1706 1923 2085 2086 
11138 1922 1728 2104 1541 
11139 2104 2109 1728 1922 
11140 2074 1723 1728 1694 
11141 1925 1923 1542 1922 
11142 1728 2104 2074 2109 
11143 1910 1530 1912 1911 
11144 1735 1732 1720 2113 
11145 2113 1720 2116 2101 
11146 1530 1910 1912 1529 
11147 1566 1732 1735 2113 
11148 2116 1947 1566 2113 
11149 2087 1705 1706 1707 
11150 1706 2085 2087 2086 
11151 1723 2122 2074 2104 
11152 1926 1923 1542 1925 
11153 1720 1991 2107 1610 
11154 1735 1960 1566 2116 
11155 1705 2106 2087 2085 
11156 1725 2087 1705 2106 
11157 2131 2128 1907 1750 
11158 1750 2128 1907 1526 
11159 2118 1717 2098 1604 
11160 2118 1604 2098 1985 
11161 2118 1717 1604 1737 
11162 2128 1750 1747 1526 
11163 1754 1755 2135 2082 
11164 1755 2136 2135 2082 
11165 2082 1754 1755 1702 
11166 1717 2087 2118 2098 
11167 1707 1717 2118 1737 
11168 1541 1728 2104 1723 
11169 1723 2074 1728 2104 
11170 2087 1725 1705 1707 
11171 2118 1737 1725 1707 
11172 2116 1735 1720 2113 
11173 2106 2087 2118 1725 
11174 2116 1566 1735 2113 
11175 1586 1977 1597 1967 
11176 1958 1977 1586 1967 
11177 1958 1575 1956 1964 
11178 1958 1577 1575 1964 
11179 2087 1717 2118 1707 
11180 1538 1917 1723 1919 
11181 1725 2087 2118 1707 
11182 1612 1733 2107 1726 
11183 1912 1531 1532 1530 
11184 1989 1735 1974 1608 
11185 1962 1713 1595 1581 
11186 1912 1530 1529 1531 
11187 1989 1720 1991 2101 
11188 1989 1610 1720 1608 
11189 1919 2104 1917 1723 
11190 1917 1538 1723 1536 
11191 1991 1610 1720 1989 
11192 1975 1594 1962 1976 
11193 1962 1595 1594 1581 
11194 1989 1974 1735 2116 
11195 1735 1593 1974 1608 
11196 2100 1602 1734 1719 
11197 1577 1958 1586 1964 
11198 1542 1921 1706 1540 
11199 2098 1604 1717 1745 
11200 1604 2126 2098 1985 
11201 1921 1542 1706 1923 
11202 1621 1624 2000 2002 
11203 2000 1619 1624 1621 
11204 1624 2005 2000 2002 
11205 2126 1604 2098 1745 
11206 1706 1921 1923 2086 
11207 1602 1600 1598 1979 
11208 1600 1602 1981 1979 
11209 1598 2100 1602 1979 
11210 1598 2100 1719 1602 
11211 1726 2107 1612 1610 
11212 1993 2107 1991 1610 
11213 1964 1958 1586 1967 
11214 1575 1577 1583 1964 
11215 2104 1541 1919 1922 
11216 1919 1538 1541 1723 
11217 2126 2097 1985 1716 
11218 2126 1985 1604 1716 
11219 1745 2126 1604 1716 
11220 2116 1720 1989 2101 
11221 1989 1720 1735 1608 
11222 1541 2104 1919 1723 
11223 1919 1540 1922 1541 
11224 1540 1919 1538 1541 
11225 1532 1913 1534 1533 
11226 1919 1540 1921 1922 
11227 1915 1534 1913 1533 
11228 2114 1993 1612 2107 
11229 1733 2114 1612 2107 
11230 1989 1735 1720 2116 
11231 2111 1620 1999 2001 
11232 1620 2111 1999 1730 
11233 1620 1730 1999 1618 
11234 1577 1586 1583 1964 
11235 2048 2127 2047 1667 
11236 2047 2127 1746 1667 
11237 1976 1595 1962 2094 
11238 1713 1962 1595 2094 
11239 1608 1989 1610 1990 
11240 1991 1610 1989 1990 
11241 1922 1540 1542 1541 
11242 1595 1962 1594 1976 
11243 1540 1922 1542 1921 
11244 1921 1542 1923 1922 
11245 1533 1532 1913 1912 
11246 1999 1620 1619 2001 
11247 1619 1620 1999 1618 
11248 1619 2000 1999 2001 
11249 2125 1716 1746 2097 
11250 1713 1951 1570 1962 
11251 1570 1713 1962 1581 
11252 2107 1993 1612 1610 
11253 2107 2114 2044 1663 
11254 2107 1733 1663 1726 
11255 1602 2100 1734 1983 
11256 2100 2115 1734 1983 
11257 1746 2125 2097 2127 
11258 1620 1621 1619 2001 
11259 2000 1621 2002 2001 
11260 1621 2000 1619 2001 
11261 1983 1981 1602 1979 
11262 1983 1602 2100 1979 
11263 1706 1921 1924 1540 
11264 1532 1533 1531 1912 
11265 1921 1706 1924 2086 
11266 2126 2125 2097 1716 
11267 1734 1943 2100 1562 
11268 2100 1734 1562 1719 
11269 2125 1745 1716 2126 
11270 1706 1968 1924 2086 
11271 1730 1999 2114 2111 
11272 1999 1730 2114 1618 
11273 1609 1608 1610 1990 
11274 1667 2047 2048 1665 
11275 1730 2044 2114 1663 
11276 2044 1730 2114 2111 
11277 1713 1570 1951 2108 
11278 1713 1727 1570 2108 
11279 1733 2107 1663 2114 
11280 1962 1713 1951 2094 
11281 1706 2087 1968 2086 
11282 1706 2087 1707 1968 
11283 1746 1666 2047 1667 
11284 1914 1915 1913 1533 
11285 1924 1540 1543 1706 
11286 1730 1733 2114 1618 
11287 1706 1968 1587 1924 
11288 1924 1543 1587 1706 
11289 1727 2115 1943 2108 
11290 1943 1734 1727 1562 
11291 1943 1734 2100 2115 
11292 2125 1746 2047 2127 
11293 1913 1914 1533 1912 
11294 1717 1968 2087 2098 
11295 1665 2047 2048 2046 
11296 1730 2114 1733 1663 
11297 2087 1707 1968 1717 
11298 1716 2125 1746 1744 
11299 1701 2081 293 1881 
11300 2082 1701 1881 2081 
11301 1701 2082 1881 1702 
11302 2094 1713 1951 2108 
11303 1968 1707 1706 1587 
11304 1699 1755 2136 2005 
11305 1755 1699 1624 2005 
11306 1713 2115 1727 2108 
11307 1666 2047 1667 1665 
11308 1755 2082 1881 2136 
11309 2082 1755 1881 1702 
11310 1745 2125 1716 1744 
11311 2098 1717 2119 1745 
11312 2098 2119 2126 1745 
11313 1738 2119 1717 1745 
11314 1717 2119 1968 2098 
11315 2115 1734 1727 1943 
11316 1738 2119 1587 1717 
11317 1614 1995 1612 2114 
11318 1587 1968 1707 1717 
11319 1666 1744 1746 2047 
11320 2115 1713 2094 2108 
11321 1746 2125 2047 1744 
11322 1727 1734 2115 1713 
11323 2005 2136 1699 2079 
11324 1995 1993 1612 2114 
11325 1612 1614 2114 1733 
11326 1587 2119 1968 1717 
11327 1763 2144 300 1880 
11328 2119 1969 2126 1745 
11329 2119 1738 1969 1745 
11330 1540 1924 1920 1921 
11331 2117 1744 1666 2047 
11332 1744 2117 2125 2047 
11333 2045 2046 1963 1664 
11334 1540 1539 1920 1543 
11335 2126 1969 2125 1745 
11336 1924 1540 1920 1543 
11337 2047 1665 1582 2046 
11338 1701 293 1500 1881 
11339 1701 1500 1702 1881 
11340 1582 2046 1665 1664 
11341 1702 1500 1755 1881 
11342 1665 2047 1582 1666 
11343 1664 1582 1959 1578 
11344 2045 1963 1959 1664 
11345 2105 1956 1575 1964 
11346 1758 2079 2078 1699 
11347 1999 2114 1995 1618 
11348 2114 1614 1995 1618 
11349 1575 1583 2105 1964 
11350 1745 1969 2125 1744 
11351 1550 1931 1924 1587 
11352 1614 2114 1733 1618 
11353 1999 1995 1998 1618 
11354 1614 1617 1998 1618 
11355 1614 1998 1995 1618 
11356 1924 1543 1550 1587 
11357 1931 1968 1924 1587 
11358 1919 1920 1540 1538 
11359 1920 1540 1921 1919 
11360 1745 1738 1969 1588 
11361 1897 1516 2062 2063 
11362 2062 1516 1682 2063 
11363 1744 1736 2117 1666 
11364 1920 1539 1540 1538 
11365 1969 1745 1588 1744 
11366 1746 1957 1576 1748 
11367 1748 1746 1957 2127 
11368 1683 1682 1516 2063 
11369 1575 1583 1724 2105 
11370 1582 2047 2117 1666 
11371 2125 1969 2117 1744 
11372 1514 298 234 1879 
11373 250 1516 1828 174 
11374 2047 2046 1582 1963 
11375 1675 1713 1595 2094 
11376 1976 1675 1595 2094 
11377 1675 1602 1734 1983 
11378 1675 1734 2115 1983 
11379 2046 1582 1963 1664 
11380 1963 1582 1959 1664 
11381 1738 2119 1931 1587 
11382 1575 2105 1576 1956 
11383 1956 1576 1957 2105 
11384 1588 1736 1969 1744 
11385 1738 1931 1550 1587 
11386 2048 2129 2127 1667 
11387 2127 1748 1746 1667 
11388 2129 1748 1957 2127 
11389 1931 2119 1968 1587 
11390 1698 1699 1758 2078 
11391 2079 1758 2078 2139 
11392 1874 1905 298 1524 
11393 1666 1736 2117 1582 
11394 1736 2117 1969 1744 
11395 1526 1895 1907 1525 
11396 1526 1514 1895 1525 
11397 2047 1582 2117 1963 
11398 1897 1516 250 2062 
11399 2055 1675 2115 1983 
11400 2094 1976 1675 2055 
11401 2017 1636 1671 2045 
11402 2052 2017 1671 2045 
11403 2045 1636 1671 1664 
11404 2105 1575 1576 1724 
11405 2127 2129 1748 1667 
11406 1884 261 1846 1503 
11407 2115 1713 1675 2094 
11408 1901 2185 1845 1520 
11409 1713 2115 1675 1734 
11410 1699 1624 2005 1698 
11411 271 207 1518 1855 
11412 1528 1909 1910 1908 
11413 1529 1528 1910 1527 
11414 1907 1528 1526 1527 
11415 1907 1909 1528 1908 
11416 2078 2005 1699 2079 
11417 1698 1619 2000 1617 
11418 1617 1998 2000 2078 
11419 2138 1500 292 1881 
11420 2094 1675 2115 2055 
11421 1972 1527 1640 1591 
11422 1624 2005 1698 2000 
11423 1619 1624 1698 2000 
11424 1912 1910 2110 1529 
11425 1531 2110 1729 1529 
11426 2110 1531 1912 1529 
11427 2145 1835 253 1764 
11428 1964 1586 2009 1967 
11429 2009 1628 1586 1583 
11430 1910 1527 1972 1529 
11431 1586 1964 2009 1583 
11432 1698 2005 1699 2078 
11433 298 1905 1895 1514 
11434 2021 1525 1908 1906 
11435 1597 1980 2008 1978 
11436 1980 1599 1597 2008 
11437 1757 1699 1755 2136 
11438 229 293 1500 1701 
11439 1906 1907 1895 1525 
11440 1617 2000 1698 2078 
11441 1757 1699 2136 2079 
11442 1514 1905 1895 1525 
11443 258 1834 1760 2141 
11444 2005 1698 2000 2078 
11445 1980 1601 1718 1982 
11446 1718 1601 1980 1599 
11447 1525 1907 1526 1527 
11448 1908 1527 1525 1640 
11449 1525 2021 1908 1640 
11450 1582 1572 1959 1578 
11451 1527 1972 1640 1908 
11452 1908 1972 1640 2021 
11453 298 1905 1514 1524 
11454 1529 1972 1591 1527 
11455 2052 1671 2046 2045 
11456 2045 1671 2046 1664 
11457 2050 1748 1667 1669 
11458 1671 1665 2046 1664 
11459 1953 2117 1736 1582 
11460 1582 1953 2117 1963 
11461 1527 1528 1910 1908 
11462 1527 1907 1528 1908 
11463 1525 1514 1905 1524 
11464 174 250 2062 1824 
11465 2062 1682 174 1824 
11466 2048 2129 1667 2050 
11467 257 2091 1711 1832 
11468 292 1500 2138 1757 
11469 1953 1582 1959 1963 
11470 1667 2129 1748 2050 
11471 1905 1906 1895 1525 
11472 2008 1599 1718 1980 
11473 1950 1736 1969 1588 
11474 189 257 1711 1832 
11475 1527 1910 1972 1908 
11476 1906 1907 1525 1908 
11477 1668 2049 1671 1665 
11478 1671 2046 2049 2052 
11479 1718 1679 2099 1982 
11480 1533 1912 1580 1531 
11481 1736 1969 2117 1950 
11482 2046 1671 2049 1665 
11483 1912 1533 1580 1914 
11484 1961 1580 1914 1912 
11485 1738 1937 1931 2119 
11486 2099 1980 1718 1982 
11487 2136 2138 1757 2079 
11488 1556 1738 1931 1550 
11489 1518 272 208 1709 
11490 1574 1953 1955 1571 
11491 2008 1722 1597 1978 
11492 1903 1806 1863 1522 
11493 1899 272 1518 1709 
11494 1920 1549 1543 1539 
11495 1512 288 224 1872 
11496 2008 1980 1718 2099 
11497 1527 1525 1907 1908 
11498 1930 1924 1920 1543 
11499 2017 1970 2015 1634 
11500 1959 1664 1578 1589 
11501 1959 2045 1664 1589 
11502 1970 2017 1636 1634 
11503 1874 298 234 1524 
11504 2088 1975 1592 1973 
11505 2088 1594 1592 1975 
11506 1549 1920 1543 1930 
11507 1738 1969 1937 2119 
11508 1679 1718 1601 1982 
11509 1599 1597 2008 1627 
11510 1636 1970 2045 2017 
11511 1664 2045 1636 1589 
11512 1835 185 253 1764 
11513 174 250 1516 2062 
11514 1682 174 1516 2062 
11515 2110 1910 1972 1529 
11516 1729 2110 1591 1529 
11517 2049 1668 1667 1665 
11518 1834 259 191 2141 
11519 2049 1667 2048 1665 
11520 1969 1738 1937 1588 
11521 223 287 1893 1872 
11522 1665 2048 2049 2046 
11523 1953 1572 1950 1571 
11524 1572 1574 1959 1578 
11525 1955 1959 1953 1574 
11526 1569 1950 1572 1571 
11527 1950 1952 1953 1571 
11528 1736 1572 1953 1582 
11529 1709 1899 272 2089 
11530 1972 1591 2110 1529 
11531 2110 1591 2023 1729 
11532 1711 2091 188 1832 
11533 1582 1953 1959 1572 
11534 1805 1692 1870 2072 
11535 1817 241 165 1885 
11536 1580 2110 1531 1912 
11537 1729 1580 2110 1531 
11538 1574 1955 1584 1571 
11539 1514 234 298 1524 
11540 2110 1580 1961 1912 
11541 1673 219 283 1857 
11542 2020 243 167 1815 
11543 1599 2008 1718 1627 
11544 256 188 2091 1832 
11545 2117 1953 1736 1950 
11546 1591 2110 2023 1972 
11547 197 265 1844 1900 
11548 1568 1569 1949 1937 
11549 1568 1569 1937 1556 
11550 1522 283 219 1863 
11551 1569 1950 1949 1937 
11552 2008 1722 1978 2103 
11553 1597 1722 2008 1627 
11554 1736 1950 1569 1588 
11555 1822 171 247 2090 
11556 1849 208 272 1709 
11557 1959 1574 1585 1578 
11558 2099 1679 2059 1982 
11559 1955 1585 1959 1574 
11560 1667 1668 2050 1669 
11561 1953 1574 1572 1571 
11562 1937 1738 1931 1556 
11563 2130 1724 2010 2105 
11564 1642 1729 2023 1591 
11565 1667 1668 2049 2050 
11566 1937 1950 1969 1588 
11567 2048 1667 2049 2050 
11568 1583 2010 2105 1964 
11569 1953 1952 1955 1571 
11570 1849 273 209 1709 
11571 1583 2010 1724 2105 
11572 279 1891 1776 2157 
11573 1931 1924 1930 1550 
11574 1628 1586 1722 2009 
11575 1586 1722 2009 1967 
11576 1543 1930 1924 1550 
11577 1738 1556 1937 1588 
11578 2130 1748 2050 1669 
11579 1543 1549 1930 1550 
11580 1776 1891 215 1510 
11581 1891 215 279 1776 
11582 258 190 1506 1760 
11583 1574 1959 1953 1572 
11584 2185 1804 268 1845 
11585 1765 2023 1729 2147 
11586 1765 1729 1580 2147 
11587 2130 1748 2129 2050 
11588 272 1849 1709 2089 
11589 1884 2155 1759 1773 
11590 1555 1931 1930 1550 
11591 2110 1729 2023 2147 
11592 2110 1580 1729 2147 
11593 1953 1572 1736 1950 
11594 2110 1961 1580 2147 
11595 1936 1568 1937 1555 
11596 2045 1959 1970 1589 
11597 1970 1636 1589 1634 
11598 1930 1549 1555 1550 
11599 1629 2009 1583 1628 
11600 1583 2009 2010 1964 
11601 1709 1849 273 2089 
11602 1955 1952 1584 1571 
11603 1724 2130 2010 1749 
11604 1724 2010 1629 1749 
11605 1572 1736 1950 1569 
11606 1970 1636 2045 1589 
11607 1817 1504 166 1885 
11608 2138 227 1865 1757 
11609 1583 2010 1629 1724 
11610 1709 273 209 1511 
11611 2088 1594 1708 1592 
11612 1965 1952 1584 1955 
11613 2019 1901 1763 2144 
11614 1806 1863 220 2186 
11615 1525 1905 2019 1524 
11616 1967 1597 1722 1978 
11617 291 227 1865 2138 
11618 1722 1586 1597 1967 
11619 1569 1937 1556 1588 
11620 283 1673 2061 1522 
11621 221 1805 1870 2187 
11622 1937 1569 1950 1588 
11623 1967 1722 2009 2103 
11624 1905 1525 2019 1906 
11625 1931 1555 1930 1936 
11626 1568 1936 1937 1949 
11627 1937 1555 1568 1556 
11628 2023 1729 1642 1765 
11629 1682 2062 2063 2071 
11630 2130 1748 1669 1749 
11631 1590 2015 1970 1634 
11632 2019 1525 2021 1906 
11633 190 258 1506 1833 
11634 2063 1683 1682 2071 
11635 161 237 1523 1818 
11636 1981 1601 2057 1600 
11637 1601 1981 2057 1982 
11638 2130 1724 2105 2129 
11639 1724 2130 1748 2129 
11640 1504 1639 166 1885 
11641 2021 1525 1638 1640 
11642 1511 1709 273 1892 
11643 1892 1709 273 2089 
11644 1521 2071 2072 1902 
11645 1673 1898 218 2061 
11646 2137 1699 1757 2079 
11647 1765 2027 2174 1646 
11648 288 1512 1893 1872 
11649 2009 1629 1583 2010 
11650 1632 1594 1975 1976 
11651 1585 1955 1959 1966 
11652 175 1682 2062 1824 
11653 2062 251 175 1824 
11654 1760 1887 258 2141 
11655 1506 1887 258 1760 
11656 1632 1595 1594 1976 
11657 1868 227 291 2137 
11658 1898 282 218 2061 
11659 1517 1898 218 1673 
11660 1616 1617 1998 1614 
11661 1995 1616 1998 1614 
11662 1995 1612 1613 1614 
11663 1612 1995 1613 1993 
11664 1630 1698 1758 2078 
11665 2078 1758 1630 2139 
11666 1905 299 235 1874 
11667 1760 1834 191 2141 
11668 1918 1761 1940 2142 
11669 2027 1765 2174 2147 
11670 2174 1765 1646 1793 
11671 1601 2058 1679 1982 
11672 1589 1959 1585 1578 
11673 1817 166 242 1885 
11674 1639 2020 167 1815 
11675 1580 1765 2147 2174 
11676 1580 1765 2174 1793 
11677 1900 198 266 1844 
11678 2027 1647 1648 1646 
11679 1893 1512 223 1872 
11680 1919 1917 1918 1538 
11681 1931 1555 1556 1550 
11682 1536 1918 1917 1538 
11683 235 1905 1874 1524 
11684 1919 1918 1920 1538 
11685 2147 1961 1580 2174 
11686 1539 1918 1538 1920 
11687 1683 1685 1686 2063 
11688 1978 1722 1967 2103 
11689 1748 2130 1724 1749 
11690 2031 2181 1650 2151 
11691 165 1504 1817 1885 
11692 1682 2062 2071 1521 
11693 2137 1757 2138 2079 
11694 2062 2071 1521 1902 
11695 2027 2029 1648 2028 
11696 1522 1903 283 1863 
11697 1686 1683 2063 2071 
11698 1894 188 256 1838 
11699 1639 2020 242 1885 
11700 1639 242 166 1885 
11701 1511 273 209 1850 
11702 1981 1603 1602 1600 
11703 1675 1983 1984 1602 
11704 1981 1602 1984 1983 
11705 1976 1675 2053 1595 
11706 1987 1592 1593 1973 
11707 1593 1974 1987 1973 
11708 1983 1675 1984 2055 
11709 172 248 1827 1890 
11710 1509 247 1827 171 
11711 1867 289 225 1886 
11712 1675 1976 2053 2055 
11713 1920 1539 1761 1549 
11714 1900 2038 1657 2022 
11715 258 1887 1506 1833 
11716 1632 2018 1639 2013 
11717 2142 1920 1549 1930 
11718 1936 1555 1937 1931 
11719 1695 2154 1896 1772 
11720 2023 1765 1644 2147 
11721 1500 228 292 1877 
11722 1699 2137 1758 2079 
11723 1916 1534 1536 1915 
11724 1916 1536 1917 1915 
11725 1865 228 292 1757 
11726 1916 1534 1915 1533 
11727 2137 1886 1758 2139 
11728 1914 1916 1915 1533 
11729 1711 188 2091 1513 
11730 1640 1972 1591 2022 
11731 1630 2012 1616 1997 
11732 1850 1511 273 1892 
11733 1607 1989 1608 1990 
11734 1970 1589 1590 1634 
11735 1888 196 264 1843 
11736 1998 1630 2078 1617 
11737 2079 2137 1758 2139 
11738 1609 1607 1608 1990 
11739 1539 1761 1918 1920 
11740 1672 2056 1603 2053 
11741 1641 1519 1657 2022 
11742 1519 1900 1657 2022 
11743 2091 188 256 1894 
11744 1768 2120 2121 2150 
11745 1974 1607 1989 1608 
11746 1607 1974 1593 1608 
11747 1852 9 1819 1810 
11748 2170 1789 2010 2130 
11749 2063 1897 1516 2064 
11750 2063 1684 1516 1683 
11751 1804 200 268 1845 
11752 1971 1585 1970 1966 
11753 1589 1585 1970 1590 
11754 2063 1685 1686 2066 
11755 1992 1610 1993 1991 
11756 1997 1630 2012 2011 
11757 2078 1617 1630 1698 
11758 1556 1937 1555 1931 
11759 1991 1610 1990 1992 
11760 1987 2088 1592 1973 
11761 1845 1804 200 1520 
11762 268 1901 2185 1845 
11763 1610 1993 1612 1611 
11764 1640 1972 2022 2021 
11765 1990 1610 1609 1992 
11766 2035 2032 1651 1559 
11767 2056 1772 1677 2154 
11768 1673 283 219 1522 
11769 1711 2091 257 1506 
11770 2071 2063 1686 2066 
11771 2144 1905 1524 2019 
11772 1765 2023 1644 1642 
11773 1585 1959 1970 1966 
11774 2088 1708 1637 1502 
11775 1959 1589 1585 1970 
11776 1900 1844 197 1519 
11777 257 189 1711 1506 
11778 1775 1789 2170 1501 
11779 1500 292 228 1757 
11780 1638 2038 1901 2019 
11781 1611 1613 1615 1994 
11782 248 172 1823 2112 
11783 1961 1580 2054 1914 
11784 1914 1580 1674 1533 
11785 2120 1770 2076 2152 
11786 2059 1679 2058 1982 
11787 274 210 1511 1786 
11788 1786 1892 274 2168 
11789 1638 1901 1763 2019 
11790 2159 2051 2169 1787 
11791 1893 2068 1512 1689 
11792 1822 246 170 2090 
11793 1936 1573 1568 1555 
11794 1591 2023 2022 1972 
11795 1606 1607 2007 1987 
11796 1632 2018 1637 1639 
11797 2068 1688 1512 1689 
11798 1822 1710 171 2090 
11799 1759 1800 2181 1884 
11800 2190 1808 1559 1674 
11801 1638 1520 1901 1657 
11802 1638 1901 2038 1657 
11803 2145 1903 2149 1764 
11804 1691 2071 2070 2072 
11805 2040 2039 2036 1658 
11806 2013 1632 1975 1976 
11807 1971 2096 2016 1635 
11808 1888 1645 2026 2025 
11809 1684 2150 2120 1768 
11810 2137 1757 227 2138 
11811 1857 1673 218 2061 
11812 1771 2153 1715 1513 
11813 1901 1638 1763 1520 
11814 2037 1659 1655 1656 
11815 1825 170 246 2080 
11816 249 1731 1823 173 
11817 1857 218 282 2061 
11818 1893 2068 1689 2069 
11819 2144 1524 1763 2019 
11820 249 173 1897 1731 
11821 173 1516 1897 1731 
11822 276 212 1882 1860 
11823 2138 291 227 2137 
11824 1641 1642 2023 1591 
11825 1789 1629 2010 1749 
11826 2130 1789 2010 1749 
11827 255 187 1894 1838 
11828 1584 1952 1658 1571 
11829 1826 244 168 1883 
11830 1761 1918 1940 1537 
11831 1778 1669 2050 1670 
11832 1584 1660 2148 1766 
11833 1863 220 1522 1806 
11834 1863 1903 284 2186 
11835 274 1511 1892 1786 
11836 1674 1916 1940 2054 
11837 2142 2035 1761 1940 
11838 1603 2057 2056 1677 
11839 2025 1507 1644 1643 
11840 1789 2159 2130 2170 
11841 1863 284 220 2186 
11842 1949 1936 1954 1568 
11843 1616 1995 1998 1997 
11844 1613 1616 1995 1614 
11845 1700 245 1883 2080 
11846 1584 1658 1952 1965 
11847 206 270 1854 2092 
11848 254 1835 2145 1764 
11849 257 189 1506 1833 
11850 1630 2011 2078 2139 
11851 1638 1524 1525 2019 
11852 2137 1505 226 1756 
11853 1644 1645 1507 2025 
11854 1613 1993 1995 1994 
11855 1525 2019 2021 1638 
11856 1632 2053 1595 1976 
11857 1651 2029 1649 1648 
11858 1846 192 260 1503 
11859 1630 2012 1631 1616 
11860 1615 1780 2067 2160 
11861 1894 1714 2096 1513 
11862 1802 2183 1761 1549 
11863 1615 1685 1768 2150 
11864 2027 1645 1647 1646 
11865 1920 1761 2142 1549 
11866 1759 2155 2034 1773 
11867 1870 285 221 2187 
11868 1601 2058 1678 1679 
11869 221 1805 1692 1870 
11870 285 1870 2072 2187 
11871 274 210 1786 1851 
11872 1632 1975 1594 2018 
11873 2028 1647 1759 1649 
11874 1549 2183 2142 1930 
11875 2039 1952 1949 1568 
11876 2080 1791 2007 2172 
11877 1851 1786 274 2168 
11878 2071 1683 1682 1691 
11879 1509 2120 1731 1890 
11880 1882 1775 2170 1501 
11881 2170 2156 1775 1882 
11882 276 212 1775 1882 
11883 1571 1952 1658 1568 
11884 2018 1594 2088 1975 
11885 2173 1689 1893 1792 
11886 2080 2007 1710 2090 
11887 1633 1777 2009 1628 
11888 2168 1786 2158 2014 
11889 163 239 1515 1821 
11890 2071 1521 2072 1691 
11891 1651 2030 2029 2032 
11892 1639 2018 2020 2013 
11893 1660 1965 1584 2148 
11894 2018 2088 1637 1883 
11895 1644 1645 2027 1646 
11896 1791 2080 1883 2172 
11897 1998 1616 1630 1617 
11898 1765 1644 2027 1646 
11899 1606 2007 1791 2172 
11900 1675 1672 2053 1595 
11901 1856 213 2169 1787 
11902 1690 2068 1512 1893 
11903 1940 1537 1918 1535 
11904 1761 2142 1918 1920 
11905 1631 2068 2067 2012 
11906 1687 2068 1631 1688 
11907 1778 2051 1787 1670 
11908 2051 1778 1787 2159 
11909 1690 2068 1688 1512 
11910 210 274 1511 1850 
11911 1677 2056 1603 1676 
11912 2057 1603 2056 1984 
11913 2088 1606 1592 1708 
11914 1685 1615 2067 2065 
11915 2051 2159 2050 1778 
11916 1778 2050 2051 1670 
11917 2120 1684 1731 2064 
11918 1765 2027 1644 2147 
11919 1584 1766 1955 1574 
11920 2137 1868 227 1756 
11921 2058 2154 1772 1896 
11922 1647 2027 1648 2028 
11923 1770 2090 2007 2152 
11924 1860 212 1882 1501 
11925 1749 2130 1789 1778 
11926 1509 1770 2120 2152 
11927 2159 1789 2130 1778 
11928 2021 2038 2022 1640 
11929 1690 1692 1691 2070 
11930 2070 1692 1691 2072 
11931 2174 1646 2027 1648 
11932 247 171 1509 2090 
11933 1761 1537 1940 1559 
11934 1669 2050 2130 1778 
11935 1519 1643 1900 2022 
11936 1643 1519 1641 2022 
11937 2056 1672 1603 1676 
11938 1603 2056 1984 2053 
11939 2157 1891 1776 2171 
11940 1883 169 245 1700 
11941 1883 1502 169 1700 
11942 1695 241 165 1816 
11943 2191 1809 1767 1522 
11944 1677 2057 1601 1600 
11945 2179 1798 1637 1639 
11946 2062 1682 175 1521 
11947 2062 175 251 1902 
11948 1801 1887 1760 2182 
11949 1790 1891 1776 1510 
11950 1891 1790 1776 2171 
11951 2175 1504 1639 1794 
11952 277 213 2169 1856 
11953 2190 1648 1651 1808 
11954 2149 1767 2096 1714 
11955 175 2062 1521 1902 
11956 2061 1903 283 1522 
11957 1839 2181 262 1800 
11958 1646 2174 1793 1648 
11959 1606 1592 1593 1987 
11960 1886 226 290 2137 
11961 1886 1505 226 2137 
11962 1658 1954 2036 1573 
11963 1971 2015 1970 1590 
11964 1780 2012 2067 2160 
11965 1786 275 211 2156 
11966 2153 1715 2006 1771 
11967 1700 2007 1710 2080 
11968 1858 279 1776 2157 
11969 2156 1786 275 2168 
11970 1691 1682 2071 1521 
11971 2174 2027 2029 1648 
11972 1699 2137 1757 1756 
11973 1643 2025 1888 2024 
11974 1888 1507 2025 1643 
11975 1686 1683 2071 1691 
11976 274 1511 1850 1892 
11977 1685 2063 2065 2066 
11978 1759 2031 2181 1650 
11979 1759 2181 2140 1884 
11980 1759 1800 1884 1503 
11981 1997 2012 1780 2160 
11982 1882 212 1775 1501 
11983 276 1775 2156 1882 
11984 1776 215 279 1858 
11985 2159 2170 1789 1501 
11986 1585 1971 1970 1590 
11987 1740 1992 1996 2121 
11988 1916 1674 1940 1535 
11989 1690 2068 1893 2070 
11990 1630 1998 2078 2011 
11991 1633 2158 1777 1786 
11992 1786 1633 2158 2014 
11993 1803 2184 1657 1900 
11994 1633 2158 2009 1777 
11995 2158 1633 2009 2014 
11996 2051 1787 2157 2169 
11997 1888 1507 1645 2025 
11998 1772 2154 2056 1695 
11999 1601 2057 2058 1982 
12000 1625 1971 1590 1715 
12001 240 1695 1896 164 
12002 1918 1940 1535 1916 
12003 1740 2076 2121 1739 
12004 1791 1883 2088 2172 
12005 1766 2148 1584 1955 
12006 1631 2068 1689 1688 
12007 2068 1631 1689 2012 
12008 1502 1637 2088 1883 
12009 1988 2007 1607 1987 
12010 2007 1607 1606 1626 
12011 2145 2095 254 1764 
12012 1549 2183 1555 1802 
12013 1678 2058 1515 1680 
12014 1759 2034 2030 1653 
12015 1672 1794 2056 2175 
12016 1887 257 2091 1506 
12017 1800 2181 262 2151 
12018 1695 240 1896 2075 
12019 1695 164 1515 1896 
12020 1675 1984 2055 2053 
12021 1674 1559 1940 1535 
12022 1668 2050 1669 1670 
12023 1883 1798 1637 2179 
12024 2183 1549 1555 1930 
12025 2158 1782 2164 2103 
12026 1684 1685 1683 2063 
12027 1714 1894 2096 2095 
12028 1766 1955 1574 1585 
12029 1537 1940 1559 1535 
12030 2153 1894 2096 1513 
12031 2049 1668 2051 2050 
12032 2076 1770 2007 2152 
12033 1900 198 1844 1519 
12034 2157 1776 1787 1670 
12035 1689 2068 2012 2069 
12036 2056 1794 1504 2175 
12037 2068 1687 1631 2067 
12038 2021 1638 2038 1640 
12039 167 1798 2179 1639 
12040 1573 1936 1568 1954 
12041 1749 1669 2130 1778 
12042 1513 1714 2096 1715 
12043 1780 1615 1994 2160 
12044 1632 2175 1639 1794 
12045 2050 2159 2130 1778 
12046 1767 2016 2096 1635 
12047 237 1523 1818 2146 
12048 1606 2088 1592 1987 
12049 2068 1690 1686 2066 
12050 1603 2057 1600 1981 
12051 1692 1521 1691 2072 
12052 1838 1894 188 1513 
12053 1555 2183 1573 1802 
12054 2039 1949 1954 1568 
12055 1807 2043 2141 2188 
12056 1628 1722 1777 2009 
12057 1900 1643 2024 2022 
12058 1536 1918 1538 1537 
12059 1611 1615 1740 1996 
12060 1992 1740 1996 1611 
12061 270 206 1904 2092 
12062 1918 1539 1538 1537 
12063 2173 1792 1505 1689 
12064 2142 1761 2183 1549 
12065 1758 1505 2137 1756 
12066 1711 2143 1762 1771 
12067 2053 1632 2013 1976 
12068 1994 1615 1611 1996 
12069 1994 1611 1992 1996 
12070 1661 2043 1760 1662 
12071 2183 1930 1555 1936 
12072 2153 1711 2143 2091 
12073 1594 1637 2088 1708 
12074 1775 1786 211 2156 
12075 2153 1711 2091 1513 
12076 1696 2076 1740 1739 
12077 1635 1590 1971 1715 
12078 1839 262 194 1800 
12079 1777 1722 1782 2103 
12080 2148 1965 1584 1955 
12081 2007 1700 1710 1626 
12082 1894 2091 188 1513 
12083 1809 2191 1673 1522 
12084 1887 1801 1760 1506 
12085 2182 1887 1760 2141 
12086 1638 1763 1524 2019 
12087 1799 2180 2012 1630 
12088 1686 2067 2068 2066 
12089 2158 1777 1782 2103 
12090 2033 2036 1652 2034 
12091 2067 1687 1615 1685 
12092 2018 1632 1975 2013 
12093 1789 2010 1633 2170 
12094 1616 1994 1995 1997 
12095 1709 2164 1892 1782 
12096 1778 2159 1789 1501 
12097 1647 2031 1759 1650 
12098 1756 2137 1758 1699 
12099 1848 211 275 2156 
12100 1827 1509 172 1890 
12101 247 1509 1827 1890 
12102 1613 1612 1993 1611 
12103 1954 1658 2036 2039 
12104 1679 2058 1680 2059 
12105 1955 1766 2148 1585 
12106 2025 2023 1644 2147 
12107 2036 2037 2040 1655 
12108 1659 2037 1655 2040 
12109 1591 2022 1641 1640 
12110 1520 2184 1657 1803 
12111 1644 2023 1643 1642 
12112 2144 299 235 1905 
12113 1994 1616 1995 1613 
12114 1795 239 1820 2176 
12115 2169 1882 2159 1787 
12116 2120 1731 1684 1739 
12117 2112 2120 1731 2064 
12118 2170 2159 1882 1501 
12119 2164 1709 1892 2089 
12120 1782 1709 1511 1892 
12121 1595 1672 2053 1632 
12122 2173 1893 288 1792 
12123 1971 1625 2006 1715 
12124 2006 2096 1971 1715 
12125 2168 2156 1786 2014 
12126 1800 262 194 2151 
12127 1655 1659 2040 1658 
12128 1655 2040 2036 1658 
12129 1555 2183 1936 1573 
12130 2034 1653 1656 1655 
12131 1786 2158 1892 2168 
12132 2050 1668 2051 1670 
12133 1987 1593 1607 1974 
12134 1890 2120 1731 2112 
12135 1739 2120 1731 1509 
12136 2023 1641 1643 1642 
12137 2042 1760 2043 2141 
12138 1506 1887 257 1833 
12139 2120 2121 2076 1739 
12140 1628 1633 1629 2009 
12141 1659 1658 1584 1965 
12142 168 1502 1826 1883 
12143 235 2144 1905 1524 
12144 170 1710 1822 2090 
12145 2065 1615 2067 1996 
12146 2095 187 255 1837 
12147 1787 2051 2157 1670 
12148 1757 2137 227 1756 
12149 1602 1984 1675 1603 
12150 1762 2143 1711 1506 
12151 2030 1759 1649 2028 
12152 1674 2054 1580 1914 
12153 1603 1981 1602 1984 
12154 2091 1711 2143 1506 
12155 1790 2165 2052 2171 
12156 2165 1790 2052 1783 
12157 1783 1790 2052 1671 
12158 1658 2039 1952 1965 
12159 1829 251 175 1902 
12160 1918 1916 1536 1917 
12161 1892 1782 2164 2158 
12162 1767 2149 1522 1764 
12163 175 1521 1829 1902 
12164 1537 1761 1918 1539 
12165 2009 1722 1777 2103 
12166 1505 1867 225 1886 
12167 1616 1998 1630 1997 
12168 2176 1795 239 1896 
12169 1789 1633 1775 2170 
12170 1777 2158 2009 2103 
12171 2158 1892 1511 1786 
12172 2188 191 259 2141 
12173 1684 2063 1516 2064 
12174 1892 1511 1782 2158 
12175 287 1797 1893 2178 
12176 1782 2164 1781 1709 
12177 1709 2163 2164 1781 
12178 1812 2143 2193 1771 
12179 2016 1767 2096 2149 
12180 1786 211 275 1851 
12181 2169 213 1882 1787 
12182 1851 275 1786 2168 
12183 1559 2035 1761 1654 
12184 2035 1559 1761 1940 
12185 2007 1696 1607 1626 
12186 2076 1607 1988 2007 
12187 1505 1886 1758 2137 
12188 2163 1709 2164 2089 
12189 2148 1955 1585 1966 
12190 1971 2096 1635 1715 
12191 2022 1641 2023 1591 
12192 2052 2165 1783 2017 
12193 2017 1783 2052 1671 
12194 1783 2017 1636 1671 
12195 265 197 2177 1900 
12196 1997 1998 1630 2011 
12197 235 2144 1524 1763 
12198 2010 1789 1633 1629 
12199 1647 2026 2027 2028 
12200 1760 2043 1807 1662 
12201 1670 2157 1776 2171 
12202 1695 1885 2056 1504 
12203 1660 2041 1965 2148 
12204 2018 1594 1632 1637 
12205 2096 1715 2153 1513 
12206 1807 2141 191 2188 
12207 1884 2043 2155 1773 
12208 2149 2096 2095 1714 
12209 2010 1633 2009 1629 
12210 2070 1893 1797 2178 
12211 1952 2039 1658 1568 
12212 1633 1786 1775 2156 
12213 1848 1775 211 2156 
12214 1633 2170 2010 2014 
12215 1790 1670 1776 2171 
12216 1633 1786 2156 2014 
12217 2030 1759 2028 2140 
12218 245 1700 1825 2080 
12219 1594 2018 2088 1637 
12220 1511 1777 2158 1786 
12221 1759 1653 2030 1649 
12222 213 2169 1882 277 
12223 1777 1782 1511 2158 
12224 1711 2153 1771 1513 
12225 1711 2153 2143 1771 
12226 187 1894 1838 1513 
12227 2076 1607 2007 1696 
12228 1914 1674 1916 1533 
12229 1781 1899 1518 1709 
12230 1714 1767 2096 1715 
12231 1965 1584 1659 1660 
12232 1534 1916 1536 1535 
12233 1796 2177 197 1900 
12234 1510 2165 1790 1891 
12235 1790 1891 2165 2171 
12236 2165 1510 1790 1783 
12237 2010 1633 2014 2009 
12238 1534 1916 1535 1533 
12239 2076 1990 1609 2121 
12240 1784 1898 1697 1517 
12241 2077 1697 2166 1898 
12242 1898 1784 1697 2166 
12243 2165 2077 1697 2166 
12244 2165 2077 1510 1697 
12245 2165 2077 1891 1510 
12246 1784 1783 1697 2166 
12247 2165 1697 1783 2166 
12248 1697 1510 2165 1783 
12249 1784 1634 2167 1785 
12250 1784 2017 1783 2166 
12251 2017 2165 1783 2166 
12252 1784 2015 2017 2166 
12253 2015 2017 1634 1784 
12254 2017 1784 1783 1636 
12255 2017 1636 1634 1784 
12256 2121 1609 1992 1990 
12257 1843 1888 196 1507 
12258 172 248 1890 2112 
12259 1585 2148 2006 1766 
12260 1645 2027 1647 2026 
12261 1787 2159 1778 1501 
12262 2180 2012 1630 2011 
12263 1656 2037 2034 1655 
12264 1654 2035 1651 1559 
12265 2032 2035 1940 1559 
12266 1568 1954 1658 1573 
12267 1760 2043 2141 1807 
12268 2022 2038 1657 1640 
12269 2151 262 194 1840 
12270 1607 1989 1990 1988 
12271 1672 2053 1603 1675 
12272 1898 1784 2167 1785 
12273 170 1825 1700 2080 
12274 1990 1607 2076 1609 
12275 1781 1899 1709 2163 
12276 2080 170 246 2090 
12277 1787 1882 2159 1501 
12278 1989 1607 1974 1988 
12279 2190 1808 1651 1559 
12280 1792 225 2173 1505 
12281 2058 1677 1601 1678 
12282 223 287 1797 1893 
12283 2193 1766 1660 1812 
12284 2163 1899 1709 2089 
12285 2026 1645 2027 2025 
12286 1653 2034 1652 1655 
12287 1710 1509 171 2090 
12288 2156 1775 1633 2170 
12289 1516 1897 1731 2064 
12290 2070 1797 1692 2178 
12291 1633 2156 2170 2014 
12292 1769 1650 1800 2151 
12293 2181 1800 1650 2151 
12294 2167 2015 1784 2166 
12295 1634 2167 2015 1784 
12296 1657 1641 2022 1640 
12297 2034 1759 2030 2140 
12298 1787 2169 214 2157 
12299 2028 2029 1648 1649 
12300 1695 165 241 1885 
12301 1784 1898 1517 1785 
12302 2166 1784 2167 1898 
12303 2051 2157 1670 2171 
12304 1522 2149 1903 1764 
12305 1685 2067 1686 2066 
12306 2088 1502 1791 1708 
12307 2154 2057 1677 2056 
12308 1616 2012 1780 1997 
12309 1680 2058 1515 1896 
12310 1503 1884 1759 1773 
12311 2140 2155 1759 1884 
12312 1781 1627 2164 1782 
12313 2164 1627 1781 2163 
12314 1610 1992 1993 1611 
12315 1610 1609 1992 1611 
12316 2090 1509 247 1890 
12317 1645 2151 1888 2026 
12318 1638 2021 2038 2019 
12319 1787 213 1882 1501 
12320 1512 224 288 1792 
12321 2148 1585 2006 1966 
12322 1764 2095 2149 2145 
12323 1870 1692 286 2072 
12324 1606 2007 2172 1987 
12325 1776 1787 214 2157 
12326 1692 286 222 1870 
12327 1760 2042 2043 1661 
12328 1792 1893 1512 1689 
12329 2175 1632 1639 2013 
12330 1644 2027 1645 2025 
12331 1676 2056 1504 1695 
12332 1648 2190 1793 1808 
12333 1686 1690 2068 1688 
12334 2056 2053 1672 2175 
12335 2179 243 167 2020 
12336 1700 245 1825 169 
12337 2169 278 214 2157 
12338 2018 1639 2179 1637 
12339 1768 1740 2121 1739 
12340 2032 1651 2030 2033 
12341 1657 2038 1638 1640 
12342 1790 1668 1670 2171 
12343 2025 1644 2027 2147 
12344 2051 1668 2049 2171 
12345 1611 1993 1613 1994 
12346 1680 1678 2058 1679 
12347 2150 1684 2120 2064 
12348 2054 1793 1580 2174 
12349 1615 1685 2150 2065 
12350 2058 1680 2060 1896 
12351 2144 235 299 1880 
12352 1515 1772 2058 1678 
12353 1714 254 186 1837 
12354 2090 1770 2007 1710 
12355 1899 1518 1788 1781 
12356 1689 2173 1893 2069 
12357 1780 1615 1613 1994 
12358 1803 1900 198 2184 
12359 239 1515 1821 1896 
12360 2183 1954 1936 1573 
12361 2008 1627 2164 2163 
12362 1715 1625 2006 1771 
12363 1715 2006 2096 2153 
12364 2012 1631 1799 1630 
12365 2064 1685 2063 2065 
12366 1961 1580 2174 2054 
12367 1686 2068 1687 1688 
12368 1819 1852 1810 2189 
12369 1648 2190 1651 2029 
12370 1658 2039 1954 1568 
12371 1775 212 276 1848 
12372 1518 1774 271 1899 
12373 1718 1781 1627 2099 
12374 1818 162 238 2146 
12375 1808 2190 1793 1674 
12376 1504 2175 1639 1885 
12377 2163 1781 1788 2099 
12378 1858 1776 214 2157 
12379 1772 2056 1677 1676 
12380 1788 1899 1781 2163 
12381 1807 2141 1760 191 
12382 1714 2095 254 1837 
12383 1890 1509 2120 2152 
12384 2173 225 289 1886 
12385 1883 1637 2018 2179 
12386 2057 1601 2058 1677 
12387 2184 2038 1657 1900 
12388 2154 1695 1896 2075 
12389 1695 1515 1772 1896 
12390 1887 2091 2143 1506 
12391 2163 1627 1781 2099 
12392 1700 1791 2007 2080 
12393 214 278 1858 2157 
12394 1660 2143 2193 1812 
12395 1634 2016 2167 1785 
12396 1796 1900 1643 2177 
12397 1658 2040 2039 1965 
12398 1894 187 255 2095 
12399 1690 2068 2070 2066 
12400 1800 261 2181 1884 
12401 1885 1695 2056 2075 
12402 1593 1987 1607 1606 
12403 2151 1645 1888 1769 
12404 1812 1762 2143 1771 
12405 2006 1966 1585 1971 
12406 2036 1655 1658 1573 
12407 2034 1759 1773 1653 
12408 2030 1651 2029 1649 
12409 2190 1651 2029 2032 
12410 1739 1696 2076 1770 
12411 1673 1898 2167 1785 
12412 193 261 1800 1503 
12413 2023 1644 1643 2025 
12414 1643 2177 1888 1796 
12415 1769 263 1888 2151 
12416 1668 2051 1670 2171 
12417 1788 1899 2163 2162 
12418 2080 1791 1883 1700 
12419 1718 1788 1781 2099 
12420 1767 1635 2096 1715 
12421 2033 2032 1651 2035 
12422 2012 1780 2067 1631 
12423 1600 1677 2057 1603 
12424 1502 1883 1791 1700 
12425 1731 1897 249 2112 
12426 2173 1866 225 1792 
12427 198 2184 1900 266 
12428 1659 1661 2042 1660 
12429 1659 2042 2041 1660 
12430 1774 206 1854 2092 
12431 2063 1684 1685 2064 
12432 2162 2163 1788 2099 
12433 2067 1687 1780 1615 
12434 1900 1657 1803 1519 
12435 1652 2030 1651 2033 
12436 2153 2091 1894 1513 
12437 1763 235 2144 1880 
12438 2175 1504 2056 1885 
12439 1639 2018 2179 2020 
12440 1685 2150 1684 1768 
12441 1816 1695 241 2075 
12442 2120 1768 2121 1739 
12443 2015 2016 2167 1634 
12444 2008 1627 2163 2099 
12445 1673 2167 1898 2061 
12446 1780 1631 2012 1616 
12447 1731 1823 172 2112 
12448 1641 2023 1643 2022 
12449 2175 2020 1639 1885 
12450 1770 2120 2076 1739 
12451 1673 1517 1898 1785 
12452 168 1798 1883 2179 
12453 1769 263 195 1507 
12454 1675 1984 2053 1603 
12455 267 199 1901 1845 
12456 2160 2067 1615 1996 
12457 2185 1804 1864 1830 
12458 2186 1847 1806 1836 
12459 1813 1805 1869 2187 
12460 276 1775 1848 2156 
12461 2067 1686 2068 1687 
12462 2191 2061 1673 1522 
12463 1502 1798 1637 1883 
12464 239 163 1515 1795 
12465 1657 1901 2038 2184 
12466 2184 1520 1657 1901 
12467 1659 2041 1965 1660 
12468 1731 249 1823 2112 
12469 1512 223 1797 1893 
12470 239 1795 1820 163 
12471 1689 2180 2012 1799 
12472 1791 2088 1606 2172 
12473 2007 1626 1791 1700 
12474 1645 1888 1769 1507 
12475 1900 197 1796 1519 
12476 1695 1504 165 1885 
12477 1769 1800 194 2151 
12478 1788 2059 2162 2099 
12479 271 207 1774 1518 
12480 1603 2057 1981 1984 
12481 1835 254 186 1764 
12482 1769 1888 263 1507 
12483 1884 1846 260 1503 
12484 1505 2173 1689 2069 
12485 2137 226 1868 1756 
12486 2020 167 2179 1639 
12487 2120 1684 1768 1739 
12488 2037 2036 2034 1655 
12489 1899 1774 271 2092 
12490 2067 1685 2065 2066 
12491 1893 1690 1797 1512 
12492 1772 2058 1677 2154 
12493 2033 1651 1652 2035 
12494 1883 1791 2088 1502 
12495 270 206 1853 1904 
12496 1606 2007 1626 1791 
12497 1674 1940 2190 2054 
12498 2080 1710 170 2090 
12499 1893 1512 288 1792 
12500 2175 1639 2020 2013 
12501 2007 1710 1770 1626 
12502 1780 1687 2067 1631 
12503 1795 2146 2060 2176 
12504 2065 2150 1615 1996 
12505 2153 2193 2143 1771 
12506 2056 1794 1672 1676 
12507 2023 2025 1643 2024 
12508 1535 1918 1536 1537 
12509 1674 1914 1916 2054 
12510 1770 1509 2090 2152 
12511 1811 1655 2192 1573 
12512 1648 1647 2028 1649 
12513 2024 1643 2023 2022 
12514 1504 1794 2056 1676 
12515 1689 1505 2180 1799 
12516 1764 254 186 1714 
12517 1866 225 289 2173 
12518 2031 1647 1759 2028 
12519 1509 1731 172 1890 
12520 1634 1635 2016 1785 
12521 1503 2043 1773 1662 
12522 1997 1780 1994 2160 
12523 1884 1800 261 1503 
12524 1766 2193 1660 2148 
12525 1680 1523 1681 2060 
12526 1801 2182 2042 1660 
12527 1645 2031 1647 1650 
12528 1672 1632 1794 2175 
12529 2173 1505 1886 2069 
12530 1764 2095 254 1714 
12531 1690 1893 1797 2070 
12532 2181 1800 1759 1650 
12533 2037 1773 2034 2155 
12534 2058 1680 2059 2060 
12535 1772 2056 1676 1695 
12536 1700 1710 170 2080 
12537 2120 1739 1770 1509 
12538 2007 1770 1696 1626 
12539 1988 1607 1974 1987 
12540 1655 2192 1652 1811 
12541 1660 1762 2143 1812 
12542 2191 1767 2149 1522 
12543 1611 1992 1993 1994 
12544 1868 290 226 2137 
12545 1772 1515 2058 1896 
12546 1918 1535 1536 1916 
12547 1971 1585 1625 1590 
12548 2042 1801 1760 2182 
12549 2160 1615 1994 1996 
12550 1767 2149 1764 1714 
12551 2151 1650 2031 1645 
12552 1770 2076 2007 1696 
12553 1883 244 168 2179 
12554 1662 2043 2037 1661 
12555 2006 1585 1766 1625 
12556 1900 1796 1643 1519 
12557 1690 1797 1692 2070 
12558 1692 2070 2178 2072 
12559 1731 1684 1516 2064 
12560 2059 1681 1788 2162 
12561 1795 1680 1515 1896 
12562 2190 1651 2032 1559 
12563 2034 2036 1652 1655 
12564 1714 187 2095 1837 
12565 2169 214 1856 1787 
12566 1687 2067 1686 1685 
12567 2121 1609 2076 1740 
12568 1609 2121 1992 1740 
12569 2151 194 1769 1840 
12570 2155 1759 2034 2140 
12571 2154 2056 1695 2075 
12572 2006 1812 1766 2193 
12573 1793 2054 1580 1674 
12574 2174 1648 2190 1793 
12575 2075 1695 241 1885 
12576 1674 1535 1916 1533 
12577 1658 1659 2040 1965 
12578 1940 1674 2190 1559 
12579 286 1692 1797 2178 
12580 1648 2174 2190 2029 
12581 1763 1901 2185 2144 
12582 1714 1894 187 1513 
12583 214 2169 1856 278 
12584 2040 2042 2041 1659 
12585 1607 1990 2076 1988 
12586 213 1882 1860 277 
12587 2174 1793 2190 2054 
12588 1681 1788 1679 2059 
12589 1625 2006 1585 1971 
12590 1652 2034 2030 2033 
12591 1696 2076 1609 1740 
12592 1609 1740 1992 1611 
12593 2141 1760 2182 2042 
12594 1631 1799 1689 2012 
12595 1763 1804 2185 1520 
12596 1774 1854 271 2092 
12597 2149 1903 2191 1522 
12598 1609 1607 2076 1696 
12599 1680 1681 1679 2059 
12600 1805 252 176 1902 
12601 176 1521 1805 1902 
12602 2177 1643 2024 1900 
12603 1791 2088 1708 1606 
12604 1503 2188 2043 1807 
12605 2180 1689 2012 2069 
12606 1900 1803 198 1519 
12607 2177 196 264 1888 
12608 2177 1643 1888 2024 
12609 1888 1507 1643 1796 
12610 225 2173 1505 1886 
12611 1661 2042 2037 1659 
12612 2181 2140 2031 1759 
12613 1681 1523 1779 2161 
12614 2041 1659 1965 2040 
12615 1890 1731 172 2112 
12616 1818 1523 162 2146 
12617 2183 1761 1654 1802 
12618 2029 2028 2030 1649 
12619 2030 1652 1651 1649 
12620 1652 2192 2036 2033 
12621 2037 1661 1659 1656 
12622 1758 2180 1630 2139 
12623 2072 1805 1521 1902 
12624 1888 2177 196 1796 
12625 1774 1681 1779 2092 
12626 2112 1731 1897 2064 
12627 1882 213 1860 1501 
12628 1845 199 1901 1520 
12629 1689 2180 1505 2069 
12630 2175 2053 1632 2013 
12631 2095 1894 187 1714 
12632 164 240 1695 1816 
12633 1780 1997 1994 1616 
12634 1763 236 300 1804 
12635 2095 1764 2149 1714 
12636 1795 1515 239 1896 
12637 1785 2191 1673 1809 
12638 2146 1795 162 2176 
12639 1503 192 260 1807 
12640 240 1695 1816 2075 
12641 2172 2088 1606 1987 
12642 1613 1616 1780 1994 
12643 252 1805 2187 1902 
12644 1685 2064 2150 2065 
12645 2188 1503 260 1807 
12646 1903 2061 2191 1522 
12647 2042 2182 2041 1660 
12648 1801 2042 1661 1660 
12649 2042 2037 2043 1661 
12650 2035 1651 1652 1654 
12651 1632 1672 2053 2175 
12652 1759 2140 2031 2028 
12653 2043 1503 1807 1662 
12654 2180 1758 1886 2139 
12655 2036 1954 2192 1573 
12656 168 1798 1502 1883 
12657 1681 2161 2092 2162 
12658 1635 2191 1809 1767 
12659 2034 1652 2030 1653 
12660 1758 2180 1799 1630 
12661 2058 1772 1677 1678 
12662 2037 1662 1661 1656 
12663 2180 1886 1505 2069 
12664 253 1806 2145 1764 
12665 2146 1523 1795 2060 
12666 1680 1795 1523 2060 
12667 2193 2041 1660 2148 
12668 1805 2072 2187 1902 
12669 1801 2042 1760 1661 
12670 1770 1509 1710 2090 
12671 300 2144 1763 2185 
12672 2064 1685 2150 1684 
12673 1811 2183 1573 2192 
12674 2035 2142 1761 2183 
12675 1763 1901 1520 2185 
12676 1890 2090 1509 2152 
12677 1505 1758 2180 1799 
12678 2043 1773 2037 2155 
12679 2043 1503 1773 1884 
12680 2184 1520 199 1803 
12681 1804 300 1763 2185 
12682 1681 2059 2161 2162 
12683 286 1797 1871 2178 
12684 2146 162 238 2176 
12685 2193 2148 1766 2006 
12686 1806 253 185 1764 
12687 2006 1812 2193 1771 
12688 199 267 1901 2184 
12689 2145 1806 1903 1764 
12690 1853 206 1779 1904 
12691 2058 2154 2057 1677 
12692 2183 1811 1573 1802 
12693 271 207 1854 1774 
12694 1853 1779 269 1904 
12695 2011 1630 2180 2139 
12696 2193 2041 2143 1660 
12697 2031 2026 1647 2028 
12698 1635 2191 1785 1809 
12699 1627 2008 1718 2099 
12700 2040 2037 2042 1659 
12701 1788 1899 1774 1518 
12702 2054 1793 2190 1674 
12703 1801 1762 2143 1660 
12704 2179 1798 167 1814 
12705 1779 269 205 1853 
12706 286 1692 2178 2072 
12707 2031 1645 1647 2026 
12708 1692 222 286 1797 
12709 1652 1649 2030 1653 
12710 1773 2034 1653 1656 
12711 253 1806 2186 2145 
12712 1940 2190 2032 1559 
12713 2031 2151 1645 2026 
12714 1899 1788 1774 2162 
12715 1810 1523 161 2189 
12716 1507 1888 196 1796 
12717 2092 1899 1774 2162 
12718 2177 196 1841 264 
12719 2182 1801 2143 1660 
12720 1785 2191 2167 1673 
12721 2059 1680 1681 2060 
12722 2186 1806 1903 2145 
12723 1773 2037 2034 1656 
12724 237 161 1523 2189 
12725 2151 1769 1650 1645 
12726 2177 197 265 1841 
12727 1692 1805 1521 2072 
12728 2191 2167 1673 2061 
12729 261 2181 1839 1800 
12730 196 2177 1841 1796 
12731 1839 193 261 1800 
12732 2161 2059 1681 2060 
12733 1841 2177 197 1796 
12734 1761 1654 2035 2183 
12735 168 1798 2179 1814 
12736 1884 2188 2043 1503 
12737 1655 2036 2192 1573 
12738 2192 1954 2183 1573 
12739 1652 2192 2035 1811 
12740 1758 1886 1505 2180 
12741 1773 2043 2037 1662 
12742 199 1901 1520 2184 
12743 2153 2006 2193 1771 
12744 288 1866 2173 1792 
12745 1652 2036 2192 1655 
12746 1871 1797 287 2178 
12747 199 1842 2184 1803 
12748 2179 167 243 1814 
12749 1503 2188 260 1884 
12750 2191 2016 1785 2167 
12751 2191 1635 2016 1767 
12752 2143 1762 1801 1506 
12753 1812 2006 1766 1625 
12754 267 199 1842 2184 
12755 1797 222 286 1871 
12756 1523 1795 162 2146 
12757 1806 1522 1903 1764 
12758 1797 287 223 1871 
12759 2179 244 168 1814 
12760 2143 2041 2182 1660 
12761 1767 2016 2191 2149 
12762 2192 1652 2035 2033 
12763 2143 1801 2182 1887 
12764 2184 1842 198 1803 
12765 2191 1635 1785 2016 
12766 1866 288 224 1792 
12767 1662 2037 1773 1656 
12768 2146 237 1523 2189 
12769 1887 2143 1801 1506 
12770 1842 198 266 2184 
12771 2151 1769 263 1840 
12772 1812 2006 1625 1771 
12773 2188 259 191 1831 
12774 1769 195 263 1840 
12775 1831 191 2188 1807 
12776 1795 1820 162 2176 
12777 260 192 1831 1807 
12778 1831 2188 260 1807 
12779 1652 2035 1654 1811 
12780 1806 253 1836 185 
12781 1864 300 236 1804 
12782 1805 252 1813 176 
12783 1820 238 162 2176 
12784 2183 2035 2192 1811 
12785 1811 2183 1654 1802 
12786 253 1806 1836 2186 
12787 1804 1864 300 2185 
12788 252 1805 1813 2187 
12789 1779 1810 205 2189 
12790 1779 1904 2146 2189 
12791 1779 205 269 2189 
12792 1904 1779 269 2189 
12793 268 1804 2185 1830 
12794 1847 1806 220 2186 
12795 1869 1805 221 2187 
12796 2183 1654 2035 1811 
12797 1523 1810 1779 2189 
12798 2146 1523 1779 2189 
12799 1804 268 200 1830 
12800 1847 220 284 2186 
12801 1869 221 285 2187 
12802 1819 13 9 1852 
12803 1813 10 14 1869 
12804 1847 15 11 1836 
12805 12 16 1864 1830 
12806 2161 1523 2060 1681 
12807 2060 1523 2161 2146 
12808 1779 2092 206 1774 
12809 206 2092 1779 1904 
12810 1679 2099 1788 1718 
12811 1788 2099 1679 2059 
12812 2161 1779 2092 1904 
12813 2161 2092 1779 1681 
12814 2146 1779 2161 1904 
12815 2146 2161 1779 1523 
12816 2162 1774 1681 1788 
12817 2162 1681 1774 2092 
12818 2189 205 1852 1810 
12819 2189 1852 205 269 
12820 2189 161 1819 237 
12821 2189 1819 161 1810 
12822 2060 1795 1896 1680 
12823 2060 1896 1795 2176 
3 4 4 2336
12824 2522 2563 2182 4076 
12825 2182 2141 2522 4076 
12826 1924 2467 2086 4073 
12827 2467 1924 2305 4073 
12828 2467 2349 2086 4073 
12829 2349 1968 2086 4073 
12830 2349 2305 1968 4073 
12831 1968 2305 1924 4073 
12832 2541 1997 2160 4074 
12833 2158 2168 2549 4072 
12834 2036 2415 2034 4075 
12835 2539 2158 2549 4072 
12836 2414 2417 2033 4075 
12837 2378 1997 2541 4074 
12838 2036 2417 2415 4075 
12839 2160 2393 2541 4074 
12840 1892 2539 2273 4072 
12841 1892 2158 2539 4072 
12842 2417 2036 2033 4075 
12843 2393 2160 2012 4074 
12844 274 2231 338 4077 
12845 338 2232 274 4077 
12846 2182 2563 1887 4076 
12847 2563 2268 1887 4076 
12848 2414 2033 2034 4075 
12849 2415 2414 2034 4075 
12850 2240 2442 347 2061 
12851 315 251 2062 2206 
12852 315 2062 2443 2206 
12853 1905 363 299 2257 
12854 2256 297 361 2509 
12855 295 359 2255 2465 
12856 2084 295 2255 2465 
12857 2243 346 282 2279 
12858 2209 250 314 2278 
12859 2209 1897 250 2278 
12860 282 2243 2279 1898 
12861 2242 344 280 1891 
12862 279 343 2242 2272 
12863 1891 2242 344 2272 
12864 1891 279 2242 2272 
12865 294 2462 2254 2081 
12866 281 2458 2077 2239 
12867 2462 294 2254 358 
12868 344 280 2077 2239 
12869 2458 281 345 2239 
12870 2077 2458 344 2239 
12871 2243 281 345 2279 
12872 2279 2243 281 1898 
12873 1897 249 313 2209 
12874 313 1897 2209 2278 
12875 293 357 2462 2254 
12876 293 2462 2081 2254 
12877 358 2084 2255 2465 
12878 2084 358 2255 294 
12879 2259 296 360 2270 
12880 359 295 2259 1889 
12881 296 2259 1889 2270 
12882 1889 2259 359 2270 
12883 2256 2128 297 2509 
12884 362 298 1895 2260 
12885 1895 297 361 2260 
12886 1895 2276 362 2260 
12887 1895 361 2276 2260 
12888 360 296 2256 2509 
12889 2256 296 2128 2509 
12890 335 271 2280 2235 
12891 2280 272 336 2235 
12892 2257 1905 363 2286 
12893 357 293 2262 2258 
12894 2280 271 1899 2235 
12895 2280 1899 272 2235 
12896 2258 293 2262 1881 
12897 288 2173 2554 2252 
12898 2258 2262 292 1881 
12899 292 356 2262 2258 
12900 2518 2137 1886 2248 
12901 2246 292 356 2519 
12902 2443 250 314 2206 
12903 2443 2062 250 2206 
12904 2246 2138 292 2519 
12905 2091 321 2472 2213 
12906 1905 298 362 2257 
12907 2207 1883 245 2264 
12908 245 309 2207 2264 
12909 2176 2557 303 2202 
12910 2091 257 321 2213 
12911 362 1905 2257 2286 
12912 2236 270 334 2473 
12913 270 2236 2092 2473 
12914 2554 2173 1893 2252 
12915 335 271 2236 2473 
12916 2092 2236 271 2473 
12917 2267 2518 1886 2248 
12918 2240 347 283 2061 
12919 2091 2472 320 2213 
12920 2518 354 2137 2248 
12921 2091 320 256 2213 
12922 2198 242 2020 2401 
12923 306 242 2198 2401 
12924 2246 291 2138 2519 
12925 272 336 2230 2470 
12926 2562 262 326 2221 
12927 2201 1896 2075 2456 
12928 1896 2201 2277 2456 
12929 352 288 2554 2252 
12930 355 291 2246 2519 
12931 2470 273 337 2230 
12932 262 326 2220 2532 
12933 2230 2089 272 2470 
12934 2237 277 2550 2169 
12935 2470 273 2230 2089 
12936 2273 337 273 2231 
12937 276 340 2241 2263 
12938 2518 355 291 2249 
12939 2137 354 290 2248 
12940 2471 311 247 2203 
12941 2550 341 277 2237 
12942 259 323 2522 2215 
12943 290 1886 2137 2248 
12944 2267 354 2518 2248 
12945 2176 303 239 2202 
12946 2273 273 1892 2231 
12947 2281 329 265 2226 
12948 246 310 2090 2203 
12949 342 2538 2238 2157 
12950 2241 276 2263 1882 
12951 2201 240 304 2075 
12952 2238 278 342 2157 
12953 2252 351 287 2274 
12954 2210 315 251 2283 
12955 2075 304 2201 2456 
12956 251 1902 2210 2283 
12957 240 2201 1896 2075 
12958 304 2277 2201 2456 
12959 246 310 2204 2080 
12960 319 255 1894 2218 
12961 1894 256 320 2218 
12962 266 330 2281 2226 
12963 2197 305 241 1885 
12964 2173 288 1893 2252 
12965 2252 2554 352 2274 
12966 1890 312 248 2208 
12967 2208 311 247 2271 
12968 254 2217 2526 2145 
12969 2285 1904 270 2234 
12970 2285 270 334 2234 
12971 2538 279 2238 2157 
12972 279 343 2538 2238 
12973 353 2173 2554 2247 
12974 2197 306 2266 1885 
12975 2156 339 275 2229 
12976 2215 2522 259 2141 
12977 1893 2554 2252 2274 
12978 2240 282 2442 2061 
12979 2261 363 299 2144 
12980 2217 318 254 2526 
12981 2095 318 254 2219 
12982 2442 346 282 2240 
12983 2265 2562 2224 2181 
12984 2518 291 2137 2249 
12985 248 312 2112 2205 
12986 242 306 2197 1885 
12987 2244 283 347 1903 
12988 1888 2225 2532 2151 
12989 2550 278 2237 2169 
12990 2214 257 321 1887 
12991 2198 243 307 2401 
12992 2221 2562 262 2181 
12993 287 1893 2252 2274 
12994 2090 2471 247 2203 
12995 2229 2156 339 2537 
12996 2112 313 249 2205 
12997 2261 2525 363 2144 
12998 344 280 1891 2077 
12999 344 2272 2458 2077 
13000 2272 344 1891 2077 
13001 2458 345 281 2279 
13002 2077 2279 2458 281 
13003 2077 2279 281 1898 
13004 358 2462 2084 2465 
13005 2081 294 2462 2084 
13006 294 358 2462 2084 
13007 2465 2462 2084 2083 
13008 2462 2081 2084 2083 
13009 2462 2465 2464 2083 
13010 2099 2480 1980 1982 
13011 2363 1980 2480 1982 
13012 1981 2361 2362 2363 
13013 2363 1981 1980 1982 
13014 359 295 1889 2465 
13015 2084 1889 295 2465 
13016 1980 2480 2361 2363 
13017 2361 2362 2360 1979 
13018 2362 2361 1981 1979 
13019 2361 1981 1980 2363 
13020 1980 1981 2361 1979 
13021 1979 2359 2361 1978 
13022 2360 2359 2361 1979 
13023 2361 1980 1979 1978 
13024 2270 359 1889 2465 
13025 2359 1979 2358 1978 
13026 1979 2359 2358 2360 
13027 1979 1977 2358 1978 
13028 2326 1956 2337 2339 
13029 2326 1958 1945 1956 
13030 1956 2326 1958 2339 
13031 2327 2326 1956 2337 
13032 1958 1945 2093 2326 
13033 2326 1946 1956 1945 
13034 2326 2474 1958 2339 
13035 1977 1958 2474 2358 
13036 2339 2474 1958 2358 
13037 2326 1946 2327 1956 
13038 2474 1958 2093 2326 
13039 1977 1958 2093 2474 
13040 1944 1946 2326 1945 
13041 1946 2325 2326 2327 
13042 1945 1942 2093 2326 
13043 2328 2341 1951 2332 
13044 1960 2328 1951 1947 
13045 2328 1960 1951 2341 
13046 2323 2474 2093 2326 
13047 2324 2474 2093 2323 
13048 2325 1946 2326 1944 
13049 2354 1962 2356 1973 
13050 1962 1975 2356 1973 
13051 1944 1942 1945 2326 
13052 2324 2093 1943 2323 
13053 1960 1962 2354 1973 
13054 1962 1960 2354 2341 
13055 2320 2324 1943 2323 
13056 2323 2093 1942 2326 
13057 2341 1962 1951 2332 
13058 1960 1962 1951 2341 
13059 2328 1951 1938 2332 
13060 1951 2328 1938 1947 
13061 1942 1943 2093 2323 
13062 2481 1979 2358 2360 
13063 1977 2481 1979 2358 
13064 1942 1939 1943 2320 
13065 2320 1943 1942 2323 
13066 2474 2481 1977 2358 
13067 1942 2325 2326 1944 
13068 2093 2481 1977 2474 
13069 2325 1942 2326 2323 
13070 2093 2481 2474 2324 
13071 1938 2328 2332 2319 
13072 1962 2354 2356 2343 
13073 2481 2093 1943 2324 
13074 2343 1962 2354 2341 
13075 2341 2343 1962 2332 
13076 2481 1977 1979 2100 
13077 2481 2093 1977 2100 
13078 2100 2093 1943 2481 
13079 1942 1944 2322 2325 
13080 2322 2320 1942 2323 
13081 1942 1941 1939 2320 
13082 2325 2322 1942 2323 
13083 1941 1939 2320 1933 
13084 1939 2319 1933 1938 
13085 1933 2319 2313 1938 
13086 2319 1939 1933 2320 
13087 2328 1932 1938 1947 
13088 2320 1942 1941 2322 
13089 1942 1944 1941 2322 
13090 2314 1941 2320 1933 
13091 1941 2320 2322 2314 
13092 2328 1938 2313 2319 
13093 1938 1932 2313 1933 
13094 1932 2328 1938 2313 
13095 2314 2320 2319 1933 
13096 2319 1933 2313 2314 
13097 1928 2309 1932 1929 
13098 2310 1932 2309 1929 
13099 2310 1933 1932 1929 
13100 2313 1932 2309 2310 
13101 1933 2313 2310 1932 
13102 2313 1933 2310 2314 
13103 2462 2081 2083 2463 
13104 2083 2464 2462 2463 
13105 2329 2504 2124 2123 
13106 2124 2505 2504 2329 
13107 1948 2329 2124 2123 
13108 2463 2083 2464 2515 
13109 2102 1913 2329 1948 
13110 2044 2308 2315 1927 
13111 1927 2315 2044 1934 
13112 2308 2044 2315 2425 
13113 2483 1913 2329 2102 
13114 2309 1927 2315 2308 
13115 1928 1927 1934 2309 
13116 2315 1934 1927 2309 
13117 1913 2483 2329 2294 
13118 2308 1927 2044 1935 
13119 1935 2044 2308 2425 
13120 2132 1889 2084 2465 
13121 1889 2132 2513 2465 
13122 1889 2513 2270 2465 
13123 2081 2083 2463 2082 
13124 2134 2463 2083 2082 
13125 2515 2463 2083 2134 
13126 2308 2316 1935 2425 
13127 1986 2514 2132 2133 
13128 2514 2132 2513 2367 
13129 2514 1986 2132 2367 
13130 1986 2102 2514 2133 
13131 2102 2514 2367 1986 
13132 2124 2483 2514 2505 
13133 2102 2124 2514 2133 
13134 2490 1925 2306 1935 
13135 2367 2483 2514 2102 
13136 2132 2464 2083 2133 
13137 2464 2132 2514 2133 
13138 2132 2513 2464 2514 
13139 2483 2124 2514 2102 
13140 2124 2514 2515 2505 
13141 2514 2124 2515 2133 
13142 2097 1985 1946 2478 
13143 2366 2327 1946 2478 
13144 2505 2124 2483 2329 
13145 2124 2329 1948 2102 
13146 2327 2325 2366 1946 
13147 2325 1985 1946 1944 
13148 1935 2490 1925 2109 
13149 2306 2316 2490 1935 
13150 2329 2124 2483 2102 
13151 1928 1926 2309 1929 
13152 2309 1926 2307 1929 
13153 2310 2309 2307 1929 
13154 2083 2515 2133 2464 
13155 2515 2133 2464 2514 
13156 2329 2503 1948 1915 
13157 2465 2084 2132 2083 
13158 2464 2465 2132 2083 
13159 2465 2132 2513 2464 
13160 2515 2133 2124 2134 
13161 2113 1947 1932 2328 
13162 2328 2113 2494 2313 
13163 1935 2454 2490 2073 
13164 2328 1932 2113 2313 
13165 1927 2308 1925 1935 
13166 2306 1925 2308 1935 
13167 2329 1913 1915 1948 
13168 2515 2083 2133 2134 
13169 2490 1935 2073 2109 
13170 2454 1935 2490 2316 
13171 1913 2483 1911 2102 
13172 2296 1913 2329 2294 
13173 2316 2306 2308 1935 
13174 1913 2292 2483 2294 
13175 2102 2367 1911 1986 
13176 1934 2113 1928 2309 
13177 1934 2315 2494 2309 
13178 2113 1934 2494 2309 
13179 1927 2307 1925 2308 
13180 1925 2308 2307 2306 
13181 2307 1927 1925 1926 
13182 2367 2102 1911 2483 
13183 2124 2505 2515 2385 
13184 2385 2515 2124 2004 
13185 1985 2366 1946 2478 
13186 1985 2325 1946 2366 
13187 2292 1913 2483 1911 
13188 2504 2329 2503 2123 
13189 1948 2503 2329 2123 
13190 2455 2109 2073 2074 
13191 2490 2073 2454 2455 
13192 2292 2483 2367 1911 
13193 2503 2329 2296 1915 
13194 2309 2307 1927 2308 
13195 1927 1928 1926 2309 
13196 1926 2307 1927 2309 
13197 2004 2515 2124 2134 
13198 2122 1948 2503 1915 
13199 2003 2455 2073 2074 
13200 2384 2455 2454 2003 
13201 2455 2073 2454 2003 
13202 2338 2097 1946 2478 
13203 2338 2327 1956 2337 
13204 2338 1946 2327 2478 
13205 1946 2327 1956 2338 
13206 1895 361 297 2509 
13207 2490 2073 2455 2109 
13208 1913 2296 2329 1915 
13209 2132 2131 2513 2367 
13210 2131 2512 2513 2367 
13211 2132 2131 2367 1986 
13212 2309 2113 1928 1932 
13213 2309 2494 2113 2313 
13214 1932 2309 2113 2313 
13215 2466 2310 2307 1929 
13216 2466 2307 1926 1929 
13217 2455 2123 2384 2504 
13218 2455 2003 2123 2074 
13219 2003 2455 2123 2384 
13220 2122 2503 1948 2123 
13221 2122 2455 2123 2074 
13222 2455 2504 2503 2123 
13223 2123 2504 2124 2004 
13224 2385 2124 2505 2504 
13225 2504 2385 2124 2004 
13226 1985 2118 1944 2325 
13227 2123 2384 2504 2004 
13228 2384 2123 2003 2004 
13229 2385 2504 2384 2004 
13230 2515 2516 2463 2135 
13231 2466 2106 2310 1929 
13232 2463 2515 2135 2134 
13233 2134 2135 2463 2082 
13234 1909 1910 2292 1911 
13235 2455 2122 2123 2503 
13236 1985 2499 2118 2325 
13237 2499 1985 2366 2325 
13238 2310 2106 1933 1929 
13239 2314 2310 2487 1933 
13240 2276 361 1895 2509 
13241 2128 1895 297 2509 
13242 2466 1926 2085 1929 
13243 2097 2338 1946 1957 
13244 1956 1957 1946 2338 
13245 2290 1910 2292 1909 
13246 2292 2291 1910 2290 
13247 2135 2515 2385 2004 
13248 2135 2515 2516 2385 
13249 2085 2106 2466 1929 
13250 2487 2106 2310 2466 
13251 1941 2314 2487 1933 
13252 2314 2322 1941 2487 
13253 2513 2512 1889 2270 
13254 1889 2132 2131 2513 
13255 2512 1889 2131 2513 
13256 1911 2367 1909 1986 
13257 2135 2515 2004 2134 
13258 2131 2512 2367 2290 
13259 1909 2367 2131 1986 
13260 2270 296 360 2509 
13261 1889 2128 296 2270 
13262 2367 1911 1909 2292 
13263 2106 2310 1933 2487 
13264 2322 1944 2118 2325 
13265 1944 2322 2118 1941 
13266 2292 2367 2290 1909 
13267 2320 2108 2324 2489 
13268 2108 2324 1943 2320 
13269 2108 1938 1951 2332 
13270 1943 1939 2108 2320 
13271 2319 2332 2108 2489 
13272 2332 2108 1938 2319 
13273 2487 2106 1941 1933 
13274 2386 2383 2002 2135 
13275 2383 2386 2516 2135 
13276 2386 2002 2005 2135 
13277 2290 2367 2131 1909 
13278 2270 2128 2512 1889 
13279 2128 1889 2131 2512 
13280 2322 2118 1941 2487 
13281 2322 2118 2499 2325 
13282 2384 2454 2382 2003 
13283 2454 2073 2382 2003 
13284 2073 2001 2382 2003 
13285 2354 2355 1960 1973 
13286 1960 2355 2354 2341 
13287 1935 2425 2492 2111 
13288 2425 1935 2044 2111 
13289 2044 1934 2315 2488 
13290 2044 2315 2425 2488 
13291 2270 2128 296 2509 
13292 2316 1935 2425 2492 
13293 2322 2499 2118 2487 
13294 1917 2503 2296 1915 
13295 2503 1917 2122 1915 
13296 1934 2044 2107 2488 
13297 2118 2106 1941 2487 
13298 2355 1960 2497 2341 
13299 2383 2004 2135 2385 
13300 2004 2383 2135 2002 
13301 2516 2383 2135 2385 
13302 2104 2503 1917 2122 
13303 2128 2270 2512 2509 
13304 2338 2508 2097 2478 
13305 2073 2382 2492 2454 
13306 2382 2073 2492 2001 
13307 2001 2073 2492 2111 
13308 2131 2290 1907 2512 
13309 2512 1907 2288 2290 
13310 2382 2383 2384 2003 
13311 2383 2382 2001 2003 
13312 2001 2002 2383 2003 
13313 2490 2306 1925 2303 
13314 2109 2303 1925 1922 
13315 2482 1934 2488 2315 
13316 1934 2482 2488 2101 
13317 2303 2109 1925 2490 
13318 1926 1923 2307 2466 
13319 1957 2338 2508 2097 
13320 1907 2276 2509 2288 
13321 2101 1934 2107 2488 
13322 2290 2131 1907 1909 
13323 1926 2085 1923 2466 
13324 2315 2482 1934 2494 
13325 2113 1934 2101 2494 
13326 2482 2101 1934 2494 
13327 2320 2319 2108 2489 
13328 1939 1938 2108 2319 
13329 2319 2108 1939 2320 
13330 2276 1907 2509 1895 
13331 2509 1895 1907 2128 
13332 2298 2503 2296 1917 
13333 2492 2073 2454 1935 
13334 2492 2073 1935 2111 
13335 2316 1935 2492 2454 
13336 2383 2003 2004 2384 
13337 2383 2385 2384 2004 
13338 2003 2383 2004 2002 
13339 1960 1947 2116 2328 
13340 2497 1960 2328 2341 
13341 2503 2104 1917 2485 
13342 1917 2298 2503 2485 
13343 2135 2517 2386 2516 
13344 2136 2386 2135 2517 
13345 2386 2136 2135 2005 
13346 2304 2307 1923 2466 
13347 2122 2104 2455 2074 
13348 2304 1925 2306 2303 
13349 1923 1925 2303 1922 
13350 2355 1974 1960 1973 
13351 2466 2085 1923 2467 
13352 2348 1978 2359 2358 
13353 1977 1967 2358 1978 
13354 1967 2358 1958 1977 
13355 2348 2339 1958 2358 
13356 2104 2455 2503 2122 
13357 2101 2482 2488 2372 
13358 1960 1974 2355 2497 
13359 1974 1960 2116 2497 
13360 2304 1925 2307 2306 
13361 2307 1923 1926 1925 
13362 2107 2372 2101 2488 
13363 1923 2304 2466 2467 
13364 2097 2508 1957 2127 
13365 2467 2085 2468 2466 
13366 2109 2104 2303 1922 
13367 2109 2455 2104 2074 
13368 2490 2109 2104 2303 
13369 2304 1923 1925 2303 
13370 2455 2490 2109 2104 
13371 1907 2128 2131 2512 
13372 2512 2288 1907 2509 
13373 2116 2113 2101 2494 
13374 2482 2116 2101 2494 
13375 2294 1913 2292 2293 
13376 2292 1912 1913 1911 
13377 2116 2113 2494 2328 
13378 2113 2116 1947 2328 
13379 1925 2304 2307 1923 
13380 2118 2479 1985 2098 
13381 2372 2107 2101 1991 
13382 2366 1985 2499 2479 
13383 2118 2479 2499 1985 
13384 2517 2463 2516 2135 
13385 2463 2517 2136 2135 
13386 2467 2085 1923 2086 
13387 2135 2136 2463 2082 
13388 1907 2128 2512 2509 
13389 2468 2106 2487 2466 
13390 2085 2106 2468 2466 
13391 2503 2455 2104 2485 
13392 1960 2497 2328 2116 
13393 2292 1910 1912 1911 
13394 2292 1910 2291 2293 
13395 2468 2087 2085 2086 
13396 2085 2467 2468 2086 
13397 2087 2479 2118 2098 
13398 2468 2118 2479 2499 
13399 2490 2104 2485 2303 
13400 2455 2490 2104 2485 
13401 2487 2499 2118 2468 
13402 2468 2106 2118 2487 
13403 2085 2106 2087 2468 
13404 2494 2482 2116 2497 
13405 2116 2494 2497 2328 
13406 2118 2468 2479 2087 
13407 2300 2104 1917 1919 
13408 2106 2468 2118 2087 
13409 2348 1978 2358 1967 
13410 2358 1967 1958 2348 
13411 2482 2101 2370 2372 
13412 2370 1989 1991 2101 
13413 2339 1956 2337 1964 
13414 1958 1956 2339 1964 
13415 1974 1989 2370 2116 
13416 2101 1991 2370 2372 
13417 2485 1917 2298 2300 
13418 2485 2104 1917 2300 
13419 1912 2292 1913 2293 
13420 2383 2002 2000 2386 
13421 2381 2383 2000 2386 
13422 2005 2000 2002 2386 
13423 2479 2126 1985 2098 
13424 2292 1910 2293 1912 
13425 1985 2366 2126 2479 
13426 2370 1974 2116 2497 
13427 1974 2370 2355 2497 
13428 1921 2304 2467 2302 
13429 2126 2366 2507 2479 
13430 2304 1921 2467 1923 
13431 2356 1975 1962 1976 
13432 2357 1962 2356 2343 
13433 1921 2467 1923 2086 
13434 2495 2374 2107 2488 
13435 1964 2339 1958 2348 
13436 2475 1962 2357 2343 
13437 1919 2303 2104 1922 
13438 2300 2303 2104 1919 
13439 2478 2097 1985 2126 
13440 2488 2374 2107 2372 
13441 2362 2364 2360 1979 
13442 2364 2362 1981 1979 
13443 2360 2364 2481 1979 
13444 2481 1983 2100 1979 
13445 1985 2366 2478 2126 
13446 2507 2478 2366 2126 
13447 2101 2370 2116 2482 
13448 1989 2370 2116 2101 
13449 1991 2107 1993 2372 
13450 1919 1921 2303 1922 
13451 2303 2300 1921 1919 
13452 2104 2485 2303 2300 
13453 2300 2303 1921 2302 
13454 2001 2380 2492 2382 
13455 2111 2380 2492 2001 
13456 2111 1999 2380 2001 
13457 1983 2100 2115 2481 
13458 2370 2116 2482 2497 
13459 1967 1964 1958 2348 
13460 2337 2345 2339 1964 
13461 1921 1923 2303 1922 
13462 1921 2303 2304 2302 
13463 2382 2001 2380 2381 
13464 2380 2000 2001 1999 
13465 2000 2380 2001 2381 
13466 2304 1923 2303 1921 
13467 1991 2370 2371 1989 
13468 2294 2296 1913 2295 
13469 1915 2295 1913 2296 
13470 2370 1991 2371 2372 
13471 2345 2339 1964 2348 
13472 2001 2382 2383 2381 
13473 2000 2383 2001 2002 
13474 2383 2000 2001 2381 
13475 2094 1951 1962 2332 
13476 2495 2488 2044 2425 
13477 2343 2475 1962 2332 
13478 2495 2107 2044 2488 
13479 2127 2429 2048 2047 
13480 2428 2429 2508 2127 
13481 2374 2114 2107 1993 
13482 2114 2374 2107 2495 
13483 1962 2357 2356 1976 
13484 2374 1993 2107 2372 
13485 2295 1913 2294 2293 
13486 2508 2097 2478 2506 
13487 1976 1962 2357 2094 
13488 1962 2475 2357 2094 
13489 2467 1924 1921 2302 
13490 1943 2481 2324 2496 
13491 2100 1943 2115 2481 
13492 2492 2380 2111 2495 
13493 2111 2380 1999 2495 
13494 1924 2467 1921 2086 
13495 2508 2097 2125 2127 
13496 1983 2364 1981 1979 
13497 2364 1983 2481 1979 
13498 2097 2506 2126 2478 
13499 2478 2506 2126 2507 
13500 2425 2492 2111 2495 
13501 2044 2495 2425 2111 
13502 1914 1913 2293 1912 
13503 2168 275 339 2232 
13504 2481 1983 2364 2496 
13505 2481 2115 1983 2496 
13506 1951 2094 2108 2332 
13507 2475 2108 2332 2489 
13508 1990 1989 1991 2371 
13509 2107 2495 2044 2114 
13510 2087 2468 2349 2086 
13511 2349 2468 2467 2086 
13512 1962 2475 2094 2332 
13513 2427 2048 2429 2047 
13514 2324 2108 2496 2489 
13515 2108 2324 2496 1943 
13516 2111 1999 2114 2495 
13517 1968 2479 2087 2098 
13518 1924 2467 2305 2302 
13519 2428 2429 2127 2047 
13520 2295 1915 1913 1914 
13521 2349 2468 2087 2479 
13522 2044 2495 2111 2114 
13523 2481 1943 2115 2496 
13524 2136 2386 2517 2079 
13525 2136 2005 2386 2079 
13526 2108 2094 2475 2332 
13527 2126 2479 2119 2098 
13528 2500 2126 2507 2479 
13529 2479 2500 2126 2119 
13530 2293 2295 1913 1914 
13531 2127 2428 2125 2508 
13532 2108 2475 2496 2489 
13533 2349 1968 2087 2086 
13534 2232 339 2168 2549 
13535 2427 2048 2047 2046 
13536 2508 2097 2506 2125 
13537 2119 2479 1968 2098 
13538 293 357 2262 2462 
13539 2462 2262 293 2081 
13540 2081 2462 2262 2463 
13541 2082 2463 2081 1881 
13542 2532 2220 262 2151 
13543 1968 2500 2479 2119 
13544 2495 1995 2374 2376 
13545 2506 2097 2126 2125 
13546 2262 2517 2136 2463 
13547 2082 2136 2463 1881 
13548 2496 1943 2115 2108 
13549 2429 2428 2427 2047 
13550 2479 1968 2087 2349 
13551 2173 353 289 2247 
13552 2496 2094 2475 2108 
13553 2496 2115 2094 2108 
13554 2386 2517 2079 2460 
13555 1995 2495 2374 2114 
13556 2114 1995 1993 2374 
13557 2500 2349 1968 2479 
13558 2428 2127 2125 2047 
13559 2428 2125 2508 2506 
13560 310 2471 2090 2203 
13561 2302 1924 1921 1920 
13562 2550 278 342 2237 
13563 1969 2507 2500 2126 
13564 2500 1969 2126 2119 
13565 2301 1924 2302 1920 
13566 1924 2301 2302 2305 
13567 2380 1995 1999 2495 
13568 2376 1995 2380 2495 
13569 2126 2506 1969 2507 
13570 2200 238 302 2146 
13571 2226 265 2281 1900 
13572 2426 2046 1963 2045 
13573 1956 2105 2337 1964 
13574 1998 1995 1999 2380 
13575 1998 2376 2380 2379 
13576 2376 1998 2380 1995 
13577 2081 2262 293 1881 
13578 2262 2081 2463 1881 
13579 2428 2125 2117 2047 
13580 2125 2506 2428 2117 
13581 1995 2114 1999 2495 
13582 2136 2262 2463 1881 
13583 2426 2340 1959 2344 
13584 1959 2426 1963 2045 
13585 1921 2300 1920 1919 
13586 2312 1968 1924 1931 
13587 2300 1921 1920 2302 
13588 2345 2337 2105 1964 
13589 2046 2427 2426 1963 
13590 2046 2047 2427 1963 
13591 2305 1968 1924 2312 
13592 2305 2349 1968 2312 
13593 2063 2062 1897 2278 
13594 2444 2062 2278 2443 
13595 2428 2344 2427 2047 
13596 2000 1998 1999 2380 
13597 2379 2380 2000 2381 
13598 2000 1998 2380 2379 
13599 2302 2300 2301 1920 
13600 2126 2506 2125 1969 
13601 2197 2266 305 1885 
13602 2444 2062 2063 2278 
13603 2510 1957 2105 2338 
13604 2508 1957 2510 2338 
13605 2507 1969 2500 2350 
13606 1957 2508 2510 2127 
13607 244 308 1883 2207 
13608 2460 2079 2078 2139 
13609 2105 2486 2337 2345 
13610 2350 1969 2506 2507 
13611 2119 1968 2500 1931 
13612 2117 2506 2428 2498 
13613 2475 2357 2094 2436 
13614 2357 1976 2094 2436 
13615 2105 2337 2338 1956 
13616 1968 2312 2500 1931 
13617 1957 1956 2105 2338 
13618 1983 2115 2436 2496 
13619 2436 2364 1983 2496 
13620 2312 2349 1968 2500 
13621 2429 2048 2510 2127 
13622 2510 2508 2429 2127 
13623 2117 2506 1969 2125 
13624 2344 2428 2117 2047 
13625 250 1897 2062 2278 
13626 2443 314 250 2278 
13627 2443 250 2062 2278 
13628 1957 2510 2105 2129 
13629 2105 2338 2486 2510 
13630 2427 2344 2426 1963 
13631 2344 2427 2047 1963 
13632 1957 2510 2129 2127 
13633 2426 2398 2052 2017 
13634 2052 2433 2398 2426 
13635 1959 2426 2344 1963 
13636 2017 2052 2426 2045 
13637 2506 1969 2350 2498 
13638 2337 2105 2338 2486 
13639 2129 2510 2048 2127 
13640 2288 2276 2287 1907 
13641 2276 1906 1907 1895 
13642 2506 2117 1969 2498 
13643 2055 2094 1976 2436 
13644 2436 2055 2115 1983 
13645 2428 2344 2117 2498 
13646 2436 2094 2475 2496 
13647 2436 2115 2094 2496 
13648 2047 2117 2344 1963 
13649 2005 2078 2386 2079 
13650 2460 2078 2459 2520 
13651 2520 2460 2078 2139 
13652 2000 2379 2381 2459 
13653 2000 1998 2379 2078 
13654 319 255 2219 2476 
13655 2078 2386 2079 2460 
13656 2290 1910 2289 2291 
13657 1910 2290 2289 1909 
13658 1907 2289 2288 2290 
13659 2293 1910 2291 2110 
13660 2290 1907 2289 1909 
13661 2293 1910 2110 1912 
13662 2491 2293 2291 2110 
13663 2078 2000 2005 2386 
13664 2459 2381 2000 2386 
13665 2055 2115 2094 2436 
13666 2519 2517 2136 2262 
13667 2009 1964 1967 2348 
13668 2390 2345 2009 2348 
13669 1964 2009 2345 2348 
13670 335 271 2473 2280 
13671 271 2092 2473 2280 
13672 362 298 1905 1895 
13673 2276 362 1905 1895 
13674 2269 1888 2225 2532 
13675 2224 2562 325 2181 
13676 2092 271 1899 2280 
13677 2262 2136 2138 1881 
13678 2262 2138 292 1881 
13679 2386 2078 2459 2460 
13680 2519 292 356 2262 
13681 2459 2000 2379 2078 
13682 2480 2440 2363 1982 
13683 2440 2480 2099 1982 
13684 2079 2517 2136 2519 
13685 2353 2291 2289 1910 
13686 2129 2048 2431 2050 
13687 2052 2433 2426 2046 
13688 2046 2426 2052 2045 
13689 2224 325 261 2181 
13690 1906 2276 1907 2287 
13691 2517 2079 2460 2519 
13692 2480 2008 2099 1980 
13693 2361 2008 2480 1980 
13694 2008 2361 2359 1978 
13695 2361 2008 1980 1978 
13696 2427 2426 2433 2046 
13697 2078 2459 2000 2386 
13698 1905 1906 2276 1895 
13699 2286 362 1905 2276 
13700 2289 1972 2402 2353 
13701 2048 2429 2510 2431 
13702 1907 2289 2287 2288 
13703 2431 2510 2048 2129 
13704 1910 2289 2353 1972 
13705 2344 2340 1959 2334 
13706 2287 1906 2402 1908 
13707 2049 2430 2052 2046 
13708 1905 2287 2286 2276 
13709 2433 2052 2430 2046 
13710 2293 1961 1914 1912 
13711 2430 2427 2433 2046 
13712 2295 1961 2293 2342 
13713 1961 2295 2293 1914 
13714 1909 2289 1910 1908 
13715 1909 1907 2289 1908 
13716 2498 2344 2117 2334 
13717 2344 2117 1953 1963 
13718 2519 2136 2138 2262 
13719 1953 1959 2344 1963 
13720 1908 2402 1972 2021 
13721 1972 2289 2402 1908 
13722 2519 2138 292 2262 
13723 1905 1906 2287 2276 
13724 2311 1924 2301 1920 
13725 2402 2289 2287 1908 
13726 1906 2021 2402 1908 
13727 2196 241 305 2075 
13728 1924 2305 2311 2301 
13729 336 272 2280 2470 
13730 2181 2224 2265 1884 
13731 2089 2280 1899 272 
13732 2311 1924 1920 1930 
13733 2500 1937 2119 1931 
13734 2048 2430 2049 2046 
13735 1906 2287 1907 1908 
13736 2427 2048 2430 2429 
13737 2312 1937 2500 1931 
13738 1972 1910 2289 1908 
13739 2331 2350 1969 2498 
13740 2430 2048 2427 2046 
13741 2353 1910 2110 2291 
13742 2136 2138 2079 2519 
13743 2291 2353 2491 2110 
13744 331 2223 2565 2184 
13745 2218 1894 319 2275 
13746 320 1894 2218 2275 
13747 2117 2331 1969 2498 
13748 2229 340 276 2537 
13749 1978 2359 2008 2484 
13750 1969 2500 1937 2119 
13751 2289 1907 2287 1908 
13752 2059 2440 2099 1982 
13753 2015 1970 2398 2396 
13754 2398 1970 2015 2017 
13755 1959 2340 2426 2351 
13756 1970 2426 1959 2045 
13757 2293 2110 1961 1912 
13758 2110 2293 1961 2491 
13759 2198 2020 243 2401 
13760 1910 2353 2110 1972 
13761 2293 1961 2491 2342 
13762 2426 2017 1970 2398 
13763 2354 2356 2469 1973 
13764 2469 1975 1973 2356 
13765 2017 2426 1970 2045 
13766 2336 1953 1952 1955 
13767 2226 2281 266 1900 
13768 2500 2350 1969 1937 
13769 2334 2340 1959 2336 
13770 2008 2361 2480 2389 
13771 2359 2361 2008 2389 
13772 1959 1953 2336 1955 
13773 2353 2023 2491 2110 
13774 310 2204 2080 2461 
13775 1903 347 2244 2284 
13776 2089 2280 272 2470 
13777 2223 331 267 2184 
13778 2208 1890 312 2271 
13779 247 1890 2208 2271 
13780 2048 2430 2431 2050 
13781 2430 2048 2049 2050 
13782 2048 2430 2429 2431 
13783 2353 2023 2110 1972 
13784 1891 279 2538 2157 
13785 2344 2117 2334 1953 
13786 2268 2214 321 1887 
13787 2334 1959 2344 1953 
13788 2062 251 315 2283 
13789 315 2062 2283 2443 
13790 251 2062 1902 2283 
13791 1930 2312 1924 1931 
13792 1924 2305 2312 2311 
13793 343 279 2538 2272 
13794 1891 2538 279 2272 
13795 2336 1952 2346 1955 
13796 2528 1961 2491 2147 
13797 2345 2105 2010 1964 
13798 2336 2340 1959 2347 
13799 2311 2312 1924 1930 
13800 2347 1955 1959 2336 
13801 2491 2023 2353 2404 
13802 2391 2105 2345 2486 
13803 2117 2334 2331 2498 
13804 2431 2130 2129 2050 
13805 2348 2009 2103 1967 
13806 2009 2348 2103 2390 
13807 2528 2491 2023 2147 
13808 2491 1961 2110 2147 
13809 2486 2391 2105 2511 
13810 2334 2331 2333 1953 
13811 1961 2528 2491 2342 
13812 2484 2008 1978 2103 
13813 2389 2008 2359 2484 
13814 2331 2117 1969 1950 
13815 1937 2312 2500 2318 
13816 2110 2023 2491 2147 
13817 2510 2431 2130 2129 
13818 1952 2333 2331 1953 
13819 1953 2331 1952 1950 
13820 276 2156 2229 2537 
13821 1930 1936 2312 1931 
13822 1886 289 353 2248 
13823 1969 2331 1937 2350 
13824 2072 350 286 2251 
13825 1888 264 328 2225 
13826 2311 1936 2312 1930 
13827 2009 2391 2345 2390 
13828 2345 2010 2009 1964 
13829 2333 2334 1953 2336 
13830 2350 2500 2318 1937 
13831 1953 2334 1959 2336 
13832 2285 270 1904 2473 
13833 2330 2318 1949 2331 
13834 2331 1937 2318 1949 
13835 2330 1952 2331 1949 
13836 2408 2528 2027 2174 
13837 1952 2333 1953 2336 
13838 2440 2363 1982 2439 
13839 273 2273 2470 337 
13840 2331 1937 1949 1950 
13841 2285 334 270 2473 
13842 1952 2330 2331 2333 
13843 1949 1952 2331 1950 
13844 2092 1904 270 2473 
13845 1978 2484 2348 2359 
13846 2348 2103 1978 1967 
13847 1898 2442 282 2061 
13848 2207 308 1883 2264 
13849 2105 2391 2345 2010 
13850 2528 2408 2555 2174 
13851 2147 2027 2528 2174 
13852 2404 2491 2023 2528 
13853 2010 2105 2391 2511 
13854 2010 2105 2511 2130 
13855 346 282 2279 2442 
13856 282 2279 2442 1898 
13857 1936 2311 2312 2317 
13858 2511 2510 2105 2486 
13859 2510 2130 2105 2129 
13860 2351 2426 1959 1970 
13861 1970 2351 2398 2396 
13862 2528 1961 2147 2174 
13863 1961 2528 2555 2174 
13864 2334 2117 2331 1953 
13865 2431 2511 2510 2130 
13866 2330 2318 2317 1936 
13867 2484 2348 2390 2103 
13868 2398 2426 2351 1970 
13869 1901 331 267 2227 
13870 2253 350 286 2178 
13871 1953 2117 2331 1950 
13872 2528 2342 1961 2555 
13873 1892 2470 273 2273 
13874 2470 1892 273 2089 
13875 1952 2336 2346 2333 
13876 1975 2469 1973 2088 
13877 2391 2009 2345 2010 
13878 2144 363 299 1905 
13879 325 2265 2562 2224 
13880 261 2224 2181 1884 
13881 2356 2013 1975 1976 
13882 1937 2350 2331 2318 
13883 2452 2062 2444 2443 
13884 1965 2346 1952 1955 
13885 2356 2357 2394 1976 
13886 2062 2071 2444 2063 
13887 2224 260 324 1884 
13888 1905 2287 2019 2286 
13889 2331 1969 1937 1950 
13890 2440 2058 1982 2059 
13891 1905 2144 363 2286 
13892 239 303 2277 2201 
13893 1997 2376 1998 2379 
13894 2376 1998 1995 1997 
13895 1949 2318 1936 1937 
13896 2318 1949 1936 2330 
13897 2409 2027 2029 2408 
13898 2376 1995 2374 1994 
13899 2374 1995 1993 1994 
13900 2363 2362 1981 2438 
13901 2438 1981 2363 1982 
13902 1937 2312 1936 1931 
13903 1955 2347 1959 1966 
13904 2287 1905 2019 1906 
13905 2195 2179 244 2560 
13906 2103 2348 1978 2484 
13907 2130 2510 2105 2511 
13908 2253 2559 350 2178 
13909 2241 341 277 2263 
13910 2287 2019 2402 1906 
13911 2571 2029 2413 2190 
13912 2340 1959 2347 2351 
13913 2011 2520 2078 2139 
13914 2392 2459 2078 2520 
13915 2080 2204 245 2461 
13916 2284 347 2442 2061 
13917 2029 2410 2409 2408 
13918 309 245 2204 2461 
13919 2518 2460 2079 2519 
13920 2396 2015 1970 2352 
13921 2532 2225 327 2151 
13922 1906 2402 2021 2019 
13923 2140 2536 2155 1884 
13924 2142 2311 2301 1920 
13925 2283 2062 2452 2443 
13926 2357 1976 2436 2434 
13927 2144 2525 363 2286 
13928 2062 2283 2452 1902 
13929 1973 2355 2368 2354 
13930 1974 2368 1973 2355 
13931 1920 2142 2311 1930 
13932 2169 2550 278 2157 
13933 1918 2300 1917 1919 
13934 2300 1917 2298 2299 
13935 2219 2095 318 2476 
13936 1920 2300 1918 1919 
13937 2318 1936 2312 2317 
13938 2532 2412 2031 2562 
13939 2055 1976 2053 2436 
13940 2301 2300 1918 1920 
13941 2551 2170 2391 2511 
13942 2063 2444 2065 2066 
13943 2525 1901 2400 2144 
13944 302 2527 2200 2146 
13945 2063 2071 2444 2066 
13946 2137 2138 291 2519 
13947 2550 2538 342 2157 
13948 2225 263 327 2151 
13949 320 2472 2091 1894 
13950 1981 2364 1984 2362 
13951 2138 2137 2079 2519 
13952 2364 1981 1984 1983 
13953 2379 1998 2392 2078 
13954 2159 2051 2550 2169 
13955 2364 1984 2436 1983 
13956 2091 2472 321 1887 
13957 2186 2526 2217 2145 
13958 2518 291 355 2519 
13959 2550 342 278 2157 
13960 2025 2528 2023 2147 
13961 2283 1902 2072 2452 
13962 2170 2551 2537 2263 
13963 2091 256 320 1894 
13964 2079 2460 2518 2139 
13965 2055 2436 1984 1983 
13966 1936 2318 2312 1937 
13967 2091 321 257 1887 
13968 2459 2379 2392 2078 
13969 2321 2435 2571 2190 
13970 2532 262 326 2562 
13971 2263 277 2241 1882 
13972 2520 2518 2460 2139 
13973 2296 1916 1917 1915 
13974 2298 2296 2297 1917 
13975 2566 2227 1901 2185 
13976 2296 2295 1916 1915 
13977 1897 2063 2278 2064 
13978 1972 2402 2353 2403 
13979 2063 2444 2278 2064 
13980 1915 2295 1916 1914 
13981 2195 243 2179 2560 
13982 1989 2371 1988 2370 
13983 2431 2051 2159 2050 
13984 2371 1989 1988 1990 
13985 2170 2551 2540 2511 
13986 2368 1973 2354 2469 
13987 2370 1989 1974 1988 
13988 2369 1974 2370 2355 
13989 2295 2435 1961 2342 
13990 2435 2295 1961 1914 
13991 1902 2568 2210 2283 
13992 2170 2010 2391 2511 
13993 2511 2170 2010 2130 
13994 2440 2058 2439 1982 
13995 2286 1905 2144 2019 
13996 2027 2029 2408 2174 
13997 2284 2572 2530 2191 
13998 2142 2301 1918 1920 
13999 2373 1991 1993 2372 
14000 2447 2065 2444 2066 
14001 1972 2402 2403 2021 
14002 2528 2023 2404 2406 
14003 2373 2371 1991 2372 
14004 1959 2347 1970 1966 
14005 2374 2373 1993 2372 
14006 2371 1991 1990 2373 
14007 1959 2347 2351 1970 
14008 2535 2438 2154 2437 
14009 2394 2013 2356 1976 
14010 2066 2071 2444 2447 
14011 2523 2564 2311 2183 
14012 2157 2538 1891 2171 
14013 2572 2284 2061 2191 
14014 2555 2408 2029 2174 
14015 1896 2535 2154 2456 
14016 2568 2251 2072 2187 
14017 2396 1970 2351 2352 
14018 2311 2142 2183 1930 
14019 340 276 2537 2263 
14020 312 2112 2205 2493 
14021 2149 2526 1903 2145 
14022 2272 1891 2538 2552 
14023 2552 1891 2538 2171 
14024 2408 2029 2410 2555 
14025 2353 2403 2023 1972 
14026 2219 255 2095 2476 
14027 2158 2009 2390 2014 
14028 1954 2330 2317 1936 
14029 2158 2168 2014 2549 
14030 305 2196 2075 2456 
14031 2156 2170 2263 1882 
14032 2537 2156 2170 2263 
14033 2225 327 2269 2532 
14034 2225 1888 263 2151 
14035 2550 2540 2432 2159 
14036 2051 2550 2432 2159 
14037 2531 2502 2501 2150 
14038 2400 2525 2144 2286 
14039 2169 2051 2550 2157 
14040 2431 2159 2130 2050 
14041 2520 2267 2518 2139 
14042 1903 283 347 2061 
14043 2557 2277 2441 2176 
14044 1997 2376 2379 2378 
14045 2523 2299 2321 2142 
14046 2176 302 2557 2202 
14047 2023 2403 2353 2404 
14048 2150 2531 2502 2377 
14049 2523 2311 2301 2142 
14050 1994 2376 1995 1997 
14051 2156 275 339 2168 
14052 244 308 2195 2560 
14053 2408 2027 2528 2406 
14054 1976 2357 2394 2434 
14055 2148 2336 2346 1955 
14056 2159 2540 2432 2431 
14057 2432 2051 2159 2431 
14058 2168 339 2537 2549 
14059 2205 2112 313 2493 
14060 1966 2347 1970 1971 
14061 306 2266 1885 2401 
14062 2540 2170 2511 2130 
14063 2347 2351 1970 2352 
14064 2244 1903 2567 2186 
14065 1897 313 249 2112 
14066 2112 1897 313 2278 
14067 2170 2540 2159 2130 
14068 2574 2193 2524 2534 
14069 2376 2374 2375 1994 
14070 2527 2285 1904 2161 
14071 1936 1954 2330 1949 
14072 2051 2538 2550 2157 
14073 2183 2311 1936 2564 
14074 2394 2399 2013 2401 
14075 2025 2027 2528 2147 
14076 2190 2555 2571 2029 
14077 2431 2430 2051 2050 
14078 2409 2027 2408 2407 
14079 2263 2170 2551 2540 
14080 2150 2445 2501 2531 
14081 2399 2013 1975 2356 
14082 2311 2183 1936 1930 
14083 2410 2411 2413 2029 
14084 2049 2051 2430 2050 
14085 2399 1975 2469 2356 
14086 328 264 2558 2222 
14087 2415 2155 2140 2536 
14088 1882 2550 277 2169 
14089 2148 2346 2529 2041 
14090 2352 2396 2015 2016 
14091 2436 1976 2053 2434 
14092 2531 2150 2065 2377 
14093 1952 2333 2346 2039 
14094 2524 2091 2534 2143 
14095 2568 1902 2210 2187 
14096 2263 276 2156 1882 
14097 2537 276 2156 2263 
14098 2152 2501 2533 2457 
14099 2091 2472 2524 2534 
14100 2019 2286 2287 2400 
14101 2062 2452 2444 2071 
14102 2395 2158 2014 2549 
14103 2395 2539 2158 2549 
14104 2158 2390 2539 2395 
14105 2390 2158 2014 2395 
14106 2177 265 329 2222 
14107 2154 2058 2535 1896 
14108 2336 2148 2346 2529 
14109 2027 2409 2029 2028 
14110 2148 2347 2336 1955 
14111 2088 2264 2399 2469 
14112 2032 2413 2321 2035 
14113 2172 2553 2461 2264 
14114 2030 2413 2029 2032 
14115 2553 2172 2388 2368 
14116 2484 2164 2539 2545 
14117 2049 2052 2552 2171 
14118 2430 2052 2552 2049 
14119 2433 2052 2552 2430 
14120 2287 2019 2400 2402 
14121 2407 2027 2408 2406 
14122 2461 2553 2172 2388 
14123 2263 341 277 2550 
14124 2039 2346 1952 1965 
14125 2317 2311 2564 1936 
14126 2540 2511 2431 2130 
14127 2095 254 2526 2145 
14128 2159 2431 2130 2540 
14129 2390 2009 2158 2103 
14130 2267 1886 353 2248 
14131 1885 2020 242 2401 
14132 242 306 1885 2401 
14133 1893 2554 2069 2173 
14134 1952 1949 2330 2039 
14135 2264 2172 2553 2469 
14136 2144 1901 2400 2019 
14137 2419 2281 2403 2038 
14138 2177 2558 264 2222 
14139 2088 1987 2469 1973 
14140 1882 2159 2550 2169 
14141 2168 339 2156 2537 
14142 2552 2546 2165 2052 
14143 2165 2552 2052 2171 
14144 2333 1952 2330 2039 
14145 2552 2546 2052 2433 
14146 2395 2170 2391 2551 
14147 2567 2526 2217 2186 
14148 2096 2534 1894 2153 
14149 1901 2282 331 2227 
14150 2545 1892 2470 2164 
14151 2518 2137 354 2249 
14152 2434 2056 2053 1984 
14153 2152 2090 2007 2533 
14154 2144 2261 2525 2185 
14155 2472 2268 321 1887 
14156 2389 2164 2484 2545 
14157 2148 2346 2041 1965 
14158 329 2558 2177 2222 
14159 1901 2525 2400 2282 
14160 2368 1974 1973 1987 
14161 2179 2018 2560 2401 
14162 2448 1996 2160 2541 
14163 303 2277 2557 2176 
14164 2266 2175 2401 2556 
14165 2430 2051 2432 2431 
14166 2471 247 311 2271 
14167 2538 2051 2550 2432 
14168 2397 2352 2096 2016 
14169 1904 2285 2570 2234 
14170 1892 2164 2089 2470 
14171 1892 2545 2470 2273 
14172 2299 2523 2301 2142 
14173 1936 2564 1954 2183 
14174 2540 2263 2170 2159 
14175 2018 2013 2399 2401 
14176 2168 2537 2014 2549 
14177 1888 328 2269 2225 
14178 2165 2398 2052 2546 
14179 2164 2484 2539 2103 
14180 2398 2165 2052 2017 
14181 2546 2052 2433 2398 
14182 2009 2391 2390 2014 
14183 2521 2031 2412 2562 
14184 2062 2071 1902 2452 
14185 2524 2091 2143 1887 
14186 2167 2396 2166 2548 
14187 2038 2281 2403 1900 
14188 1900 2403 2038 2022 
14189 2533 2501 2152 2271 
14190 2159 2263 2170 1882 
14191 2524 2472 2091 1887 
14192 2400 1901 2038 2019 
14193 2571 2413 2321 2190 
14194 2103 2164 2158 2539 
14195 2142 2523 2311 2183 
14196 1955 2346 2148 1965 
14197 2336 2529 2347 2148 
14198 2556 2437 2175 2434 
14199 2175 2394 2401 2556 
14200 2167 2548 2166 1898 
14201 2057 1981 2438 1982 
14202 2251 2072 350 2453 
14203 2363 2438 1982 2439 
14204 2227 1901 2282 2566 
14205 2157 2051 2538 2171 
14206 2472 1894 2534 2091 
14207 2560 243 2179 2401 
14208 2551 2395 2170 2537 
14209 2545 2544 2164 2470 
14210 2544 2163 2164 2089 
14211 2018 1883 2179 2560 
14212 2566 2525 2261 2185 
14213 2164 1892 2539 2545 
14214 2522 2424 2569 2188 
14215 2448 2160 2393 2541 
14216 2435 2190 2555 2571 
14217 2165 2272 2552 1891 
14218 2272 2165 2552 2546 
14219 2552 2165 1891 2171 
14220 1901 2400 2038 2282 
14221 2419 2038 2400 2282 
14222 2021 2403 2038 2402 
14223 2547 2077 2279 2458 
14224 2166 2279 2077 1898 
14225 2077 2547 2279 2166 
14226 2458 2077 2165 2547 
14227 2165 2458 2272 2077 
14228 1891 2272 2077 2165 
14229 2077 2165 2547 2166 
14230 2458 2165 2546 2547 
14231 2458 2165 2272 2546 
14232 2565 2038 2184 1900 
14233 2547 2165 2398 2166 
14234 2398 2546 2165 2547 
14235 2166 2396 2398 2547 
14236 2166 2396 2015 2398 
14237 2017 2398 2165 2166 
14238 2015 2398 2017 2166 
14239 2071 2452 2444 2447 
14240 2164 2389 2484 2008 
14241 2484 2164 2008 2103 
14242 2552 2538 2051 2171 
14243 2518 2137 291 2519 
14244 2456 2535 2154 2437 
14245 2095 254 318 2526 
14246 246 310 2080 2090 
14247 2089 2164 2544 2470 
14248 2065 2447 2444 2446 
14249 2029 2571 2413 2410 
14250 1892 2539 2545 2273 
14251 2565 2223 266 2184 
14252 2390 2484 2103 2539 
14253 258 322 2215 4078 
14254 2550 1882 277 2263 
14255 2396 2352 2397 2016 
14256 2518 2079 2137 2519 
14257 1902 2071 2072 2452 
14258 2556 2175 2437 2266 
14259 2031 2412 2409 2521 
14260 2280 2163 2089 1899 
14261 1954 2317 2564 1936 
14262 2373 2375 1994 2377 
14263 2449 2069 1893 2274 
14264 2053 2436 1984 2055 
14265 2103 2158 2390 2539 
14266 2548 2396 2166 2547 
14267 2396 2167 2166 2015 
14268 2522 323 259 2188 
14269 2406 2026 1888 2407 
14270 1994 2160 1996 2541 
14271 2041 2574 2529 2193 
14272 1893 2068 2069 2449 
14273 2170 2391 2010 2014 
14274 2063 2444 2064 2065 
14275 2071 2451 2072 2452 
14276 351 2559 2253 2178 
14277 1987 1988 2388 2368 
14278 2279 2166 2548 1898 
14279 2166 2279 2548 2547 
14280 2284 1903 347 2061 
14281 2142 2416 2321 2523 
14282 2352 2015 1970 1971 
14283 1883 2088 2399 2018 
14284 2053 2013 2394 1976 
14285 2091 2534 2143 2153 
14286 2212 259 323 2188 
14287 2330 2317 2335 1954 
14288 2469 2088 1975 2399 
14289 2544 2089 2280 2163 
14290 2391 2009 2010 2014 
14291 2176 238 302 2202 
14292 2368 1973 2469 1987 
14293 2014 2170 2391 2395 
14294 320 2472 1894 2275 
14295 2038 2021 2402 2019 
14296 2092 2473 2280 2543 
14297 2450 2069 2449 2274 
14298 2142 1918 2299 1940 
14299 2190 2029 2413 2032 
14300 2179 1883 244 2560 
14301 2537 2168 2014 2156 
14302 2540 2550 2263 2159 
14303 1899 2092 2280 2543 
14304 2537 2395 2014 2549 
14305 2164 1892 2158 2539 
14306 323 2522 2569 2188 
14307 2089 2544 2280 2470 
14308 1955 2148 2347 1966 
14309 1901 2565 2038 2184 
14310 2137 290 354 2249 
14311 307 243 2195 2560 
14312 2533 2007 2152 2457 
14313 2014 2391 2390 2395 
14314 2013 2018 2020 2401 
14315 2480 2163 2162 2099 
14316 1984 2362 2438 1981 
14317 2013 2399 2394 2356 
14318 1997 2375 2376 2378 
14319 2159 2550 2263 1882 
14320 2058 2441 2439 1896 
14321 2080 245 1883 2461 
14322 2043 2155 2536 1884 
14323 1976 2394 2053 2434 
14324 1904 2570 2189 2234 
14325 2300 1917 2299 1918 
14326 2026 2406 1888 2025 
14327 2267 2554 2173 2069 
14328 2299 2301 2300 1918 
14329 2286 2144 2400 2019 
14330 2461 245 1883 2264 
14331 309 245 2461 2264 
14332 323 2569 2212 2188 
14333 2534 2193 2524 2143 
14334 1994 2375 2376 1997 
14335 2051 2432 2538 2552 
14336 2437 2438 2057 1984 
14337 2352 1970 2347 1971 
14338 2554 2173 288 2247 
14339 2054 1940 2435 1916 
14340 266 330 2223 2565 
14341 2137 2079 2518 2139 
14342 2528 2025 2023 2406 
14343 2373 1993 1994 2374 
14344 1949 1954 2330 2039 
14345 2212 324 260 2188 
14346 2049 2552 2051 2171 
14347 2552 2049 2051 2430 
14348 2471 2388 2080 2090 
14349 2014 2156 2170 2537 
14350 2574 2193 2041 2524 
14351 2006 2534 2096 2153 
14352 2406 2405 1888 2025 
14353 2163 2164 2008 2544 
14354 2389 2544 2164 2545 
14355 2543 2544 2163 2480 
14356 2060 2058 2440 2059 
14357 2054 2435 1961 1914 
14358 2395 2014 2170 2537 
14359 2442 2548 2167 1898 
14360 2477 1894 2275 2476 
14361 2096 2397 2016 2530 
14362 1974 2369 2368 2355 
14363 2163 1899 2280 2543 
14364 2557 2146 302 2176 
14365 2212 2569 324 2188 
14366 351 2274 2559 2178 
14367 2022 2403 2021 1972 
14368 2028 2411 2521 2409 
14369 2066 2449 2451 2447 
14370 2184 266 2565 1900 
14371 2265 2140 2562 2181 
14372 2522 2423 2424 2043 
14373 1899 2092 2543 2162 
14374 2188 2522 2424 2043 
14375 2163 2480 2008 2099 
14376 2162 2440 2480 2099 
14377 2091 1894 2534 2153 
14378 2449 1893 2451 2274 
14379 2181 2532 262 2151 
14380 2562 2532 262 2181 
14381 2167 2397 2396 2548 
14382 1893 2449 2451 2068 
14383 2281 265 329 2177 
14384 2264 2088 2399 1883 
14385 2253 287 351 2178 
14386 1903 2530 2526 2149 
14387 2544 2163 2280 2543 
14388 2162 2543 2163 2480 
14389 2201 2277 239 1896 
14390 2567 1903 2244 2284 
14391 2012 2068 2067 2449 
14392 2393 2012 2067 2449 
14393 2167 2442 1898 2061 
14394 2405 2023 2406 2404 
14395 2530 2096 2095 2149 
14396 2173 353 2554 2267 
14397 1894 2534 2477 2275 
14398 2445 2278 2444 2064 
14399 2442 2279 2548 1898 
14400 2447 2066 2449 2448 
14401 2362 1984 2365 2364 
14402 2072 2453 2283 2452 
14403 2434 2437 2056 1984 
14404 1984 2434 2437 2365 
14405 2164 2008 2544 2389 
14406 1984 2364 2436 2365 
14407 2297 2298 1917 2299 
14408 2453 2251 2072 2568 
14409 2377 2448 2065 2446 
14410 2480 2163 2008 2544 
14411 2142 2299 2321 1940 
14412 2493 1890 2120 2271 
14413 2404 2023 2403 2405 
14414 2141 2522 2043 2042 
14415 2437 2057 2056 1984 
14416 2437 2438 1984 2365 
14417 2174 2555 1961 2054 
14418 2451 2071 2072 2070 
14419 2453 2072 2451 2452 
14420 2409 2027 2026 2028 
14421 2043 2188 2522 2141 
14422 2558 2281 329 2177 
14423 2024 2403 2281 1900 
14424 1900 2024 2403 2022 
14425 2543 2163 1899 2162 
14426 2013 1975 2018 2399 
14427 1918 2297 2299 1940 
14428 2080 2461 2388 2471 
14429 2088 2018 1975 2399 
14430 2039 2421 2417 2420 
14431 2022 2023 2403 1972 
14432 2277 303 239 2176 
14433 1886 2518 2139 2137 
14434 2552 2051 2432 2430 
14435 2016 2396 2015 2167 
14436 2442 2572 2284 2061 
14437 1918 2299 2301 2142 
14438 2342 2435 1961 2555 
14439 330 266 2281 2565 
14440 2012 2450 2449 2393 
14441 2069 2068 2012 2449 
14442 2543 2162 2440 2480 
14443 2347 2529 2387 2148 
14444 2421 2037 2417 2418 
14445 2333 2346 2039 2420 
14446 2295 2435 1916 1914 
14447 2039 2335 2417 1954 
14448 324 2265 2224 1884 
14449 2274 351 287 2178 
14450 2451 1893 2068 2070 
14451 2149 2095 2526 2145 
14452 2264 2088 2172 2469 
14453 2440 2162 2059 2099 
14454 2451 2559 2274 2178 
14455 2409 2027 2407 2026 
14456 2269 2407 2406 1888 
14457 2445 2501 2493 2064 
14458 2450 2012 2449 2069 
14459 2544 2008 2480 2389 
14460 2016 2352 2096 1971 
14461 255 319 1894 2476 
14462 2570 333 269 2234 
14463 2472 2524 2268 1887 
14464 2530 2016 2096 2149 
14465 2422 2041 2529 2346 
14466 2143 2534 2193 2153 
14467 1890 248 312 2112 
14468 2161 2285 1904 2473 
14469 2030 2140 2415 2034 
14470 2025 2405 1888 2024 
14471 2269 2406 2405 1888 
14472 2096 2352 2387 1971 
14473 1916 2296 1917 2297 
14474 2167 2572 2061 2191 
14475 1982 2438 2058 2439 
14476 1988 2388 2007 1987 
14477 1988 2369 2388 2368 
14478 2196 304 240 2075 
14479 2410 2409 2411 2029 
14480 259 2522 2188 2141 
14481 2436 2053 1984 2434 
14482 2330 2333 2039 2420 
14483 2190 2555 2029 2174 
14484 2297 2296 2295 1916 
14485 1940 2297 2435 1916 
14486 2092 2161 1904 2473 
14487 2371 1990 2076 2502 
14488 2502 2371 1990 2373 
14489 2406 2027 2528 2025 
14490 2075 2196 304 2456 
14491 2449 2067 2393 2448 
14492 2394 2175 2401 2013 
14493 2029 2571 2410 2555 
14494 2371 2370 2369 1988 
14495 2146 2570 2200 2189 
14496 1894 2095 2476 2096 
14497 253 317 2217 2186 
14498 2566 300 2261 364 
14499 2346 2039 2040 1965 
14500 2564 2335 2317 1954 
14501 308 244 1883 2560 
14502 2406 2407 2027 2026 
14503 2032 2030 2413 2033 
14504 1940 1918 2297 1916 
14505 2369 2370 1974 1988 
14506 2285 2527 2542 2161 
14507 1904 2527 2161 2146 
14508 2297 1940 2435 2321 
14509 2553 2172 2368 2469 
14510 2187 316 252 2210 
14511 2076 2371 1988 1990 
14512 2502 1992 2121 1996 
14513 247 2471 2090 2271 
14514 2477 1894 2476 2096 
14515 2058 2441 2440 2439 
14516 2173 289 353 1886 
14517 2278 2112 1897 2064 
14518 2560 307 243 2401 
14519 2451 2071 2066 2447 
14520 1954 2335 2330 2039 
14521 2007 2080 2388 2090 
14522 2526 2530 1903 2284 
14523 2148 2387 2347 1966 
14524 2451 2559 2178 2453 
14525 2405 2403 2281 2024 
14526 2562 2031 2532 2181 
14527 2181 2031 2532 2151 
14528 2321 2299 2297 1940 
14529 2065 2531 2445 2150 
14530 2419 2403 2402 2038 
14531 2015 2352 2016 1971 
14532 2175 2056 2053 2434 
14533 2076 2121 2501 2502 
14534 2518 1886 2139 2267 
14535 2471 2080 310 2090 
14536 2146 238 302 2176 
14537 2200 301 237 2189 
14538 1992 2373 1994 2377 
14539 1996 1992 1994 2377 
14540 1987 2388 2172 2368 
14541 2181 2265 2140 1884 
14542 2521 2265 2140 2562 
14543 331 2565 1901 2184 
14544 2065 2066 2447 2448 
14545 2438 2154 2058 2535 
14546 1890 247 2090 2271 
14547 2057 2154 2438 2437 
14548 2075 241 305 1885 
14549 2439 2535 2058 1896 
14550 2399 2560 2018 2401 
14551 288 352 2554 2247 
14552 2016 2397 2396 2167 
14553 2058 2060 2441 1896 
14554 2031 2407 2409 2412 
14555 2026 2027 2406 2025 
14556 1996 2067 2065 2448 
14557 2092 2543 2161 2473 
14558 1991 2373 1993 1992 
14559 2400 2038 2402 2019 
14560 2096 2534 2477 1894 
14561 1992 1990 1991 2373 
14562 2352 2096 2477 2397 
14563 2557 2441 2146 2176 
14564 2335 2039 2417 2420 
14565 2037 2036 2415 2034 
14566 2524 2193 2041 2143 
14567 2403 2021 2038 2022 
14568 2033 2413 2032 2035 
14569 2541 1994 2375 2377 
14570 2041 2346 2040 1965 
14571 2373 2375 2374 1994 
14572 2189 2570 269 2234 
14573 1901 267 331 2184 
14574 2502 1992 1996 2377 
14575 1992 2502 2373 2377 
14576 2554 1893 2069 2274 
14577 2096 2387 2006 1971 
14578 2352 2096 2387 2477 
14579 2402 2419 2038 2400 
14580 2090 2471 2388 2533 
14581 1894 2472 2534 2275 
14582 2377 2065 2531 2446 
14583 2394 2556 2175 2434 
14584 2041 2193 2529 2148 
14585 2277 2439 2441 1896 
14586 2018 1883 2560 2399 
14587 2175 2266 2401 1885 
14588 2065 1996 2448 2377 
14589 2457 2076 2501 2502 
14590 1994 2541 1997 2160 
14591 2266 2437 2075 1885 
14592 2142 2321 2035 1940 
14593 2416 2142 2321 2035 
14594 2444 2445 2065 2446 
14595 2522 2423 2043 2042 
14596 2438 2058 2057 1982 
14597 2411 2028 2521 2030 
14598 2030 2414 2413 2033 
14599 2054 2555 2190 2174 
14600 2533 2152 2090 2271 
14601 2069 2450 2554 2274 
14602 2200 2570 301 2189 
14603 2461 2080 310 2471 
14604 2096 2476 2530 2095 
14605 2193 2529 2387 2574 
14606 2536 2418 2415 2155 
14607 2413 2416 2321 2035 
14608 2035 2321 2032 1940 
14609 2419 2565 2281 2038 
14610 2112 1890 2120 2493 
14611 2501 2493 2120 2271 
14612 2120 2493 2501 2064 
14613 2120 2112 2493 2064 
14614 2543 2092 2161 2162 
14615 2068 2449 2451 2066 
14616 2445 2150 2501 2064 
14617 2154 2057 2056 2437 
14618 2155 2415 2140 2034 
14619 1987 1974 1988 2368 
14620 2476 2096 2530 2477 
14621 2412 2407 2532 2031 
14622 2190 2413 2321 2032 
14623 2567 2217 317 2186 
14624 300 2566 2261 2185 
14625 2572 2016 2530 2191 
14626 2076 2121 2120 2501 
14627 2187 2568 316 2210 
14628 2029 2411 2413 2030 
14629 2039 2335 2330 2420 
14630 2558 2405 2281 2177 
14631 2152 2120 1890 2271 
14632 2502 2121 2501 2150 
14633 1883 2461 2172 2080 
14634 2080 2461 2172 2388 
14635 2266 2175 2437 1885 
14636 2461 1883 2172 2264 
14637 2214 322 258 4078 
14638 2018 2179 2020 2401 
14639 1996 2502 2150 2121 
14640 2407 1888 2532 2026 
14641 2388 2457 2369 1988 
14642 2457 2388 2007 1988 
14643 2038 2565 2281 1900 
14644 2387 1966 1971 2347 
14645 2191 2530 1903 2149 
14646 2449 2068 2067 2066 
14647 2572 2167 2016 2191 
14648 2444 2445 2064 2065 
14649 2265 2536 2140 1884 
14650 2536 2265 2140 2521 
14651 2521 2415 2411 2030 
14652 2274 287 1893 2178 
14653 2493 2112 313 2278 
14654 2416 2413 2414 2033 
14655 2140 2521 2028 2030 
14656 2175 2020 1885 2401 
14657 2067 2393 2160 2012 
14658 1940 2435 2190 2054 
14659 1981 2438 1984 2057 
14660 2177 2405 1888 2558 
14661 2172 1883 2088 2264 
14662 2038 2419 2565 2282 
14663 2565 1901 2038 2282 
14664 2177 2281 265 1900 
14665 2560 1883 2264 2399 
14666 2025 2405 2023 2406 
14667 2415 2417 2037 2418 
14668 2561 2180 2012 2069 
14669 2424 2536 2265 2043 
14670 2007 2076 2457 1988 
14671 2178 350 286 2072 
14672 2436 2434 1984 2365 
14673 2020 2179 243 2401 
14674 2068 2451 2070 2066 
14675 2013 2020 2175 2401 
14676 2075 1896 2154 2456 
14677 1896 2277 2535 2456 
14678 2417 2036 2037 2040 
14679 2037 2421 2417 2040 
14680 2192 2335 2417 2573 
14681 2397 2096 2477 2530 
14682 2039 2417 2040 2036 
14683 2421 2039 2417 2040 
14684 2387 2096 2534 2477 
14685 2096 2387 2534 2006 
14686 2543 2161 2440 2162 
14687 2056 2075 2437 1885 
14688 2071 2451 2452 2447 
14689 2417 2192 2573 2033 
14690 2502 1996 2150 2377 
14691 2162 2059 2161 2440 
14692 2521 2409 2031 2028 
14693 2024 2023 2403 2022 
14694 2476 2095 318 2526 
14695 1996 2160 2067 2448 
14696 2521 2140 2415 2030 
14697 2441 2060 2176 1896 
14698 2029 2409 2411 2028 
14699 2501 2152 2076 2457 
14700 2175 2437 2056 2434 
14701 2178 2559 350 2453 
14702 2151 2532 1888 2026 
14703 2392 1998 2379 4079 
14704 2172 2007 2080 2388 
14705 2388 2172 2007 1987 
14706 2264 308 1883 2560 
14707 2441 2058 2440 2060 
14708 2554 2267 2450 2069 
14709 2266 2075 305 1885 
14710 2501 2121 2120 2150 
14711 2362 1984 2438 2365 
14712 2423 2522 2563 2182 
14713 2274 1893 2451 2178 
14714 1997 2379 1998 4079 
14715 2448 2447 2065 2446 
14716 2421 2039 2346 2420 
14717 2144 2525 1901 2185 
14718 2555 2435 1961 2054 
14719 2090 2388 2007 2533 
14720 2561 2267 2180 2069 
14721 1916 2435 2054 1914 
14722 2563 2041 2423 2182 
14723 2066 2067 2449 2448 
14724 325 2562 2221 2181 
14725 2526 2530 2095 2149 
14726 2541 2448 1996 2377 
14727 2175 2056 2437 1885 
14728 2176 2277 2441 1896 
14729 1987 2172 2088 2469 
14730 319 1894 2476 2275 
14731 1996 2065 2150 2377 
14732 2393 2067 2160 2448 
14733 2076 2120 2152 2501 
14734 266 2281 2565 1900 
14735 2221 261 325 2181 
14736 2075 2456 2437 2266 
14737 2299 1917 2297 1918 
14738 2150 2120 2501 2064 
14739 2284 2530 1903 2191 
14740 2566 1901 2525 2185 
14741 312 1890 2493 2271 
14742 2562 2140 2031 2181 
14743 2405 2025 2023 2024 
14744 2570 2146 2200 2527 
14745 2346 2422 2041 2421 
14746 2535 2439 2277 1896 
14747 2564 2573 2335 2192 
14748 2267 2173 1886 2069 
14749 2061 2284 1903 2191 
14750 2405 2023 2403 2024 
14751 2369 1974 2368 1988 
14752 2423 2041 2421 2042 
14753 2421 2422 2041 2423 
14754 2154 2056 2075 2437 
14755 2167 2572 2548 2442 
14756 2349 2467 2305 4073 
14757 1902 2072 2568 2283 
14758 2070 2451 1893 2178 
14759 2269 2407 1888 2532 
14760 264 328 2558 1888 
14761 2523 2416 2564 2183 
14762 2435 1940 2190 2321 
14763 2070 2451 2071 2066 
14764 2541 1996 1994 2377 
14765 1993 2373 1994 1992 
14766 2424 2423 2418 2043 
14767 2394 2053 2175 2013 
14768 1966 2148 2387 2006 
14769 1954 2039 2036 2417 
14770 2424 2188 2265 2569 
14771 2155 2536 2418 2043 
14772 2120 2152 2501 2271 
14773 2527 2161 2441 2542 
14774 2161 2527 2441 2146 
14775 2193 2387 2534 2574 
14776 2141 2182 2522 2042 
14777 2533 2388 2007 2457 
14778 1968 1924 2086 4073 
14779 2167 2572 2442 2061 
14780 1918 1917 2297 1916 
14781 2378 1997 2375 2541 
14782 2161 2542 2285 2473 
14783 2352 2347 2387 1971 
14784 2053 2394 2175 2434 
14785 2172 1987 2368 2469 
14786 264 2558 2177 1888 
14787 2541 1994 1997 2375 
14788 2493 2278 2445 2064 
14789 2415 2536 2140 2521 
14790 2024 2281 2177 1900 
14791 2033 2030 2414 2034 
14792 2072 2451 2178 2453 
14793 2178 2070 2451 2072 
14794 2564 2192 1954 2183 
14795 2007 2076 2152 2457 
14796 2267 2520 2561 2139 
14797 2188 324 260 1884 
14798 353 2173 1886 2267 
14799 2456 2154 2075 2437 
14800 239 2277 2176 1896 
14801 2570 2285 333 2234 
14802 2189 269 1904 2234 
14803 2066 2065 2067 2448 
14804 2295 2435 2297 1916 
14805 2188 2265 2569 324 
14806 2414 2417 2573 2033 
14807 331 2565 2282 1901 
14808 2529 2193 2387 2148 
14809 2121 2076 1990 2502 
14810 1992 2121 1990 2502 
14811 2186 1903 2526 2145 
14812 2095 255 1894 2476 
14813 2574 2041 2529 2422 
14814 2535 2058 2438 2439 
14815 2146 302 2527 2557 
14816 2450 2393 2012 2561 
14817 2526 2217 317 2567 
14818 2186 2217 253 2145 
14819 2072 2568 2187 1902 
14820 2456 2075 305 2266 
14821 2473 2161 2542 2543 
14822 2037 2036 2417 2415 
14823 2161 2146 2441 2060 
14824 2190 2435 2555 2054 
14825 2012 2450 2561 2069 
14826 2531 2065 2445 2446 
14827 2411 2414 2413 2030 
14828 2369 2457 2371 1988 
14829 2188 2424 2265 2043 
14830 2411 2029 2028 2030 
14831 2379 1997 2378 4079 
14832 1966 2387 1971 2006 
14833 2457 2371 2076 2502 
14834 2561 2180 2267 2139 
14835 2502 1990 1992 2373 
14836 2140 2562 2031 2521 
14837 2090 2471 2533 2271 
14838 2095 2476 2530 2526 
14839 2177 2405 2281 2024 
14840 2566 332 2227 2185 
14841 2574 2041 2422 2524 
14842 2143 2563 2041 2524 
14843 2371 2076 1988 2457 
14844 2397 2167 2572 2548 
14845 2416 2523 2142 2183 
14846 2026 2031 2409 2028 
14847 1901 2566 2525 2282 
14848 312 1890 2112 2493 
14849 2152 1890 2090 2271 
14850 2416 2413 2033 2035 
14851 2064 2445 2150 2065 
14852 2561 2450 2267 2069 
14853 2161 2543 2440 2542 
14854 2405 2177 1888 2024 
14855 2269 2405 2558 1888 
14856 2031 2140 2521 2028 
14857 2335 2192 2417 1954 
14858 348 2244 2567 2186 
14859 2423 2522 2182 2042 
14860 2154 2438 2058 2057 
14861 2346 2039 2421 2040 
14862 2182 2041 2423 2042 
14863 2041 2563 2423 2422 
14864 2210 2568 316 2283 
14865 1902 2187 252 2210 
14866 2278 2493 2112 2064 
14867 2030 2415 2414 2034 
14868 2407 2031 2409 2026 
14869 2568 285 2251 2187 
14870 2440 2161 2060 2059 
14871 2570 2285 1904 2527 
14872 2043 2423 2037 2042 
14873 2043 2536 2265 1884 
14874 2032 2321 2190 1940 
14875 2037 2418 2423 2043 
14876 1886 2180 2267 2069 
14877 2037 2415 2155 2034 
14878 2421 2042 2037 2423 
14879 2441 2146 2527 2557 
14880 2567 1903 2526 2186 
14881 2421 2041 2346 2040 
14882 327 2220 2532 2151 
14883 2041 2421 2042 2040 
14884 2563 2143 2041 2182 
14885 2072 2178 350 2453 
14886 2031 2407 2532 2026 
14887 279 280 1891 2242 
14888 343 344 2242 2272 
14889 281 282 1898 2243 
14890 346 345 2279 2243 
14891 313 314 2278 2209 
14892 250 249 1897 2209 
14893 294 293 2081 2254 
14894 357 358 2462 2254 
14895 345 344 2458 2239 
14896 280 281 2077 2239 
14897 295 294 2084 2255 
14898 358 359 2465 2255 
14899 359 360 2270 2259 
14900 296 295 1889 2259 
14901 297 298 2260 1895 
14902 361 362 2276 2260 
14903 360 361 2509 2256 
14904 296 297 2256 2128 
14905 364 2566 2525 2261 
14906 300 2261 2144 2185 
14907 271 272 1899 2235 
14908 336 335 2280 2235 
14909 2180 2561 2012 4079 
14910 2037 2418 2421 2423 
14911 2572 2016 2397 2530 
14912 356 357 2262 2258 
14913 293 292 1881 2258 
14914 315 314 2206 2443 
14915 251 250 2062 2206 
14916 2220 327 263 2151 
14917 1904 2570 2146 2189 
14918 2335 2564 2192 1954 
14919 2167 2016 2397 2572 
14920 2563 2524 2143 1887 
14921 362 363 2286 2257 
14922 298 299 2257 1905 
14923 2416 2192 2033 2573 
14924 2441 2060 2146 2176 
14925 2193 2534 2006 2153 
14926 2151 2031 2532 2026 
14927 2536 2424 2418 2043 
14928 332 268 2227 2185 
14929 2415 2037 2155 2418 
14930 2411 2415 2414 2030 
14931 2558 328 2269 1888 
14932 2016 2530 2191 2149 
14933 2072 2453 2568 2283 
14934 355 356 2519 2246 
14935 291 292 2246 2138 
14936 2033 2036 2034 4075 
14937 316 315 2210 2283 
14938 252 251 1902 2210 
14939 2522 2268 2563 4076 
14940 2570 269 333 2233 
14941 2563 2143 2182 1887 
14942 2216 317 253 2186 
14943 2245 364 300 2566 
14944 334 335 2236 2473 
14945 270 271 2092 2236 
14946 252 316 2187 2194 
14947 2244 348 284 2186 
14948 2416 2142 2035 2183 
14949 259 258 2215 2141 
14950 323 322 2522 2215 
14951 2148 2193 2387 2006 
14952 2267 2180 1886 2139 
14953 2251 349 285 2568 
14954 2441 2161 2440 2542 
14955 257 256 2213 2091 
14956 321 320 2472 2213 
14957 2378 2541 2393 4074 
14958 283 284 1903 2244 
14959 347 348 2244 2284 
14960 2567 2526 1903 2284 
14961 2189 301 237 2199 
14962 2043 2265 2188 1884 
14963 307 306 2198 2401 
14964 243 242 2020 2198 
14965 245 244 1883 2207 
14966 309 308 2207 2264 
14967 2012 2561 2393 4079 
14968 2573 2416 2414 2033 
14969 2042 2421 2037 2040 
14970 269 2570 2189 2233 
14971 2524 2563 2268 1887 
14972 2563 2422 2041 2524 
14973 2188 2265 324 1884 
14974 353 354 2267 2248 
14975 290 289 1886 2248 
14976 272 273 2089 2230 
14977 336 337 2230 2470 
14978 2189 2570 301 2199 
14979 363 364 2525 2261 
14980 300 299 2144 2261 
14981 317 2216 2567 2186 
14982 2566 300 2245 2185 
14983 2441 2161 2060 2440 
14984 2187 316 2568 2194 
14985 351 352 2274 2252 
14986 287 288 2252 1893 
14987 2192 1954 2036 2417 
14988 2415 2417 2414 4075 
14989 303 304 2277 2201 
14990 240 239 1896 2201 
14991 2527 2570 301 2200 
14992 2146 2200 237 2189 
14993 2527 1904 2570 2146 
14994 285 286 2251 2072 
14995 349 350 2453 2251 
14996 263 264 1888 2225 
14997 328 327 2269 2225 
14998 2417 2036 2192 2033 
14999 332 331 2282 2227 
15000 267 268 1901 2227 
15001 2155 2418 2037 2043 
15002 310 311 2471 2203 
15003 247 246 2090 2203 
15004 2182 1887 2141 4076 
15005 266 265 2226 1900 
15006 330 329 2281 2226 
15007 2566 20 2211 2245 
15008 16 2185 2211 2245 
15009 19 2228 2567 2216 
15010 15 2186 2228 2216 
15011 2187 2250 14 2194 
15012 2250 2568 18 2194 
15013 254 253 2217 2145 
15014 318 317 2526 2217 
15015 2189 13 2233 2199 
15016 2570 2233 17 2199 
15017 2227 2282 332 2566 
15018 2227 268 1901 2185 
15019 2387 2193 2534 2006 
15020 347 346 2442 2240 
15021 282 283 2061 2240 
15022 260 261 1884 2224 
15023 325 324 2265 2224 
15024 242 241 1885 2197 
15025 306 305 2197 2266 
15026 2192 2564 2573 2416 
15027 2392 2561 2520 4079 
15028 2216 2228 2567 2186 
15029 2568 2250 2187 2194 
15030 2245 2211 2566 2185 
15031 2199 2189 2570 2233 
15032 238 237 2146 2200 
15033 301 302 2527 2200 
15034 320 319 2275 2218 
15035 255 256 1894 2218 
15036 2567 2244 348 2284 
15037 1903 2244 284 2186 
15038 2268 4076 2522 4078 
15039 248 247 1890 2208 
15040 311 312 2271 2208 
15041 1887 2141 4076 4078 
15042 2416 2192 2564 2183 
15043 322 321 2268 2214 
15044 257 258 1887 2214 
15045 338 337 2273 2231 
15046 273 274 1892 2231 
15047 285 2072 2251 2187 
15048 349 2251 2453 2568 
15049 2393 2378 4074 4079 
15050 2158 1892 2168 4072 
15051 2012 4074 1997 4079 
15052 2192 2416 2033 2035 
15053 278 279 2157 2238 
15054 343 342 2538 2238 
15055 1997 2012 2160 4074 
15056 334 333 2285 2234 
15057 269 270 1904 2234 
15058 249 248 2112 2205 
15059 312 313 2493 2205 
15060 2566 2211 332 2185 
15061 342 341 2550 2237 
15062 277 278 2169 2237 
15063 319 318 2476 2219 
15064 255 254 2219 2095 
15065 274 275 2168 2232 
15066 339 338 2549 2232 
15067 2567 2228 348 2186 
15068 2273 4072 2549 4077 
15069 1892 2168 4072 4077 
15070 285 2568 2250 2187 
15071 310 309 2204 2461 
15072 246 245 2080 2204 
15073 2549 2273 2539 4072 
15074 290 291 2249 2137 
15075 354 355 2518 2249 
15076 2233 2570 17 333 
15077 13 2189 2233 269 
15078 276 277 1882 2241 
15079 340 341 2241 2263 
15080 317 19 2567 2216 
15081 253 15 2216 2186 
15082 364 20 2566 2245 
15083 16 300 2185 2245 
15084 275 276 2156 2229 
15085 340 339 2537 2229 
15086 14 252 2187 2194 
15087 18 316 2194 2568 
15088 268 332 2211 2185 
15089 237 13 2189 2199 
15090 17 301 2570 2199 
15091 2228 284 348 2186 
15092 2568 349 285 2250 
15093 2192 2416 2035 2183 
15094 2522 4076 2141 4078 
15095 262 261 2221 2181 
15096 326 325 2562 2221 
15097 241 240 2075 2196 
15098 305 304 2196 2456 
15099 302 303 2557 2202 
15100 239 238 2176 2202 
15101 20 2566 2211 332 
15102 2185 16 2211 268 
15103 2168 2549 4072 4077 
15104 2215 2522 2141 4078 
15105 2186 15 2228 284 
15106 2228 19 2567 348 
15107 2250 2187 14 285 
15108 2568 2250 18 349 
15109 2393 4074 2012 4079 
15110 1892 4072 2273 4077 
15111 2379 2378 2392 4079 
15112 2011 1997 1998 4079 
15113 1997 4074 2378 4079 
15114 2268 2214 1887 4078 
15115 263 262 2220 2151 
15116 327 326 2532 2220 
15117 2232 2549 2168 4077 
15118 1887 4076 2268 4078 
15119 2273 2231 1892 4077 
15120 352 353 2554 2247 
15121 289 288 2173 2247 
15122 331 330 2565 2223 
15123 267 266 2223 2184 
15124 2268 2522 322 4078 
15125 1887 258 2141 4078 
15126 350 351 2559 2253 
15127 286 287 2253 2178 
15128 2392 2378 2393 4079 
15129 1997 2011 2012 4079 
15130 258 2215 2141 4078 
15131 2215 322 2522 4078 
15132 264 265 2177 2222 
15133 329 328 2558 2222 
15134 244 243 2179 2195 
15135 308 307 2195 2560 
15136 260 259 2212 2188 
15137 324 323 2569 2212 
15138 2273 2549 338 4077 
15139 274 2168 1892 4077 
15140 2214 2268 322 4078 
15141 258 1887 2214 4078 
15142 2392 2393 2561 4079 
15143 2180 2012 2011 4079 
15144 2273 338 2231 4077 
15145 1892 2231 274 4077 
15146 274 2232 2168 4077 
15147 2232 338 2549 4077 
15148 2199 17 13 2233 
15149 18 14 2250 2194 
15150 15 19 2216 2228 
15151 2245 16 20 2211 
15152 2011 2180 2561 2139 
15153 2561 2180 2011 4079 
15154 2561 2520 2011 2139 
15155 2011 2520 2561 4079 
15156 1998 4079 2078 2011 
15157 1998 2078 4079 2392 
15158 2520 2078 4079 2011 
15159 2520 4079 2078 2392 
3 5 4 2313
15160 2513 2270 2465 4080 
15161 2382 2492 2454 4082 
15162 2498 2344 2334 4085 
15163 2651 2894 2846 4080 
15164 2835 2873 2763 4082 
15165 2725 2879 2715 4085 
15166 2269 2407 2532 4083 
15167 2903 2649 2944 4084 
15168 2788 2650 2913 4083 
15169 2533 2388 2457 4081 
15170 2914 2838 2769 4081 
15171 2268 2522 2563 4084 
15172 2649 2903 2268 4084 
15173 2903 2522 2268 4084 
15174 2563 2522 2944 4084 
15175 2838 2388 2769 4081 
15176 2457 2388 2838 4081 
15177 2522 2903 2944 4084 
15178 344 345 2458 2619 
15179 343 344 2272 2623 
15180 345 346 2279 2624 
15181 314 313 2278 2589 
15182 358 357 2462 2637 
15183 358 359 2635 2465 
15184 359 360 2640 2270 
15185 361 362 2641 2276 
15186 360 361 2636 2509 
15187 409 408 2839 2619 
15188 424 425 2890 2636 
15189 335 336 2280 2617 
15190 410 409 2660 2624 
15191 425 426 2657 2641 
15192 408 407 2653 2623 
15193 421 422 2843 2637 
15194 423 424 2651 2640 
15195 422 423 2846 2635 
15196 315 314 2443 2585 
15197 400 399 2661 2617 
15198 357 356 2262 2639 
15199 420 421 2643 2639 
15200 362 363 2638 2286 
15201 2788 2407 2650 4083 
15202 2894 2651 2513 4080 
15203 2513 2651 2270 4080 
15204 2454 2835 2382 4082 
15205 2835 2763 2382 4082 
15206 2492 2382 2763 4082 
15207 2873 2492 2763 4082 
15208 2846 2894 2465 4080 
15209 2894 2513 2465 4080 
15210 316 315 2283 2590 
15211 2270 2846 2465 4080 
15212 2270 2651 2846 4080 
15213 2454 2873 2835 4082 
15214 2492 2873 2454 4082 
15215 334 335 2473 2616 
15216 378 377 2589 2659 
15217 419 420 2900 2627 
15218 356 355 2519 2627 
15219 2344 2498 2879 4085 
15220 2725 2344 2879 4085 
15221 321 320 2594 2472 
15222 2879 2498 2715 4085 
15223 426 427 2667 2638 
15224 385 384 2853 2594 
15225 2344 2725 2334 4085 
15226 336 337 2470 2613 
15227 400 401 2613 2851 
15228 2650 2407 2269 4083 
15229 323 322 2596 2522 
15230 363 364 2642 2525 
15231 2498 2334 2715 4085 
15232 398 399 2616 2854 
15233 318 317 2600 2526 
15234 387 386 2903 2596 
15235 2334 2725 2715 4085 
15236 375 374 2586 2852 
15237 311 310 2471 2586 
15238 427 428 2906 2642 
15239 346 347 2442 2621 
15240 411 410 2823 2621 
15241 337 338 2273 2611 
15242 401 402 2611 2654 
15243 382 381 2907 2600 
15244 415 416 2655 2632 
15245 351 352 2632 2274 
15246 329 330 2281 2606 
15247 342 343 2538 2618 
15248 332 331 2607 2282 
15249 411 412 2625 2665 
15250 347 348 2284 2625 
15251 333 334 2285 2614 
15252 309 308 2264 2591 
15253 372 373 2645 2591 
15254 407 406 2919 2618 
15255 319 320 2275 2598 
15256 341 342 2550 2620 
15257 406 405 2931 2620 
15258 384 383 2656 2598 
15259 307 306 2401 2579 
15260 370 371 2782 2579 
15261 312 311 2271 2588 
15262 376 375 2588 2652 
15263 322 321 2595 2268 
15264 350 349 2453 2634 
15265 302 301 2527 2582 
15266 338 339 2549 2612 
15267 402 403 2612 2930 
15268 386 385 2649 2595 
15269 353 354 2628 2267 
15270 417 418 2648 2628 
15271 394 393 2662 2606 
15272 327 328 2269 2605 
15273 392 391 2650 2605 
15274 2914 2769 2533 4081 
15275 304 303 2277 2580 
15276 368 367 2580 2658 
15277 398 397 2666 2614 
15278 306 305 2266 2578 
15279 369 370 2647 2578 
15280 413 414 2834 2634 
15281 380 379 2590 2664 
15282 366 365 2582 2908 
15283 325 324 2608 2265 
15284 379 378 2585 2824 
15285 340 341 2263 2622 
15286 404 405 2622 2644 
15287 403 404 2610 2918 
15288 339 340 2537 2610 
15289 313 312 2493 2587 
15290 376 377 2874 2587 
15291 318 319 2476 2599 
15292 17 333 2570 2615 
15293 397 21 2951 2615 
15294 389 388 2646 2608 
15295 381 23 2948 2597 
15296 19 317 2567 2597 
15297 364 20 2626 2566 
15298 428 24 2947 2626 
15299 18 316 2568 2575 
15300 22 380 2575 2949 
15301 2913 2269 2532 4083 
15302 301 17 2570 2581 
15303 21 365 2951 2581 
15304 310 309 2461 2584 
15305 373 374 2842 2584 
15306 383 382 2857 2599 
15307 2650 2269 2913 4083 
15308 303 302 2557 2583 
15309 355 354 2518 2629 
15310 418 419 2899 2629 
15311 396 395 2663 2607 
15312 367 366 2583 2938 
15313 331 330 2602 2565 
15314 332 20 2566 2592 
15315 24 396 2947 2592 
15316 325 326 2562 2601 
15317 390 389 2943 2601 
15318 352 353 2630 2554 
15319 416 417 2935 2630 
15320 348 19 2567 2609 
15321 23 412 2948 2609 
15322 22 413 2949 2631 
15323 349 18 2568 2631 
15324 350 351 2633 2559 
15325 2769 2388 2533 4081 
15326 329 328 2604 2558 
15327 393 392 2939 2604 
15328 305 304 2456 2577 
15329 369 368 2577 2837 
15330 308 307 2560 2576 
15331 371 372 2941 2576 
15332 414 415 2940 2633 
15333 323 324 2569 2593 
15334 391 390 2913 2603 
15335 327 326 2603 2532 
15336 388 387 2950 2593 
15337 2914 2533 2457 4081 
15338 395 394 2946 2602 
15339 2407 2788 2532 4083 
15340 2532 2788 2913 4083 
15341 2566 20 2626 2592 
15342 2626 2592 24 2947 
15343 23 2948 2597 2609 
15344 2567 19 2597 2609 
15345 2631 2949 22 2575 
15346 18 2568 2631 2575 
15347 17 2570 2581 2615 
15348 2581 21 2615 2951 
15349 2563 2944 2649 4084 
15350 2914 2457 2838 4081 
15351 2658 368 304 2580 
15352 2277 2658 304 2580 
15353 2268 2563 2649 4084 
15354 354 418 2628 2648 
15355 2267 354 2628 2648 
15356 327 391 2605 2269 
15357 2269 391 2605 2650 
15358 316 380 2590 2283 
15359 309 373 2591 2645 
15360 2264 309 2591 2645 
15361 2664 2590 380 2283 
15362 2282 2947 2607 2566 
15363 2453 2949 2634 2568 
15364 2401 370 2782 2579 
15365 2401 306 370 2579 
15366 325 389 2646 2608 
15367 2948 2567 2625 2284 
15368 2846 2635 359 2465 
15369 2843 2637 358 2462 
15370 2653 2623 343 2272 
15371 345 409 2624 2279 
15372 2660 2624 409 2279 
15373 2839 409 2619 2458 
15374 409 345 2619 2458 
15375 2589 377 313 2659 
15376 313 2589 2659 2278 
15377 2843 357 2637 2462 
15378 358 2635 2846 2465 
15379 359 2651 2270 2640 
15380 2890 425 361 2636 
15381 2657 361 425 2641 
15382 361 2509 2890 2636 
15383 362 2657 2641 2276 
15384 2641 2657 361 2276 
15385 2623 408 344 2272 
15386 408 2623 2653 2272 
15387 2619 344 408 2458 
15388 2839 2619 408 2458 
15389 424 360 2270 2640 
15390 2270 2651 424 2640 
15391 2509 360 424 2636 
15392 2890 2509 424 2636 
15393 358 422 2637 2843 
15394 422 358 2635 2846 
15395 2624 410 346 2279 
15396 410 2624 2660 2279 
15397 2657 362 2641 426 
15398 357 2843 2637 421 
15399 343 407 2623 2653 
15400 399 2280 2617 335 
15401 2635 359 423 2846 
15402 2651 359 423 2640 
15403 2661 2280 336 2617 
15404 2280 399 2617 2661 
15405 2661 336 400 2617 
15406 2262 421 357 2639 
15407 2638 363 2667 2286 
15408 421 2262 2643 2639 
15409 364 428 2642 2525 
15410 2643 2262 420 2639 
15411 356 420 2262 2639 
15412 420 2519 2627 356 
15413 2824 2443 314 2585 
15414 322 386 2596 2903 
15415 2823 347 2621 2442 
15416 2519 420 2627 2900 
15417 2660 409 2839 2279 
15418 409 345 2458 2279 
15419 2458 2839 409 2279 
15420 2462 358 2846 2465 
15421 358 2843 2462 2846 
15422 2462 2846 2845 2465 
15423 2846 2462 2845 2843 
15424 2464 2465 2462 2845 
15425 2861 2742 2363 2744 
15426 2480 2861 2361 2363 
15427 2742 2743 2362 2363 
15428 2846 359 2270 2465 
15429 2742 2743 2363 2744 
15430 2742 2361 2861 2363 
15431 2741 2361 2362 2360 
15432 2362 2743 2742 2741 
15433 2361 2742 2362 2363 
15434 2361 2741 2362 2742 
15435 2740 2359 2361 2741 
15436 2741 2359 2361 2360 
15437 2270 2651 359 2846 
15438 2740 2361 2742 2741 
15439 2741 2359 2358 2740 
15440 2359 2741 2358 2360 
15441 2739 2358 2740 2741 
15442 2326 2337 2718 2339 
15443 2707 2326 2718 2339 
15444 2339 2718 2707 2720 
15445 2337 2327 2326 2718 
15446 2326 2707 2855 2339 
15447 2339 2707 2855 2720 
15448 2707 2326 2327 2718 
15449 2358 2720 2855 2739 
15450 2339 2855 2358 2720 
15451 2855 2474 2326 2339 
15452 2708 2707 2327 2718 
15453 2855 2339 2358 2474 
15454 2325 2707 2326 2327 
15455 2706 2707 2327 2708 
15456 2707 2855 2704 2326 
15457 2855 2474 2323 2326 
15458 2855 2474 2324 2323 
15459 2332 2328 2341 2713 
15460 2713 2328 2341 2709 
15461 2707 2325 2706 2327 
15462 2341 2722 2713 2709 
15463 2705 2324 2320 2704 
15464 2356 2354 2735 2343 
15465 2735 2737 2356 2724 
15466 2324 2705 2855 2704 
15467 2704 2325 2707 2326 
15468 2343 2354 2735 2341 
15469 2735 2722 2724 2341 
15470 2323 2704 2855 2326 
15471 2705 2320 2701 2704 
15472 2324 2320 2704 2323 
15473 2704 2855 2324 2323 
15474 2724 2332 2341 2713 
15475 2741 2862 2358 2360 
15476 2722 2724 2341 2713 
15477 2358 2739 2862 2741 
15478 2855 2358 2739 2862 
15479 2704 2325 2706 2707 
15480 2855 2358 2862 2474 
15481 2713 2332 2328 2319 
15482 2709 2713 2328 2319 
15483 2325 2704 2323 2326 
15484 2324 2855 2862 2474 
15485 2855 2324 2862 2705 
15486 2724 2356 2735 2343 
15487 2319 2709 2713 2700 
15488 2343 2735 2724 2341 
15489 2332 2724 2341 2343 
15490 2862 2481 2358 2360 
15491 2862 2481 2474 2358 
15492 2701 2314 2322 2320 
15493 2481 2862 2474 2324 
15494 2701 2322 2704 2320 
15495 2320 2322 2704 2323 
15496 2325 2706 2322 2704 
15497 2322 2325 2704 2323 
15498 2703 2314 2701 2695 
15499 2314 2703 2701 2322 
15500 2701 2322 2703 2704 
15501 2700 2319 2313 2695 
15502 2706 2703 2322 2704 
15503 2319 2700 2701 2695 
15504 2701 2320 2319 2314 
15505 2313 2694 2700 2695 
15506 2319 2709 2313 2328 
15507 2709 2319 2313 2700 
15508 2314 2313 2319 2695 
15509 2314 2319 2701 2695 
15510 2709 2313 2694 2700 
15511 2313 2309 2690 2310 
15512 2690 2694 2310 2691 
15513 2896 2464 2463 2845 
15514 2310 2694 2695 2691 
15515 2694 2313 2690 2310 
15516 2463 2843 2845 2462 
15517 2462 2464 2845 2463 
15518 2694 2310 2695 2313 
15519 2313 2310 2695 2314 
15520 2504 2710 2886 2885 
15521 2505 2886 2504 2329 
15522 2710 2504 2886 2329 
15523 2294 2483 2329 2710 
15524 2864 2294 2710 2483 
15525 2294 2864 2710 2675 
15526 2464 2896 2463 2515 
15527 2896 2845 2463 2844 
15528 2315 2689 2308 2425 
15529 2806 2315 2689 2696 
15530 2315 2806 2689 2425 
15531 2843 2463 2845 2844 
15532 2697 2308 2689 2425 
15533 2806 2697 2689 2425 
15534 2690 2308 2315 2689 
15535 2308 2690 2315 2309 
15536 2315 2690 2689 2696 
15537 2308 2697 2316 2425 
15538 2710 2329 2296 2503 
15539 2478 2747 2327 2859 
15540 2708 2327 2747 2859 
15541 2895 2367 2864 2514 
15542 2367 2895 2864 2748 
15543 2327 2747 2706 2708 
15544 2871 2306 2687 2697 
15545 2366 2706 2325 2327 
15546 2514 2513 2895 2367 
15547 2513 2894 2895 2367 
15548 2894 2895 2367 2748 
15549 2886 2514 2895 2864 
15550 2514 2886 2505 2483 
15551 2483 2514 2864 2367 
15552 2886 2896 2514 2505 
15553 2514 2895 2896 2886 
15554 2886 2514 2864 2483 
15555 2845 2464 2894 2895 
15556 2895 2464 2513 2514 
15557 2513 2894 2464 2895 
15558 2697 2871 2306 2316 
15559 2316 2871 2306 2490 
15560 2886 2505 2483 2329 
15561 2329 2483 2886 2710 
15562 2483 2864 2886 2710 
15563 2464 2845 2896 2895 
15564 2896 2464 2895 2514 
15565 2310 2690 2307 2309 
15566 2310 2688 2307 2690 
15567 2310 2688 2690 2691 
15568 2896 2515 2514 2505 
15569 2710 2294 2296 2329 
15570 2454 2697 2871 2835 
15571 2894 2846 2465 2845 
15572 2464 2894 2465 2845 
15573 2513 2894 2465 2464 
15574 2294 2710 2296 2675 
15575 2709 2494 2313 2328 
15576 2494 2709 2313 2875 
15577 2464 2896 2515 2514 
15578 2687 2308 2689 2697 
15579 2306 2308 2687 2697 
15580 2875 2709 2313 2694 
15581 2673 2864 2483 2294 
15582 2673 2864 2294 2675 
15583 2697 2454 2871 2316 
15584 2490 2316 2871 2454 
15585 2657 361 2890 425 
15586 2697 2306 2308 2316 
15587 2367 2864 2673 2748 
15588 2366 2747 2327 2478 
15589 2366 2747 2706 2327 
15590 2296 2677 2710 2503 
15591 2677 2710 2503 2884 
15592 2483 2864 2673 2367 
15593 2690 2494 2315 2309 
15594 2494 2315 2696 2690 
15595 2875 2494 2696 2690 
15596 2308 2689 2688 2687 
15597 2687 2307 2308 2306 
15598 2307 2687 2308 2688 
15599 2292 2673 2483 2294 
15600 2478 2327 2719 2859 
15601 2337 2719 2327 2718 
15602 2327 2708 2719 2859 
15603 2719 2708 2327 2718 
15604 2710 2885 2504 2884 
15605 2710 2503 2504 2329 
15606 2886 2385 2896 2505 
15607 2385 2886 2896 2766 
15608 2673 2292 2483 2367 
15609 2675 2296 2677 2710 
15610 2896 2515 2505 2385 
15611 2836 2871 2454 2455 
15612 2871 2454 2835 2836 
15613 2689 2688 2690 2308 
15614 2307 2690 2308 2309 
15615 2690 2307 2308 2688 
15616 2871 2490 2454 2455 
15617 2455 2454 2836 2384 
15618 2454 2765 2836 2384 
15619 2765 2835 2454 2836 
15620 2367 2894 2512 2513 
15621 2512 2748 2894 2367 
15622 2512 2748 2893 2894 
15623 2310 2847 2688 2691 
15624 2688 2466 2310 2307 
15625 2309 2690 2494 2313 
15626 2690 2875 2494 2313 
15627 2503 2710 2504 2884 
15628 2690 2875 2313 2694 
15629 2366 2706 2499 2325 
15630 2847 2691 2310 2868 
15631 2836 2455 2504 2884 
15632 2504 2885 2836 2884 
15633 361 2657 2890 2276 
15634 2509 2276 361 2890 
15635 2504 2455 2836 2384 
15636 2765 2885 2836 2504 
15637 2504 2836 2765 2384 
15638 2885 2766 2886 2504 
15639 2385 2505 2886 2504 
15640 2766 2385 2886 2504 
15641 2516 2463 2897 2515 
15642 2672 2292 2673 2290 
15643 2885 2765 2766 2504 
15644 2504 2765 2766 2384 
15645 2766 2385 2504 2384 
15646 2463 2896 2897 2515 
15647 2463 2896 2844 2897 
15648 2747 2880 2499 2706 
15649 2706 2366 2499 2747 
15650 2327 2719 2338 2478 
15651 2338 2719 2327 2337 
15652 2503 2504 2455 2884 
15653 2847 2310 2688 2466 
15654 2695 2310 2691 2868 
15655 2671 2672 2673 2290 
15656 2292 2672 2291 2290 
15657 2310 2695 2314 2868 
15658 2487 2310 2868 2466 
15659 2310 2847 2868 2466 
15660 2322 2868 2314 2703 
15661 2314 2703 2868 2695 
15662 2367 2673 2290 2748 
15663 2896 2897 2385 2766 
15664 2897 2516 2515 2385 
15665 2290 2748 2512 2367 
15666 2671 2512 2748 2893 
15667 2314 2310 2868 2487 
15668 2512 2894 2651 2513 
15669 2512 2513 2651 2270 
15670 2512 2894 2893 2651 
15671 2673 2367 2290 2292 
15672 2896 2897 2515 2385 
15673 2722 2355 2497 2341 
15674 2679 2503 2485 2884 
15675 2296 2677 2503 2298 
15676 2884 2503 2677 2679 
15677 2673 2748 2671 2290 
15678 2341 2735 2355 2354 
15679 2735 2341 2355 2722 
15680 2868 2322 2314 2487 
15681 2706 2322 2499 2325 
15682 2703 2322 2880 2706 
15683 2512 2671 2748 2290 
15684 2270 2651 2512 2509 
15685 2651 2893 2512 2890 
15686 2880 2322 2703 2868 
15687 2478 2719 2508 2859 
15688 2320 2705 2870 2324 
15689 2489 2324 2320 2870 
15690 2713 2319 2489 2332 
15691 2705 2320 2870 2701 
15692 2319 2870 2713 2489 
15693 2870 2319 2713 2700 
15694 2897 2383 2767 2516 
15695 2767 2764 2383 2897 
15696 2386 2767 2383 2516 
15697 2322 2499 2880 2706 
15698 2499 2868 2322 2880 
15699 2765 2454 2382 2384 
15700 2835 2454 2382 2765 
15701 2763 2835 2382 2765 
15702 2499 2868 2487 2322 
15703 2806 2315 2696 2869 
15704 2869 2425 2806 2315 
15705 2873 2316 2425 2492 
15706 2425 2806 2697 2873 
15707 2316 2873 2425 2697 
15708 2869 2425 2315 2488 
15709 2509 2651 2512 2890 
15710 2719 2478 2508 2338 
15711 2764 2385 2897 2766 
15712 2385 2764 2897 2383 
15713 2516 2897 2383 2385 
15714 2884 2485 2679 2866 
15715 2503 2679 2485 2298 
15716 2893 2512 2669 2671 
15717 2671 2288 2512 2669 
15718 2679 2503 2677 2298 
15719 2688 2304 2466 2307 
15720 2669 2509 2276 2288 
15721 2765 2382 2764 2384 
15722 2764 2763 2382 2765 
15723 2382 2383 2764 2384 
15724 2687 2306 2871 2684 
15725 2684 2490 2303 2306 
15726 2288 2671 2512 2290 
15727 2696 2482 2869 2315 
15728 2482 2696 2869 2863 
15729 2684 2490 2306 2871 
15730 2878 2355 2722 2736 
15731 2355 2878 2722 2497 
15732 2685 2688 2466 2847 
15733 2315 2482 2869 2488 
15734 2722 2355 2735 2736 
15735 2657 2276 2669 2890 
15736 2509 2669 2276 2890 
15737 2348 2358 2359 2740 
15738 2358 2348 2739 2740 
15739 2720 2348 2739 2358 
15740 2348 2720 2339 2358 
15741 2466 2685 2847 2848 
15742 2328 2497 2341 2709 
15743 2497 2722 2341 2709 
15744 2304 2688 2466 2685 
15745 2836 2455 2884 2866 
15746 2315 2696 2482 2494 
15747 2494 2696 2863 2875 
15748 2863 2482 2696 2494 
15749 2320 2870 2319 2489 
15750 2701 2700 2319 2870 
15751 2870 2320 2319 2701 
15752 2508 2719 2889 2859 
15753 2454 2873 2697 2835 
15754 2492 2873 2316 2454 
15755 2697 2316 2873 2454 
15756 2847 2468 2466 2848 
15757 2455 2503 2884 2485 
15758 2466 2304 2685 2467 
15759 2765 2764 2766 2384 
15760 2764 2385 2766 2384 
15761 2385 2764 2383 2384 
15762 2684 2306 2304 2687 
15763 2306 2684 2304 2303 
15764 2897 2767 2898 2516 
15765 2517 2898 2767 2516 
15766 2767 2386 2517 2516 
15767 2675 2294 2673 2293 
15768 2292 2673 2294 2293 
15769 2869 2482 2863 2753 
15770 2304 2307 2687 2306 
15771 2688 2304 2307 2687 
15772 2372 2869 2482 2488 
15773 2685 2466 2467 2848 
15774 2485 2684 2490 2303 
15775 2866 2490 2684 2871 
15776 2455 2836 2871 2866 
15777 2685 2304 2687 2684 
15778 2455 2871 2490 2866 
15779 2293 2673 2672 2292 
15780 2863 2494 2875 2878 
15781 2863 2482 2494 2878 
15782 2292 2291 2672 2293 
15783 2494 2875 2878 2709 
15784 2494 2497 2328 2709 
15785 2847 2849 2468 2848 
15786 2467 2466 2468 2848 
15787 2485 2884 2455 2866 
15788 2688 2685 2304 2687 
15789 2869 2372 2482 2753 
15790 2722 2497 2878 2709 
15791 2468 2487 2868 2466 
15792 2468 2868 2847 2466 
15793 2669 2512 2893 2890 
15794 2669 2288 2512 2509 
15795 2479 2880 2747 2860 
15796 2880 2479 2747 2499 
15797 2747 2366 2499 2479 
15798 2512 2669 2509 2890 
15799 2463 2897 2898 2516 
15800 2463 2516 2898 2517 
15801 2897 2463 2898 2844 
15802 2479 2849 2880 2860 
15803 2880 2499 2849 2479 
15804 2684 2485 2490 2866 
15805 2485 2455 2490 2866 
15806 2847 2849 2868 2468 
15807 2499 2849 2868 2880 
15808 2482 2494 2878 2497 
15809 2868 2468 2499 2487 
15810 2497 2494 2878 2709 
15811 2348 2729 2739 2740 
15812 2720 2348 2729 2739 
15813 2726 2718 2337 2339 
15814 2339 2726 2718 2720 
15815 2468 2849 2499 2479 
15816 2681 2485 2298 2300 
15817 2849 2499 2868 2468 
15818 2374 2495 2869 2488 
15819 2673 2675 2293 2674 
15820 2355 2751 2878 2370 
15821 2724 2475 2357 2343 
15822 2673 2293 2672 2674 
15823 2751 2863 2482 2753 
15824 2482 2370 2751 2372 
15825 2839 408 2653 2458 
15826 2272 408 344 2458 
15827 2272 2653 408 2458 
15828 2485 2298 2679 2681 
15829 2866 2485 2679 2681 
15830 2372 2751 2482 2753 
15831 2738 2356 2737 2724 
15832 2724 2357 2356 2343 
15833 2751 2355 2878 2736 
15834 2878 2355 2370 2497 
15835 2364 2862 2481 2877 
15836 2720 2339 2726 2348 
15837 2304 2683 2467 2302 
15838 2479 2747 2888 2860 
15839 2366 2747 2507 2479 
15840 2683 2304 2467 2685 
15841 2764 2381 2767 2383 
15842 2767 2383 2381 2386 
15843 2381 2764 2767 2762 
15844 2888 2507 2747 2479 
15845 2848 2467 2685 2683 
15846 2362 2364 2741 2360 
15847 2743 2362 2364 2741 
15848 2741 2364 2862 2360 
15849 2481 2862 2364 2360 
15850 2488 2869 2374 2372 
15851 2372 2869 2755 2753 
15852 2348 2726 2720 2729 
15853 2345 2726 2337 2339 
15854 2485 2684 2303 2681 
15855 2681 2303 2485 2300 
15856 2507 2859 2747 2478 
15857 2747 2507 2478 2366 
15858 2859 2507 2747 2888 
15859 2482 2863 2751 2878 
15860 2482 2751 2370 2878 
15861 2485 2866 2684 2681 
15862 360 424 2270 2509 
15863 2509 2651 424 2270 
15864 2684 2303 2681 2683 
15865 2300 2681 2303 2683 
15866 2296 2294 2675 2295 
15867 2651 2509 424 2890 
15868 2302 2300 2303 2683 
15869 2675 2677 2296 2676 
15870 2374 2876 2869 2495 
15871 2876 2374 2869 2755 
15872 2878 2370 2482 2497 
15873 2382 2380 2492 2763 
15874 2873 2492 2761 2763 
15875 2380 2761 2492 2763 
15876 2339 2345 2726 2348 
15877 2810 2809 2429 2889 
15878 2428 2429 2889 2508 
15879 2856 2357 2738 2724 
15880 2475 2724 2357 2856 
15881 2370 2371 2751 2372 
15882 2372 2752 2751 2753 
15883 2303 2684 2304 2683 
15884 2357 2724 2356 2738 
15885 2302 2303 2304 2683 
15886 2684 2685 2304 2683 
15887 358 422 2843 2846 
15888 2294 2675 2295 2293 
15889 2763 2382 2380 2381 
15890 2763 2380 2761 2381 
15891 2381 2761 2763 2762 
15892 2508 2478 2859 2506 
15893 2332 2724 2475 2713 
15894 2343 2724 2475 2332 
15895 2869 2755 2374 2372 
15896 2425 2876 2869 2806 
15897 2869 2495 2425 2488 
15898 2364 2745 2862 2877 
15899 2877 2481 2364 2496 
15900 2506 2889 2859 2508 
15901 2764 2382 2763 2381 
15902 2764 2383 2382 2381 
15903 2763 2764 2381 2762 
15904 2743 2364 2745 2741 
15905 2364 2741 2862 2745 
15906 2302 2467 2686 2683 
15907 2674 2295 2675 2293 
15908 2467 2848 2686 2683 
15909 2506 2859 2507 2478 
15910 2324 2862 2705 2877 
15911 2324 2481 2862 2877 
15912 2507 2859 2887 2888 
15913 2349 2848 2686 2467 
15914 2761 2492 2873 2876 
15915 2492 2761 2380 2495 
15916 2371 2752 2751 2372 
15917 2808 2809 2429 2810 
15918 2873 2425 2876 2492 
15919 2425 2873 2876 2806 
15920 2475 2332 2713 2489 
15921 2489 2713 2856 2870 
15922 2495 2869 2425 2876 
15923 2724 2856 2475 2713 
15924 2349 2849 2848 2468 
15925 2349 2467 2468 2848 
15926 2809 2428 2429 2889 
15927 2676 2296 2675 2295 
15928 2467 2686 2305 2302 
15929 2761 2492 2876 2495 
15930 2848 2349 2686 2730 
15931 2467 2686 2349 2305 
15932 2877 2324 2870 2705 
15933 2489 2496 2324 2870 
15934 2877 2324 2481 2496 
15935 2508 2889 2428 2506 
15936 2295 2674 2675 2676 
15937 2479 2730 2849 2860 
15938 2809 2427 2808 2429 
15939 2492 2425 2876 2495 
15940 2849 2468 2349 2479 
15941 2889 2506 2859 2887 
15942 2843 2262 357 2462 
15943 2462 2843 2262 2463 
15944 2643 2463 2843 2844 
15945 2856 2475 2713 2489 
15946 2651 423 359 2846 
15947 2849 2349 2848 2730 
15948 2517 2767 2898 2841 
15949 2517 2386 2767 2841 
15950 2489 2856 2496 2870 
15951 2427 2809 2428 2429 
15952 2898 2463 2517 2643 
15953 2898 2463 2643 2844 
15954 2859 2506 2507 2887 
15955 2888 2881 2479 2860 
15956 2507 2888 2500 2479 
15957 2888 2881 2500 2479 
15958 2479 2881 2730 2860 
15959 2324 2877 2870 2496 
15960 2500 2881 2730 2479 
15961 2376 2757 2374 2495 
15962 2730 2479 2849 2349 
15963 2809 2428 2889 2887 
15964 2856 2489 2496 2475 
15965 2506 2889 2428 2887 
15966 2496 2856 2877 2870 
15967 2386 2517 2460 2841 
15968 2876 2374 2757 2495 
15969 2757 2755 2374 2876 
15970 2500 2730 2349 2479 
15971 2906 2642 428 2525 
15972 2731 2507 2888 2500 
15973 2262 357 421 2843 
15974 2881 2731 2888 2500 
15975 2686 2301 2302 2683 
15976 2809 2428 2887 2879 
15977 2887 2428 2506 2879 
15978 2426 2807 2725 2808 
15979 2301 2686 2682 2683 
15980 2507 2887 2731 2888 
15981 2301 2305 2686 2302 
15982 2427 2808 2725 2809 
15983 2463 2643 2843 2262 
15984 2808 2725 2426 2427 
15985 2517 2262 2643 2463 
15986 2809 2725 2427 2428 
15987 2426 2721 2340 2725 
15988 2426 2807 2721 2725 
15989 2718 2337 2867 2726 
15990 2841 2459 2901 2460 
15991 2380 2761 2376 2495 
15992 2376 2761 2757 2495 
15993 2726 2337 2486 2345 
15994 2887 2507 2731 2506 
15995 2693 2730 2686 2312 
15996 2876 2757 2761 2495 
15997 2380 2760 2376 2761 
15998 2760 2380 2376 2379 
15999 2376 2757 2761 2760 
16000 2349 2686 2730 2312 
16001 2349 2686 2312 2305 
16002 2667 362 426 2638 
16003 2681 2300 2301 2683 
16004 2302 2301 2300 2683 
16005 2643 2262 421 2843 
16006 2731 2350 2507 2500 
16007 427 363 2667 2638 
16008 2719 2510 2867 2338 
16009 2444 2659 2824 2278 
16010 2824 2444 2278 2443 
16011 2498 2506 2428 2879 
16012 2301 2682 2681 2683 
16013 2760 2761 2380 2381 
16014 2381 2760 2761 2762 
16015 2379 2760 2380 2381 
16016 2506 2731 2350 2507 
16017 2508 2719 2338 2510 
16018 2508 2889 2719 2510 
16019 2659 2444 2824 2825 
16020 2337 2486 2867 2726 
16021 2428 2809 2725 2879 
16022 2659 2589 378 2278 
16023 314 378 2589 2278 
16024 2731 2887 2506 2879 
16025 2725 2344 2427 2428 
16026 2475 2856 2357 2436 
16027 2738 2357 2856 2817 
16028 2877 2364 2436 2496 
16029 2817 2364 2877 2745 
16030 2725 2344 2426 2427 
16031 2510 2719 2867 2891 
16032 2486 2338 2867 2510 
16033 2344 2426 2340 2725 
16034 2730 2312 2881 2500 
16035 2867 2719 2337 2718 
16036 2867 2719 2338 2337 
16037 2350 2731 2506 2498 
16038 2312 2693 2730 2881 
16039 2429 2810 2889 2510 
16040 2508 2429 2889 2510 
16041 2510 2889 2719 2891 
16042 2312 2730 2349 2500 
16043 2459 2841 2901 2840 
16044 2901 2460 2459 2520 
16045 2638 2667 362 2286 
16046 2498 2428 2344 2879 
16047 2498 2731 2506 2879 
16048 2669 2276 2668 2288 
16049 2276 2669 2668 2657 
16050 2428 2725 2344 2879 
16051 314 2443 2824 2278 
16052 2364 2817 2877 2436 
16053 2436 2856 2357 2817 
16054 2779 2398 2814 2807 
16055 2433 2814 2398 2807 
16056 2807 2398 2433 2426 
16057 2486 2867 2338 2337 
16058 2810 2889 2510 2891 
16059 2608 2646 325 2265 
16060 2475 2856 2436 2496 
16061 2282 2947 2663 2607 
16062 2877 2436 2856 2496 
16063 2386 2459 2767 2841 
16064 2671 2289 2672 2290 
16065 2289 2291 2672 2290 
16066 2670 2288 2671 2669 
16067 2671 2288 2289 2290 
16068 2898 2519 2643 2517 
16069 2459 2386 2460 2841 
16070 2762 2381 2760 2459 
16071 2381 2379 2760 2459 
16072 420 2519 2262 2643 
16073 2817 2436 2856 2877 
16074 2734 2353 2289 2783 
16075 2519 356 420 2262 
16076 2262 2519 2517 2643 
16077 2459 2762 2381 2767 
16078 2381 2459 2767 2386 
16079 2293 2672 2491 2291 
16080 2491 2672 2674 2872 
16081 2672 2293 2491 2674 
16082 2526 2907 317 2600 
16083 2861 2480 2440 2363 
16084 2363 2821 2861 2744 
16085 2726 2348 2771 2729 
16086 2345 2390 2771 2348 
16087 2291 2672 2353 2289 
16088 2348 2726 2771 2345 
16089 2459 2840 2767 2841 
16090 2286 2657 362 2276 
16091 2287 2670 2783 2668 
16092 2361 2861 2480 2389 
16093 2861 2361 2742 2770 
16094 2361 2359 2740 2770 
16095 2740 2742 2361 2770 
16096 2841 2898 2517 2519 
16097 335 2473 2854 2280 
16098 2287 2668 2276 2288 
16099 2760 2762 2459 2840 
16100 2517 2460 2841 2519 
16101 2667 426 362 2657 
16102 399 335 2854 2280 
16103 2657 2286 2668 2276 
16104 2522 322 2596 2903 
16105 2280 2854 399 2661 
16106 2762 2459 2840 2767 
16107 2669 2668 2670 2288 
16108 2783 2402 2289 2287 
16109 2783 2289 2670 2287 
16110 2725 2721 2340 2334 
16111 2402 2289 2353 2783 
16112 2734 2289 2670 2783 
16113 2657 2286 362 2667 
16114 2289 2734 2672 2353 
16115 2433 2807 2808 2814 
16116 2426 2808 2433 2807 
16117 2429 2812 2510 2431 
16118 2808 2426 2433 2427 
16119 2670 2289 2672 2671 
16120 314 378 2824 2585 
16121 2288 2670 2671 2289 
16122 2668 2667 2286 2657 
16123 2812 2429 2510 2810 
16124 2853 2472 321 2594 
16125 420 2519 2643 2900 
16126 2725 2340 2344 2334 
16127 419 2519 2627 2900 
16128 2519 2898 2643 2900 
16129 2854 2473 335 2616 
16130 2891 2510 2810 2812 
16131 335 399 2854 2616 
16132 2287 2668 2286 2276 
16133 2731 2350 2712 2498 
16134 2734 2289 2672 2670 
16135 2670 2287 2288 2668 
16136 2433 2811 2808 2430 
16137 2811 2433 2808 2814 
16138 2674 2342 2295 2293 
16139 2498 2712 2731 2879 
16140 2519 419 2627 355 
16141 2433 2808 2427 2430 
16142 2676 2295 2674 2723 
16143 2342 2674 2295 2723 
16144 2881 2312 2318 2500 
16145 2519 2841 2898 2900 
16146 2312 2881 2318 2693 
16147 2334 2333 2717 2336 
16148 2740 2484 2770 2359 
16149 2284 2625 2948 2665 
16150 2661 2470 336 2280 
16151 2861 2440 2821 2363 
16152 2682 2692 2686 2301 
16153 416 2274 2632 352 
16154 2287 2670 2288 2289 
16155 2311 2305 2686 2301 
16156 2661 400 336 2851 
16157 2777 2398 2351 2396 
16158 2721 2807 2426 2732 
16159 2340 2721 2426 2732 
16160 2732 2779 2398 2777 
16161 2853 321 385 2594 
16162 2354 2469 2356 2735 
16163 2737 2356 2850 2735 
16164 2311 2686 2692 2301 
16165 2500 2881 2731 2318 
16166 2861 2361 2770 2389 
16167 2361 2359 2770 2389 
16168 2779 2398 2807 2732 
16169 2732 2426 2398 2807 
16170 381 317 2907 2600 
16171 2659 378 2824 2278 
16172 378 314 2824 2278 
16173 2672 2353 2491 2291 
16174 2491 2734 2672 2872 
16175 2811 2429 2808 2430 
16176 2429 2811 2808 2810 
16177 2731 2350 2500 2318 
16178 2274 351 415 2632 
16179 2430 2808 2427 2429 
16180 2334 2333 2331 2715 
16181 2334 2721 2340 2717 
16182 2340 2334 2717 2336 
16183 2518 419 355 2629 
16184 2712 2331 2714 2715 
16185 2333 2714 2331 2715 
16186 2470 2661 336 2851 
16187 2734 2491 2672 2353 
16188 2872 2491 2734 2785 
16189 320 2472 2853 2594 
16190 2725 2721 2334 2715 
16191 2949 2453 2634 2834 
16192 2266 305 369 2578 
16193 2723 2491 2674 2872 
16194 2491 2674 2293 2342 
16195 2333 2717 2336 2727 
16196 2342 2491 2674 2723 
16197 411 347 2621 2823 
16198 2782 371 307 2579 
16199 384 320 2853 2594 
16200 2879 2498 2712 2715 
16201 2353 2734 2491 2785 
16202 2711 2330 2714 2712 
16203 2596 387 323 2903 
16204 393 329 2662 2606 
16205 2699 2318 2711 2712 
16206 2330 2711 2318 2712 
16207 2331 2714 2330 2712 
16208 2330 2333 2714 2331 
16209 347 411 2625 2284 
16210 2331 2330 2318 2712 
16211 2359 2770 2389 2484 
16212 2484 2740 2770 2865 
16213 2350 2331 2712 2498 
16214 2582 365 301 2527 
16215 375 2471 2586 311 
16216 2717 2721 2340 2728 
16217 398 334 2473 2616 
16218 398 2473 2854 2616 
16219 2336 2717 2340 2728 
16220 2812 2429 2811 2431 
16221 2715 2334 2333 2717 
16222 2318 2693 2881 2699 
16223 2486 2867 2772 2511 
16224 400 336 2851 2613 
16225 2404 2353 2491 2785 
16226 2429 2430 2811 2431 
16227 2731 2350 2318 2712 
16228 2810 2429 2811 2812 
16229 2726 2486 2772 2345 
16230 2333 2714 2715 2717 
16231 2851 337 401 2613 
16232 2744 2363 2821 2820 
16233 2772 2867 2486 2726 
16234 2538 2919 343 2653 
16235 2312 2686 2693 2692 
16236 2390 2771 2348 2484 
16237 2729 2348 2771 2484 
16238 2305 2686 2312 2311 
16239 2283 2664 315 2443 
16240 2318 2881 2731 2699 
16241 2510 2812 2892 2431 
16242 2692 2312 2686 2311 
16243 2653 343 2538 2272 
16244 322 386 2903 2268 
16245 2721 2334 2715 2717 
16246 332 2607 2947 2566 
16247 2404 2491 2528 2909 
16248 2528 2491 2342 2909 
16249 407 343 2919 2653 
16250 2812 2510 2892 2891 
16251 336 2470 2851 2613 
16252 326 390 2562 2601 
16253 2471 374 2586 310 
16254 372 308 2591 2645 
16255 2265 2536 2917 2521 
16256 2317 2312 2693 2692 
16257 2785 2872 2491 2909 
16258 2872 2723 2491 2909 
16259 2334 2331 2498 2715 
16260 2723 2342 2491 2909 
16261 2330 2318 2698 2317 
16262 2732 2426 2340 2351 
16263 2351 2732 2398 2777 
16264 2692 2317 2312 2311 
16265 2390 2391 2345 2771 
16266 2772 2726 2345 2771 
16267 2851 2470 337 2613 
16268 2333 2714 2717 2727 
16269 2892 2772 2867 2511 
16270 2772 2391 2486 2511 
16271 2331 2712 2498 2715 
16272 2426 2732 2398 2351 
16273 2584 310 374 2842 
16274 2647 306 2266 2578 
16275 2391 2772 2486 2345 
16276 2851 401 337 2654 
16277 2469 2850 2356 2735 
16278 2727 2336 2333 2346 
16279 2906 2282 2400 2525 
16280 2567 348 2948 2625 
16281 2781 2668 2667 2286 
16282 2821 2439 2363 2440 
16283 2740 2359 2348 2484 
16284 2348 2729 2740 2484 
16285 2699 2731 2318 2712 
16286 2442 2823 347 2284 
16287 2568 2634 413 2949 
16288 2331 2318 2350 2712 
16289 2865 2729 2771 2484 
16290 2287 2781 2286 2668 
16291 2693 2698 2317 2692 
16292 2711 2318 2698 2330 
16293 2318 2711 2698 2699 
16294 2491 2404 2785 2909 
16295 2452 2444 2824 2443 
16296 2510 2892 2511 2431 
16297 2777 2351 2733 2396 
16298 2287 2783 2781 2668 
16299 386 322 2595 2268 
16300 2444 2833 2824 2825 
16301 2362 2819 2363 2743 
16302 2744 2743 2363 2819 
16303 2867 2510 2511 2486 
16304 2892 2510 2867 2891 
16305 2647 2266 306 2401 
16306 2783 2287 2781 2402 
16307 337 2470 2851 2654 
16308 2470 337 2273 2654 
16309 2453 2664 2283 2452 
16310 379 2443 2585 315 
16311 2443 379 2585 2824 
16312 2664 315 2590 2283 
16313 2519 2841 2899 2460 
16314 2528 2789 2555 2408 
16315 2274 416 2632 2655 
16316 2391 2772 2345 2771 
16317 2394 2738 2356 2737 
16318 2347 2336 2340 2728 
16319 2903 2522 322 2268 
16320 2649 2903 386 2268 
16321 2823 410 2660 2442 
16322 2738 2357 2394 2356 
16323 326 390 2532 2562 
16324 2760 2376 2378 2379 
16325 2757 2378 2760 2376 
16326 2757 2374 2375 2376 
16327 2755 2374 2756 2757 
16328 2279 2660 410 2442 
16329 2279 410 346 2442 
16330 2840 2459 2773 2901 
16331 2901 2459 2773 2520 
16332 2899 2519 419 2900 
16333 2522 2596 323 2903 
16334 2904 2523 2680 2702 
16335 2789 2528 2555 2909 
16336 2909 2555 2789 2936 
16337 2728 2721 2340 2732 
16338 2647 370 306 2578 
16339 330 394 2281 2606 
16340 2401 2782 307 2579 
16341 2723 2555 2909 2936 
16342 2909 2342 2528 2555 
16343 2789 2409 2410 2408 
16344 2632 415 2274 2655 
16345 2518 355 419 2519 
16346 2298 2681 2300 2680 
16347 2312 2693 2318 2317 
16348 2681 2298 2679 2680 
16349 2667 363 2906 2286 
16350 2300 2681 2301 2680 
16351 2555 2723 2909 2342 
16352 2301 2681 2682 2680 
16353 2825 2447 2827 2444 
16354 2865 2740 2729 2484 
16355 2510 2892 2867 2511 
16356 2532 2793 2412 2562 
16357 2647 2266 369 2578 
16358 2443 2452 2664 2824 
16359 2841 2519 2899 2900 
16360 2664 2283 2452 2443 
16361 2791 2409 2410 2789 
16362 326 390 2603 2532 
16363 2284 411 2625 2665 
16364 2825 2444 2833 2447 
16365 2598 384 320 2275 
16366 2647 306 370 2401 
16367 2782 2647 370 2401 
16368 2654 401 337 2611 
16369 2364 2743 2746 2362 
16370 2817 2746 2364 2745 
16371 2743 2364 2746 2745 
16372 2817 2738 2357 2815 
16373 2354 2355 2368 2735 
16374 2749 2355 2736 2735 
16375 2598 319 383 2275 
16376 2436 2817 2365 2364 
16377 2652 376 312 2588 
16378 2271 311 375 2588 
16379 417 353 2628 2648 
16380 2817 2357 2436 2434 
16381 2301 2682 2692 2904 
16382 2854 2285 398 2666 
16383 2419 2784 2281 2800 
16384 398 334 2285 2473 
16385 2285 2854 398 2473 
16386 2649 386 2595 2268 
16387 2394 2775 2780 2782 
16388 2301 2692 2311 2904 
16389 2698 2318 2693 2317 
16390 2837 2658 2535 2916 
16391 2525 2906 363 2286 
16392 2909 2528 2404 2406 
16393 2460 2841 2899 2901 
16394 2677 2296 2678 2298 
16395 2679 2677 2678 2298 
16396 2678 2296 2677 2676 
16397 2901 2648 2518 2520 
16398 2678 2296 2676 2295 
16399 2853 2472 320 2275 
16400 2734 2353 2783 2403 
16401 2378 2773 2393 2759 
16402 337 2273 2654 2611 
16403 2370 2751 2371 2369 
16404 2439 2821 2363 2820 
16405 2351 2777 2733 2732 
16406 2899 419 2518 2629 
16407 2605 392 328 2269 
16408 2392 2760 2379 2459 
16409 2901 2518 2460 2520 
16410 2369 2752 2751 2371 
16411 2904 2301 2682 2680 
16412 2746 2434 2818 2815 
16413 2784 2419 2281 2403 
16414 2662 2281 2784 2800 
16415 2853 320 384 2275 
16416 2912 2883 2882 2531 
16417 2369 2751 2355 2370 
16418 2355 2751 2750 2736 
16419 2551 2892 2772 2932 
16420 2906 427 363 2667 
16421 2278 2826 2444 2659 
16422 2444 2825 2659 2826 
16423 2607 396 332 2947 
16424 2347 2728 2732 2733 
16425 2347 2732 2351 2733 
16426 2447 2825 2827 2828 
16427 2372 2755 2754 2753 
16428 2393 2392 2773 2378 
16429 2459 2773 2760 2840 
16430 2318 2698 2693 2699 
16431 2372 2754 2752 2753 
16432 2368 2469 2354 2735 
16433 2607 332 2282 2566 
16434 2607 2663 396 2947 
16435 2755 2754 2374 2372 
16436 2783 2353 2402 2403 
16437 2752 2371 2373 2372 
16438 2413 2702 2797 2794 
16439 2916 2437 2819 2535 
16440 2284 411 2823 347 
16441 2472 321 2268 2853 
16442 2531 2883 2377 2912 
16443 2833 2825 2447 2828 
16444 2667 2906 2781 2286 
16445 2785 2406 2909 2404 
16446 2527 2666 2285 2923 
16447 2732 2347 2340 2728 
16448 2645 2469 2850 2399 
16449 2938 2277 2822 2557 
16450 2347 2732 2340 2351 
16451 329 2281 2662 2606 
16452 2537 2932 2263 2551 
16453 2550 341 2620 2931 
16454 2419 2781 2663 2400 
16455 2754 2756 2375 2758 
16456 2493 312 376 2587 
16457 2277 303 367 2580 
16458 2295 2676 2816 2723 
16459 2342 2295 2816 2723 
16460 2501 2914 2533 2457 
16461 402 338 2273 2930 
16462 2264 2591 308 2645 
16463 2549 2273 338 2930 
16464 2663 2400 2781 2906 
16465 2921 2931 2550 2432 
16466 2274 2830 2831 2655 
16467 2317 2698 2330 2335 
16468 2734 2353 2403 2785 
16469 2368 2750 2388 2749 
16470 2780 2399 2394 2782 
16471 2449 2830 2450 2274 
16472 2931 2538 406 2550 
16473 2471 375 2586 2852 
16474 2562 2902 2265 2943 
16475 321 385 2649 2853 
16476 2952 2321 2816 2571 
16477 2282 2400 2419 2663 
16478 2781 2419 2663 2800 
16479 2907 2284 2530 2526 
16480 2833 2453 2451 2452 
16481 2420 2802 2798 2801 
16482 2738 2394 2775 2737 
16483 2778 2352 2477 2397 
16484 2407 2788 2650 2787 
16485 2882 2912 2531 2826 
16486 2915 2534 2656 2477 
16487 2663 2282 2400 2906 
16488 2823 2621 410 2442 
16489 2417 2799 2421 2418 
16490 313 377 2587 2874 
16491 2831 2450 2830 2274 
16492 2400 2906 2525 2286 
16493 2874 313 377 2659 
16494 2659 2874 313 2278 
16495 2622 340 404 2263 
16496 341 405 2620 2931 
16497 2621 346 410 2442 
16498 2404 2403 2353 2785 
16499 2772 2511 2551 2391 
16500 2511 2772 2551 2892 
16501 2333 2714 2727 2420 
16502 2538 2931 406 2919 
16503 374 2471 2586 2852 
16504 2523 2299 2680 2702 
16505 2919 2618 406 2538 
16506 2812 2432 2540 2431 
16507 2529 2910 2803 2727 
16508 412 2948 2625 2665 
16509 2625 2567 348 2284 
16510 2654 402 2273 2930 
16511 2297 2816 2321 2435 
16512 2523 2904 2797 2702 
16513 2819 2438 2437 2365 
16514 2650 2406 2787 2405 
16515 342 406 2538 2550 
16516 2551 2932 2540 2892 
16517 348 412 2948 2625 
16518 2698 2711 2330 2335 
16519 2378 2757 2760 2759 
16520 2375 2757 2376 2378 
16521 2461 2842 309 2264 
16522 2346 2333 2727 2420 
16523 342 406 2618 2538 
16524 2264 2842 309 2645 
16525 373 309 2842 2645 
16526 2526 318 2907 2600 
16527 2392 2773 2459 2520 
16528 2439 2822 2820 2658 
16529 2781 2287 2286 2400 
16530 2899 418 2518 2648 
16531 2527 2582 365 2908 
16532 2406 2407 2650 2787 
16533 2374 2375 2756 2757 
16534 2402 2781 2400 2287 
16535 2394 2357 2738 2815 
16536 2410 2413 2411 2791 
16537 2773 2774 2393 2759 
16538 2829 2541 2922 2758 
16539 2656 2275 2476 2477 
16540 2564 2692 2945 2904 
16541 2377 2531 2912 2446 
16542 2408 2789 2409 2407 
16543 2311 2301 2904 2523 
16544 2521 2917 2415 2536 
16545 2634 413 349 2568 
16546 2634 349 2453 2568 
16547 2634 2834 413 2949 
16548 402 338 2930 2612 
16549 2356 2399 2394 2737 
16550 2411 2409 2790 2521 
16551 2904 2311 2564 2692 
16552 2649 321 2595 385 
16553 333 2285 2666 2614 
16554 2714 2330 2711 2801 
16555 2934 2553 2842 2388 
16556 338 2549 2930 2612 
16557 2833 2444 2824 2452 
16558 2493 2501 2652 2271 
16559 2918 2263 2932 2644 
16560 2263 2918 2932 2537 
16561 2918 404 340 2263 
16562 2714 2333 2330 2420 
16563 363 2642 2906 2525 
16564 2666 397 333 2614 
16565 2356 2850 2399 2737 
16566 2777 2396 2733 2778 
16567 2935 2554 2831 2655 
16568 2471 2842 2769 2852 
16569 2390 2771 2920 2776 
16570 2549 2776 2920 2930 
16571 2453 2833 2664 2452 
16572 2413 2792 2791 2794 
16573 2399 2394 2782 2401 
16574 2727 2422 2529 2346 
16575 2399 2850 2645 2780 
16576 2407 2408 2789 2406 
16577 2842 2553 2934 2264 
16578 2392 2760 2378 2379 
16579 2406 2789 2528 2408 
16580 2368 2934 2388 2553 
16581 2434 2817 2357 2815 
16582 2453 414 350 2634 
16583 2655 2274 2830 2832 
16584 2680 2299 2678 2702 
16585 2301 2904 2523 2680 
16586 2393 2774 2830 2829 
16587 2393 2830 2449 2448 
16588 2608 324 388 2265 
16589 2540 2921 2550 2432 
16590 2432 2921 2931 2813 
16591 2274 2449 2830 2832 
16592 338 402 2273 2611 
16593 2819 2818 2746 2365 
16594 2818 2819 2437 2365 
16595 2850 2469 2749 2735 
16596 2377 2448 2446 2827 
16597 2432 2540 2921 2812 
16598 2813 2432 2921 2812 
16599 2826 2501 2493 2445 
16600 2909 2406 2789 2528 
16601 2529 2336 2717 2727 
16602 2820 2535 2658 2916 
16603 2790 2409 2791 2789 
16604 2519 2899 419 2518 
16605 2642 427 363 2906 
16606 2914 2769 2471 2533 
16607 2644 2622 404 2263 
16608 2892 2540 2551 2511 
16609 2533 2914 2501 2271 
16610 2932 2921 2540 2892 
16611 2403 2783 2419 2402 
16612 2834 2453 2832 2833 
16613 2453 2451 2832 2833 
16614 2789 2555 2408 2410 
16615 2471 311 375 2271 
16616 2299 2523 2321 2702 
16617 2892 2812 2540 2431 
16618 2281 2784 2403 2786 
16619 2784 2281 2662 2786 
16620 2434 2818 2437 2365 
16621 2434 2746 2818 2365 
16622 2538 2919 2653 2933 
16623 2842 2584 310 2461 
16624 2443 2664 379 2824 
16625 379 315 2664 2443 
16626 2577 305 369 2456 
16627 2599 318 382 2857 
16628 2530 2953 2572 2284 
16629 2819 2362 2363 2438 
16630 2941 2399 2782 2560 
16631 2538 2653 2272 2933 
16632 2552 2538 2272 2933 
16633 2937 2556 2647 2782 
16634 2952 2410 2413 2571 
16635 2858 2530 2857 2911 
16636 411 2284 2823 2665 
16637 2943 2562 390 2601 
16638 2789 2555 2410 2936 
16639 2355 2749 2368 2735 
16640 418 354 2518 2648 
16641 2267 2518 354 2648 
16642 2476 319 383 2599 
16643 2798 2716 2335 2801 
16644 2351 2396 2352 2733 
16645 2393 2829 2541 2922 
16646 2537 339 403 2549 
16647 2477 2915 2534 2387 
16648 2388 2842 2471 2461 
16649 2919 343 2618 2538 
16650 2549 403 2537 2930 
16651 2452 2833 2664 2824 
16652 2410 2791 2789 2936 
16653 302 366 2582 2908 
16654 2460 2518 2899 2519 
16655 2406 2650 2269 2405 
16656 2405 2787 2650 2786 
16657 2444 2452 2833 2447 
16658 2654 2273 402 2611 
16659 2446 2447 2444 2827 
16660 2842 310 374 2471 
16661 2902 2412 2793 2562 
16662 2902 2562 2265 2521 
16663 2902 2646 2265 2943 
16664 2541 2378 2393 2922 
16665 2537 2918 340 2263 
16666 404 2918 2644 2263 
16667 2263 2551 2932 2540 
16668 2352 2347 2351 2733 
16669 2883 2377 2754 2502 
16670 2816 2297 2321 2678 
16671 2274 2449 2832 2451 
16672 2392 2773 2760 2459 
16673 2395 2920 2539 2549 
16674 2776 2549 2920 2395 
16675 2281 2946 2565 2419 
16676 2776 2920 2390 2395 
16677 2920 2539 2390 2395 
16678 2931 2432 2538 2550 
16679 2407 2650 2269 2406 
16680 2535 2837 2916 2437 
16681 2363 2819 2820 2744 
16682 407 343 2618 2919 
16683 2352 2858 2387 2733 
16684 2658 304 368 2837 
16685 2678 2321 2299 2297 
16686 2883 2457 2501 2502 
16687 2264 2934 2469 2553 
16688 2910 2529 2717 2727 
16689 2393 2774 2450 2830 
16690 2830 2450 2393 2449 
16691 2469 2645 2264 2399 
16692 2750 2368 2388 2369 
16693 2769 2388 2750 2749 
16694 2907 2476 318 2526 
16695 2945 2698 2692 2564 
16696 2792 2796 2415 2902 
16697 2556 2937 2818 2815 
16698 321 2649 2268 2853 
16699 2562 390 2532 2943 
16700 390 2913 2532 2943 
16701 304 2658 2277 2837 
16702 2837 2277 304 2456 
16703 2436 2817 2434 2365 
16704 2678 2321 2816 2702 
16705 2812 2811 2432 2431 
16706 2941 2264 2399 2560 
16707 2311 2692 2317 2564 
16708 2484 2539 2926 2545 
16709 2444 2825 2826 2827 
16710 2656 2476 2857 2858 
16711 2717 2529 2728 2336 
16712 2321 2678 2299 2702 
16713 2275 2656 2534 2477 
16714 2430 2432 2811 2431 
16715 2396 2352 2778 2397 
16716 2662 2281 394 2606 
16717 2919 2538 2931 2813 
16718 2774 2831 2450 2830 
16719 2818 2937 2556 2647 
16720 2448 2393 2830 2829 
16721 2419 2783 2781 2402 
16722 2782 2560 307 2941 
16723 2583 367 2938 2557 
16724 2711 2698 2716 2335 
16725 2511 2892 2540 2431 
16726 2858 2656 2476 2477 
16727 2922 2541 2375 2758 
16728 2556 2937 2394 2782 
16729 2812 2540 2921 2892 
16730 2477 2778 2397 2530 
16731 2469 2368 2749 2735 
16732 2447 2830 2832 2828 
16733 2743 2362 2819 2746 
16734 2833 2453 2664 2834 
16735 2275 2598 384 2656 
16736 2550 2644 341 2931 
16737 2716 2698 2945 2564 
16738 2335 2711 2330 2801 
16739 2569 2805 2522 2950 
16740 2390 2771 2484 2920 
16741 2275 383 2598 2656 
16742 2405 2281 2403 2786 
16743 2299 2298 2300 2680 
16744 2502 2754 2373 2377 
16745 2377 2883 2754 2758 
16746 2299 2300 2301 2680 
16747 2554 2831 2267 2935 
16748 2311 2904 2564 2523 
16749 2648 2518 2899 2901 
16750 2905 2524 2853 2915 
16751 2775 2394 2738 2815 
16752 2441 2821 2440 2439 
16753 2375 2373 2754 2377 
16754 2377 2754 2375 2758 
16755 2805 2522 2804 2424 
16756 2698 2317 2692 2564 
16757 2524 2472 2853 2534 
16758 2926 2770 2484 2545 
16759 2850 2356 2399 2469 
16760 403 2918 2537 2930 
16761 2275 2853 2472 2534 
16762 2838 2457 2882 2883 
16763 2733 2352 2858 2778 
16764 2920 2865 2484 2926 
16765 2727 2529 2336 2346 
16766 2842 2388 2471 2769 
16767 2275 384 2853 2656 
16768 2572 2953 2823 2284 
16769 367 2277 2938 2557 
16770 2906 2400 2781 2286 
16771 2942 2392 2393 2561 
16772 2828 2447 2830 2448 
16773 2484 2539 2920 2926 
16774 2795 2796 2798 2414 
16775 2758 2829 2448 2827 
16776 2780 2775 2394 2737 
16777 2772 2551 2932 2776 
16778 2375 2757 2378 2759 
16779 2926 2273 2470 2545 
16780 2921 2644 2932 2540 
16781 2412 2793 2790 2902 
16782 2899 2518 2460 2901 
16783 2537 403 339 2610 
16784 2271 2652 312 2588 
16785 2271 375 2652 2588 
16786 2374 2756 2754 2755 
16787 405 341 2644 2931 
16788 2420 2798 2335 2801 
16789 2529 2717 2728 2910 
16790 2406 2785 2909 2787 
16791 2417 2799 2798 2421 
16792 2421 2799 2798 2802 
16793 2403 2783 2734 2784 
16794 2565 2663 2419 2946 
16795 2785 2405 2406 2404 
16796 2757 2375 2756 2759 
16797 318 382 2907 2600 
16798 2931 2550 2644 2921 
16799 2882 2493 2874 2826 
16800 2882 2501 2493 2826 
16801 2263 2932 2644 2540 
16802 2439 2441 2822 2277 
16803 2851 2470 2926 2654 
16804 2273 2926 2470 2654 
16805 2357 2394 2434 2815 
16806 398 2285 2614 2666 
16807 2811 2552 2433 2933 
16808 2552 2811 2433 2430 
16809 2554 2935 416 2655 
16810 2768 2387 2858 2733 
16811 2387 2477 2858 2352 
16812 2814 2433 2933 2811 
16813 2549 2537 2776 2930 
16814 2798 2421 2802 2420 
16815 2798 2417 2421 2420 
16816 2317 2698 2335 2564 
16817 2417 2796 2799 2415 
16818 2549 2920 2273 2930 
16819 2432 2813 2811 2812 
16820 2750 2749 2355 2736 
16821 2882 2874 2493 2652 
16822 2493 2501 2882 2652 
16823 2785 2404 2403 2405 
16824 2285 398 2614 334 
16825 2805 2522 2903 2804 
16826 321 2649 2595 2268 
16827 2501 2882 2457 2883 
16828 2771 2390 2391 2776 
16829 2421 2346 2727 2420 
16830 2448 2377 2758 2827 
16831 2484 2865 2770 2926 
16832 2770 2389 2484 2545 
16833 2913 2603 390 2532 
16834 2432 2931 2538 2813 
16835 2365 2817 2746 2364 
16836 2905 2268 2853 2524 
16837 2792 2411 2790 2521 
16838 2295 2816 2435 2342 
16839 315 2664 2590 379 
16840 2365 2746 2362 2364 
16841 2524 2268 2853 2472 
16842 2546 2552 2933 2433 
16843 2933 2927 2546 2433 
16844 2433 2933 2927 2814 
16845 2714 2727 2420 2801 
16846 2678 2679 2298 2680 
16847 2658 2439 2822 2277 
16848 2550 2620 406 2931 
16849 2539 2926 2545 2273 
16850 2530 2907 2911 2665 
16851 2299 2301 2523 2680 
16852 2484 2771 2865 2920 
16853 2267 2628 353 2648 
16854 2378 2760 2773 2759 
16855 2560 2264 308 2941 
16856 2776 2551 2932 2537 
16857 2539 2390 2484 2920 
16858 2654 2273 2920 2930 
16859 2826 2278 2444 2445 
16860 2273 2920 2926 2654 
16861 2274 2940 415 2559 
16862 2545 2925 2544 2470 
16863 2545 2926 2925 2470 
16864 2955 2574 2905 2915 
16865 2530 2858 2778 2911 
16866 339 403 2549 2612 
16867 2930 2549 403 2612 
16868 2321 2523 2797 2702 
16869 2797 2416 2523 2321 
16870 2388 2750 2838 2769 
16871 2750 2388 2838 2369 
16872 2648 2267 2518 2520 
16873 2470 2926 2925 2851 
16874 2529 2336 2347 2728 
16875 2352 2477 2858 2778 
16876 2734 2403 2784 2785 
16877 2927 2546 2433 2398 
16878 2814 2927 2433 2398 
16879 2398 2814 2927 2779 
16880 329 393 2662 2939 
16881 2760 2392 2378 2773 
16882 2772 2551 2776 2391 
16883 2789 2790 2409 2788 
16884 2805 2569 2522 2424 
16885 2919 2538 2813 2933 
16886 406 342 2620 2550 
16887 2542 2527 2285 2923 
16888 2666 2527 2908 2923 
16889 2263 2644 341 2550 
16890 2266 2837 2437 2647 
16891 2529 2803 2422 2727 
16892 2399 2780 2394 2737 
16893 2858 2915 2656 2477 
16894 323 2522 2950 2569 
16895 2536 2917 2424 2265 
16896 2476 2858 2530 2857 
16897 2391 2772 2771 2776 
16898 2940 2559 2274 2451 
16899 2330 2714 2420 2801 
16900 2537 2918 2776 2930 
16901 2537 2918 403 2610 
16902 2391 2776 2395 2551 
16903 2552 2813 2538 2933 
16904 387 323 2903 2950 
16905 2776 2395 2537 2549 
16906 2521 2790 2792 2902 
16907 309 2584 2842 2461 
16908 2780 2399 2850 2737 
16909 2920 2549 2273 2539 
16910 2411 2792 2415 2521 
16911 2920 2273 2926 2539 
16912 373 309 2584 2842 
16913 2534 2656 2853 2915 
16914 2534 2853 2524 2915 
16915 2388 2457 2838 2369 
16916 2676 2816 2678 2295 
16917 2925 2661 2280 2470 
16918 2858 2476 2530 2477 
16919 2346 2727 2422 2421 
16920 2297 2678 2296 2298 
16921 2939 2281 329 2558 
16922 2857 318 382 2907 
16923 2546 2272 2653 2933 
16924 2272 2546 2552 2933 
16925 2653 2927 2546 2933 
16926 2776 2390 2391 2395 
16927 2296 2678 2297 2295 
16928 2752 2371 2457 2502 
16929 2839 2458 2547 2279 
16930 2547 2660 2839 2279 
16931 2660 2547 2839 2928 
16932 2546 2839 2458 2547 
16933 2272 2653 2458 2546 
16934 2458 2653 2839 2546 
16935 2547 2546 2839 2928 
16936 2546 2927 2839 2928 
16937 2927 2839 2653 2546 
16938 2548 2929 2777 2928 
16939 2547 2398 2546 2928 
16940 2927 2546 2398 2928 
16941 2547 2777 2398 2928 
16942 2396 2777 2398 2547 
16943 2927 2398 2779 2928 
16944 2777 2779 2398 2928 
16945 2752 2371 2502 2373 
16946 2269 2605 392 2650 
16947 2493 376 312 2652 
16948 2768 2529 2728 2910 
16949 2788 2409 2789 2407 
16950 2921 2550 2644 2540 
16951 2773 2392 2393 2942 
16952 2415 2799 2417 2418 
16953 2702 2413 2797 2321 
16954 2797 2416 2321 2413 
16955 2335 2716 2711 2801 
16956 2522 2950 2805 2903 
16957 2419 2783 2784 2800 
16958 2752 2369 2751 2750 
16959 2815 2434 2817 2746 
16960 2820 2821 2822 2439 
16961 2928 2548 2929 2660 
16962 2457 2752 2369 2371 
16963 2280 2544 2925 2470 
16964 2550 2263 2644 2540 
16965 2751 2369 2355 2750 
16966 2952 2413 2321 2571 
16967 2554 353 2935 2267 
16968 2820 2438 2363 2439 
16969 2274 415 351 2559 
16970 2529 2955 2574 2422 
16971 2476 383 319 2275 
16972 2470 2925 2661 2851 
16973 2407 2789 2788 2787 
16974 2417 2796 2415 2414 
16975 2852 2471 375 2652 
16976 2918 2776 2932 2537 
16977 2278 2659 2874 2826 
16978 2451 2940 2559 2453 
16979 2473 2854 2280 2543 
16980 2776 2395 2551 2537 
16981 2532 2793 2562 2943 
16982 2793 2532 2913 2943 
16983 2447 2832 2833 2828 
16984 2547 2548 2777 2928 
16985 2777 2396 2548 2547 
16986 2661 2280 2854 2924 
16987 2471 374 2842 2852 
16988 2783 2403 2419 2784 
16989 2521 2792 2415 2902 
16990 2480 2543 2544 2861 
16991 2410 2411 2409 2791 
16992 2456 305 369 2266 
16993 2547 2548 2660 2279 
16994 2928 2547 2548 2660 
16995 2538 2432 2813 2552 
16996 2907 2284 2665 2530 
16997 2828 2448 2827 2447 
16998 2469 2934 2645 2850 
16999 2819 2438 2535 2437 
17000 2759 2393 2378 2922 
17001 2265 2917 2646 2902 
17002 2917 2265 2521 2902 
17003 2926 2925 2770 2545 
17004 2389 2925 2544 2545 
17005 2754 2373 2374 2372 
17006 2754 2372 2752 2373 
17007 2652 2471 375 2271 
17008 2396 2352 2733 2778 
17009 303 367 2583 2557 
17010 2419 2402 2781 2400 
17011 2527 302 2582 2908 
17012 416 352 2554 2274 
17013 2347 2387 2529 2728 
17014 2476 2907 2530 2526 
17015 2934 2368 2388 2749 
17016 2277 367 303 2557 
17017 2522 2423 2804 2424 
17018 2274 2831 2554 2655 
17019 2394 2937 2775 2782 
17020 2924 2925 2544 2861 
17021 2789 2407 2406 2787 
17022 2818 2437 2837 2647 
17023 2571 2952 2410 2555 
17024 2449 2832 2447 2830 
17025 2434 2556 2818 2815 
17026 2941 371 307 2782 
17027 2399 2941 2782 2780 
17028 2502 2501 2883 2531 
17029 2413 2795 2792 2794 
17030 2783 2419 2781 2800 
17031 2813 2552 2811 2933 
17032 2406 2909 2789 2787 
17033 2811 2552 2432 2430 
17034 331 2282 2663 2607 
17035 2280 2661 2925 2924 
17036 2375 2756 2754 2374 
17037 2826 2531 2501 2445 
17038 2555 2723 2816 2936 
17039 2446 2912 2377 2827 
17040 2924 2280 2854 2543 
17041 2480 2440 2543 2861 
17042 2535 2820 2658 2439 
17043 2769 2471 2852 2914 
17044 2450 2831 2554 2274 
17045 2922 2375 2756 2758 
17046 2946 394 2281 2565 
17047 2544 2480 2861 2389 
17048 367 2658 2277 2580 
17049 2698 2716 2335 2564 
17050 2543 2924 2544 2861 
17051 2883 2531 2377 2502 
17052 2389 2770 2925 2545 
17053 2387 2858 2915 2768 
17054 2477 2858 2915 2387 
17055 2393 2774 2773 2942 
17056 2826 2446 2444 2827 
17057 310 2842 2461 2471 
17058 2941 308 372 2645 
17059 2816 2342 2723 2555 
17060 2447 2449 2830 2448 
17061 2544 2924 2280 2925 
17062 2791 2410 2413 2952 
17063 2420 2335 2330 2801 
17064 2918 340 404 2610 
17065 2555 2952 2816 2571 
17066 2556 2266 2647 2401 
17067 2437 2916 2819 2818 
17068 323 2522 2903 2950 
17069 2599 2476 318 2857 
17070 2652 2501 2914 2271 
17071 353 417 2935 2648 
17072 2645 2941 2399 2780 
17073 2819 2363 2820 2438 
17074 2419 2281 2946 2800 
17075 2837 2277 2535 2658 
17076 2277 2837 2535 2456 
17077 2268 2905 2853 2649 
17078 2861 2925 2544 2389 
17079 2553 2461 2842 2388 
17080 2955 2574 2422 2905 
17081 2777 2548 2778 2929 
17082 2939 2405 2281 2558 
17083 2420 2727 2802 2801 
17084 2832 2449 2447 2451 
17085 2562 2265 325 2943 
17086 2837 2266 2437 2456 
17087 2749 2368 2750 2355 
17088 2924 2544 2280 2543 
17089 2524 2905 2574 2915 
17090 2728 2347 2387 2733 
17091 2798 2420 2335 2417 
17092 2917 2415 2796 2902 
17093 2413 2792 2411 2791 
17094 2413 2794 2791 2952 
17095 2457 2882 2914 2838 
17096 2660 2548 2929 2823 
17097 2923 2666 2285 2854 
17098 2646 389 325 2943 
17099 2405 2787 2785 2406 
17100 2269 2405 2939 2558 
17101 2913 2269 327 2532 
17102 2552 2813 2811 2432 
17103 2821 2543 2861 2924 
17104 2542 2285 2473 2854 
17105 2842 2461 2553 2264 
17106 2778 2477 2858 2530 
17107 2413 2797 2795 2794 
17108 2829 2393 2774 2922 
17109 2438 2819 2362 2365 
17110 2264 2934 2842 2645 
17111 394 330 2281 2565 
17112 2874 2493 313 2278 
17113 2935 2630 353 2554 
17114 2803 2421 2804 2422 
17115 2421 2422 2423 2804 
17116 2377 2912 2883 2758 
17117 2826 2446 2445 2444 
17118 2543 2821 2861 2440 
17119 2541 2829 2448 2758 
17120 2281 2662 2946 2800 
17121 2795 2413 2792 2414 
17122 2853 2275 2656 2534 
17123 2266 2437 2556 2647 
17124 2560 2399 2782 2401 
17125 2826 2531 2446 2912 
17126 414 2453 2834 2634 
17127 2837 2577 369 2456 
17128 2501 2882 2883 2531 
17129 2548 2777 2778 2396 
17130 2925 2861 2770 2389 
17131 2660 2548 2823 2442 
17132 2759 2774 2393 2922 
17133 376 2493 2587 2874 
17134 2785 2403 2784 2786 
17135 2782 2556 2647 2401 
17136 2501 2882 2914 2457 
17137 2548 2660 2279 2442 
17138 2663 395 331 2607 
17139 2269 327 391 2913 
17140 2746 2434 2817 2365 
17141 2277 2441 2822 2557 
17142 2377 2541 2448 2758 
17143 2938 2822 2908 2557 
17144 2948 2567 2597 2609 
17145 2947 2626 2592 2566 
17146 2568 2949 2631 2575 
17147 2537 340 2918 2610 
17148 2830 2828 2448 2829 
17149 2572 2823 2442 2284 
17150 2451 2833 2452 2447 
17151 2264 2941 2399 2645 
17152 2938 2908 366 2557 
17153 2663 2565 2419 2282 
17154 2946 2419 2800 2663 
17155 2803 2422 2727 2421 
17156 2587 2493 313 2874 
17157 2441 2822 2821 2439 
17158 2940 2274 415 2655 
17159 2854 2473 2542 2543 
17160 2570 2581 2615 2951 
17161 2450 2942 2393 2561 
17162 2368 2934 2553 2469 
17163 2769 2934 2842 2388 
17164 2662 2281 329 2939 
17165 2266 369 2837 2647 
17166 2822 2658 2277 2938 
17167 2746 2362 2819 2365 
17168 2650 2269 391 2913 
17169 2831 2554 2267 2450 
17170 2899 2518 418 2629 
17171 2560 2782 307 2401 
17172 2501 2882 2531 2826 
17173 2796 2417 2799 2798 
17174 2448 2447 2446 2827 
17175 2274 2655 2940 2832 
17176 2916 2819 2820 2535 
17177 2416 2413 2795 2414 
17178 2934 2264 2469 2645 
17179 383 2476 2599 2857 
17180 2388 2769 2934 2749 
17181 2816 2321 2435 2571 
17182 2274 2554 416 2655 
17183 2782 2394 2556 2401 
17184 2769 2388 2471 2533 
17185 2829 2448 2393 2541 
17186 2527 2908 2923 2822 
17187 2542 2822 2527 2923 
17188 2758 2377 2912 2827 
17189 2534 2524 2574 2915 
17190 2556 2818 2437 2434 
17191 2787 2405 2785 2786 
17192 2299 2678 2298 2680 
17193 2297 2816 2435 2295 
17194 2271 2914 2471 2533 
17195 2954 2335 2573 2417 
17196 2790 2409 2411 2791 
17197 388 2646 2608 2265 
17198 2924 2854 2542 2543 
17199 2403 2785 2405 2786 
17200 2437 2818 2556 2647 
17201 2267 2942 2450 2561 
17202 2630 353 417 2935 
17203 2521 2790 2412 2409 
17204 2652 312 2493 2271 
17205 2396 2778 2548 2397 
17206 2805 2424 2917 2265 
17207 2541 2375 2378 2922 
17208 2265 2646 325 2943 
17209 2529 2910 2955 2803 
17210 2275 2476 383 2656 
17211 2423 2422 2563 2944 
17212 2790 2788 2793 2412 
17213 2937 2556 2394 2815 
17214 2935 2267 2648 2831 
17215 2857 2476 318 2907 
17216 2832 2940 2274 2451 
17217 2793 2902 2562 2943 
17218 2917 2418 2415 2536 
17219 2622 405 341 2644 
17220 2437 2837 2916 2818 
17221 2914 2882 2501 2652 
17222 2369 2750 2368 2355 
17223 2417 2573 2954 2414 
17224 2941 2264 308 2645 
17225 2905 2574 2422 2524 
17226 2665 2530 2953 2911 
17227 2833 2451 2832 2447 
17228 2754 2373 2375 2374 
17229 2822 2542 2527 2441 
17230 2518 354 418 2629 
17231 2535 2439 2658 2277 
17232 2297 2678 2298 2299 
17233 2352 2387 2347 2733 
17234 2563 2522 2423 2944 
17235 2377 2375 2541 2758 
17236 2907 2857 2530 2911 
17237 2532 2793 2788 2412 
17238 2542 2924 2543 2821 
17239 2805 2804 2799 2424 
17240 2529 2768 2728 2387 
17241 2786 2281 2662 2939 
17242 2451 2832 2940 2453 
17243 2453 2832 2940 2834 
17244 2821 2543 2542 2440 
17245 2826 2493 2278 2445 
17246 302 366 2908 2557 
17247 2794 2413 2702 2952 
17248 2796 2417 2798 2414 
17249 2448 2828 2827 2829 
17250 2457 2883 2752 2502 
17251 2754 2502 2752 2883 
17252 2917 2521 2415 2902 
17253 2535 2837 2437 2456 
17254 2574 2955 2529 2768 
17255 2342 2816 2435 2555 
17256 2555 2952 2410 2936 
17257 2456 369 2837 2266 
17258 2816 2297 2678 2295 
17259 2802 2421 2727 2420 
17260 2321 2952 2816 2702 
17261 341 2622 2644 2263 
17262 2952 2791 2410 2936 
17263 2282 2906 2947 2525 
17264 2421 2803 2804 2802 
17265 2369 2752 2838 2750 
17266 2952 2555 2816 2936 
17267 2857 383 2476 2656 
17268 2387 2768 2728 2733 
17269 2414 2795 2796 2792 
17270 2883 2457 2752 2838 
17271 2502 2754 2752 2373 
17272 2804 2522 2903 2944 
17273 2393 2774 2942 2450 
17274 2525 2947 2282 2566 
17275 2530 2665 2953 2284 
17276 2752 2457 2369 2838 
17277 380 316 2949 2283 
17278 2664 380 2949 2283 
17279 2786 2405 2281 2939 
17280 414 350 2559 2453 
17281 2749 2934 2469 2850 
17282 2950 2805 2646 2569 
17283 2831 2942 2774 2450 
17284 2662 394 2281 2946 
17285 392 328 2269 2558 
17286 2650 2405 2939 2269 
17287 2405 2650 2939 2786 
17288 2267 353 2935 2648 
17289 2423 2418 2421 2804 
17290 2902 2521 2412 2562 
17291 2421 2727 2803 2802 
17292 376 2493 2874 2652 
17293 2904 2564 2797 2945 
17294 2790 2411 2792 2791 
17295 2792 2414 2413 2411 
17296 2277 2658 367 2938 
17297 2798 2954 2795 2414 
17298 2421 2799 2804 2418 
17299 2285 2542 2923 2854 
17300 2940 414 2559 2453 
17301 2520 2773 2901 2942 
17302 2453 2664 2949 2283 
17303 2939 392 2269 2558 
17304 2493 2826 2278 2874 
17305 2267 2942 2831 2450 
17306 2394 2775 2937 2815 
17307 368 304 2577 2837 
17308 2759 2378 2375 2922 
17309 428 364 2566 2525 
17310 2907 2476 2530 2857 
17311 2548 2953 2823 2572 
17312 304 2577 2837 2456 
17313 2934 2368 2749 2469 
17314 2759 2375 2756 2922 
17315 2949 316 2568 2283 
17316 2912 2446 2826 2827 
17317 2284 2953 2823 2665 
17318 2422 2423 2804 2944 
17319 2803 2422 2804 2944 
17320 2542 2923 2854 2924 
17321 2804 2423 2418 2424 
17322 2797 2413 2795 2416 
17323 2434 2394 2556 2815 
17324 2790 2521 2412 2902 
17325 2424 2805 2569 2265 
17326 2942 2520 2648 2901 
17327 2954 2716 2335 2798 
17328 2953 2572 2397 2530 
17329 2415 2792 2414 2796 
17330 2392 2942 2520 2561 
17331 2282 2565 331 2663 
17332 2438 2820 2535 2439 
17333 2804 2418 2799 2424 
17334 388 324 2569 2265 
17335 2942 2648 2267 2831 
17336 317 2907 2526 2567 
17337 2955 2529 2803 2422 
17338 2950 2646 388 2569 
17339 2949 2568 2453 2283 
17340 2804 2423 2522 2944 
17341 2652 2471 2914 2852 
17342 2908 2527 302 2557 
17343 2906 428 2947 2525 
17344 2531 2826 2446 2445 
17345 308 2560 2941 2576 
17346 2573 2335 2954 2564 
17347 2564 2904 2797 2523 
17348 2906 2282 2947 2663 
17349 2542 2923 2924 2821 
17350 2471 2652 2914 2271 
17351 2942 2267 2520 2561 
17352 2440 2542 2821 2441 
17353 2917 2424 2418 2536 
17354 2565 2946 395 2663 
17355 2646 2805 2917 2265 
17356 2566 2947 428 2525 
17357 2955 2910 2529 2768 
17358 317 381 2907 2567 
17359 2565 395 331 2663 
17360 2955 2574 2915 2768 
17361 2567 2284 2907 2526 
17362 2527 2908 2822 2557 
17363 2819 2438 2820 2535 
17364 2945 2954 2716 2564 
17365 2942 2392 2520 2773 
17366 2422 2803 2955 2905 
17367 2788 2790 2409 2412 
17368 350 414 2559 2633 
17369 2397 2953 2548 2572 
17370 2799 2421 2804 2802 
17371 2435 2816 2571 2555 
17372 2422 2563 2905 2524 
17373 2941 2560 307 2576 
17374 2407 2788 2409 2412 
17375 2792 2415 2414 2411 
17376 2799 2415 2796 2917 
17377 414 2559 2633 2940 
17378 2441 2527 2822 2557 
17379 2948 2907 381 2567 
17380 2951 301 365 2527 
17381 2321 2702 2413 2952 
17382 2788 2407 2532 2412 
17383 2666 2570 2527 2285 
17384 2941 372 308 2576 
17385 392 2269 2650 2939 
17386 2951 2570 301 2527 
17387 2453 2940 414 2834 
17388 328 392 2604 2558 
17389 2944 2422 2563 2905 
17390 2548 2953 2929 2823 
17391 2948 2284 2907 2567 
17392 2418 2917 2415 2799 
17393 2793 2532 2788 2913 
17394 329 393 2939 2604 
17395 2664 2453 2949 2834 
17396 2823 2548 2572 2442 
17397 2943 325 2562 2601 
17398 2604 392 2939 2558 
17399 2943 389 325 2601 
17400 2542 2923 2821 2822 
17401 2570 2666 2527 2951 
17402 2604 2939 329 2558 
17403 2564 2797 2416 2523 
17404 2569 2805 2646 2265 
17405 2335 2954 2798 2417 
17406 2335 2716 2954 2564 
17407 2666 2285 333 2570 
17408 2414 2954 2416 2573 
17409 2267 2942 2520 2648 
17410 2666 333 397 2570 
17411 2583 2938 366 2557 
17412 2799 2805 2424 2917 
17413 2574 2534 2915 2387 
17414 2822 2821 2542 2441 
17415 2935 416 2630 2554 
17416 2954 2798 2417 2414 
17417 395 2602 2946 2565 
17418 2633 2559 415 2940 
17419 307 371 2941 2576 
17420 2548 2778 2929 2953 
17421 2953 2397 2778 2530 
17422 2905 2563 2268 2524 
17423 2387 2574 2529 2768 
17424 2602 395 331 2565 
17425 2570 397 2666 2951 
17426 2569 2646 388 2265 
17427 2284 2948 2907 2665 
17428 2559 415 351 2633 
17429 2527 365 2951 2908 
17430 2803 2422 2944 2905 
17431 2530 2778 2953 2911 
17432 2954 2414 2416 2795 
17433 2944 2563 2649 2905 
17434 2583 366 302 2557 
17435 2527 2951 2666 2908 
17436 2946 2602 394 2565 
17437 2548 2778 2953 2397 
17438 416 352 2630 2554 
17439 2424 2418 2799 2917 
17440 2563 2268 2649 2905 
17441 330 394 2602 2565 
17442 327 2603 2913 2532 
17443 2387 2915 2574 2768 
17444 2603 391 327 2913 
17445 2950 2593 323 2569 
17446 323 387 2593 2950 
17447 388 324 2593 2569 
17448 2950 388 2593 2569 
17449 2416 2797 2954 2795 
17450 2567 317 381 2597 
17451 428 364 2626 2566 
17452 316 380 2949 2575 
17453 2615 397 333 2570 
17454 2954 2564 2416 2573 
17455 2581 301 365 2951 
17456 2797 2564 2954 2945 
17457 2570 2615 397 2951 
17458 2567 381 2948 2597 
17459 2947 428 2626 2566 
17460 2949 2568 316 2575 
17461 301 2581 2570 2951 
17462 2947 2592 332 2566 
17463 2567 2948 348 2609 
17464 2568 413 2631 2949 
17465 2564 2797 2954 2416 
17466 2592 332 396 2947 
17467 412 348 2948 2609 
17468 413 2568 2631 349 
17469 17 21 2615 2581 
17470 2631 22 18 2575 
17471 19 23 2597 2609 
17472 2592 24 20 2626 
3 6 4 6151
17473 4153 4273 3274 4412 
17474 4099 4124 4169 4283 
17475 4101 4236 4151 4311 
17476 4130 4111 4255 4331 
17477 2703 4190 4344 4353 
17478 4185 4194 4116 4257 
17479 4089 4175 4128 4446 
17480 2672 2671 2673 4129 
17481 4097 4132 4172 4234 
17482 4151 4236 4124 4311 
17483 2731 4297 4223 4338 
17484 3438 4335 4246 4389 
17485 3138 4158 3163 4474 
17486 4089 4128 4231 4446 
17487 3536 4202 3158 4229 
17488 2736 4261 4171 4270 
17489 2673 2672 4129 4397 
17490 4123 4243 4228 4264 
17491 4099 4169 4124 4404 
17492 4158 3163 4474 4582 
17493 4146 4205 4095 4286 
17494 2749 4152 4261 4270 
17495 3381 4335 4247 4428 
17496 3438 4247 4335 4389 
17497 4252 4255 4111 4331 
17498 3047 3092 4168 4441 
17499 4243 4264 4123 4570 
17500 4097 4222 4132 4234 
17501 4102 4138 4169 4362 
17502 2834 4320 4306 4418 
17503 4128 2804 4322 4472 
17504 3510 3089 4226 4231 
17505 2749 4261 2736 4270 
17506 4223 4297 2731 4401 
17507 4105 4160 4145 4245 
17508 2673 4129 2671 4348 
17509 3228 4153 3188 4412 
17510 3542 3255 4247 4438 
17511 4247 4307 3549 4428 
17512 4132 4097 4172 4392 
17513 4099 4177 4124 4191 
17514 3188 4153 3274 4412 
17515 4112 4127 4199 4388 
17516 4102 4169 4151 4362 
17517 3398 4277 4250 4333 
17518 3294 3295 3296 4478 
17519 3474 4162 4367 4456 
17520 3542 4247 3233 4438 
17521 4134 4156 4090 4209 
17522 4148 4307 3222 4325 
17523 4127 4295 4199 4388 
17524 2957 3105 4137 4321 
17525 3295 3294 4279 4478 
17526 4102 4169 4138 4383 
17527 4124 4099 4191 4283 
17528 4227 4150 4459 4477 
17529 4116 4257 4194 4287 
17530 4114 4227 4150 4459 
17531 2957 4137 3105 4336 
17532 3138 3163 4158 4582 
17533 2779 2928 4314 4442 
17534 4264 4298 4123 4570 
17535 4102 4138 4204 4383 
17536 4209 4134 4314 4409 
17537 4094 4177 4129 4191 
17538 4102 4160 4145 4448 
17539 4128 4175 4089 4322 
17540 4129 2671 4348 4517 
17541 4169 4204 4138 4383 
17542 4095 4184 4163 4414 
17543 2749 4261 4152 4429 
17544 3255 4307 4247 4438 
17545 2699 4298 4130 4331 
17546 4342 4352 3304 4482 
17547 3089 4226 4231 4432 
17548 3194 4273 4196 4412 
17549 4111 4130 4298 4331 
17550 3213 4138 4204 4258 
17551 3468 4220 4163 4337 
17552 4090 4156 4134 4464 
17553 4223 4338 4297 4528 
17554 3304 4342 4149 4352 
17555 4199 4295 4164 4388 
17556 3494 4233 4135 4308 
17557 2779 4267 2928 4442 
17558 3494 4135 3466 4308 
17559 3241 3244 4412 4470 
17560 2685 4140 4274 4443 
17561 4136 4152 4108 4208 
17562 2836 4355 4188 4497 
17563 2673 4129 4348 4397 
17564 3011 4319 4238 4329 
17565 4099 4124 4177 4404 
17566 2699 2711 4298 4331 
17567 2671 4129 2672 4517 
17568 3398 4250 4203 4333 
17569 3304 4149 3480 4352 
17570 4298 4331 2716 4422 
17571 2971 3271 3432 4225 
17572 3549 3381 4247 4428 
17573 4209 4314 4271 4409 
17574 3206 3513 3274 4153 
17575 3349 3468 4163 4337 
17576 3496 3466 3494 4135 
17577 3274 4153 3388 4273 
17578 2871 4181 4188 4355 
17579 3438 4302 4247 4389 
17580 3479 4313 4187 4491 
17581 2836 4188 4236 4497 
17582 2753 4142 2755 4557 
17583 2685 4140 2688 4274 
17584 4119 4125 4197 4373 
17585 4103 4183 4131 4188 
17586 4227 4459 4378 4477 
17587 3295 4170 3296 4478 
17588 4152 4318 3017 4476 
17589 3496 4135 3494 4394 
17590 3542 3233 3255 4438 
17591 2845 4138 2896 4283 
17592 4128 2802 4296 4322 
17593 4095 4163 4146 4414 
17594 3129 4240 3126 4357 
17595 4090 4288 4156 4464 
17596 4139 4158 4107 4182 
17597 4112 4199 4164 4388 
17598 2868 4190 4274 4344 
17599 2871 4188 2836 4355 
17600 4286 4353 2705 4382 
17601 2868 2703 4190 4344 
17602 4228 4264 4243 4549 
17603 3558 3398 3401 4203 
17604 3558 3398 4203 4333 
17605 3126 4357 4240 4427 
17606 4163 4220 3468 4499 
17607 2820 4206 4260 4373 
17608 4301 4412 4168 4537 
17609 3294 3296 4342 4478 
17610 4107 4158 4139 4350 
17611 2772 4292 4388 4406 
17612 3517 4224 4156 4303 
17613 3470 4144 4235 4317 
17614 4164 4172 4095 4199 
17615 2876 4142 4253 4284 
17616 4097 4132 4222 4392 
17617 4103 4188 4131 4351 
17618 4130 4189 4186 4331 
17619 4227 4290 4187 4356 
17620 3212 4211 4138 4323 
17621 4089 4155 4250 4275 
17622 3264 3497 3230 4273 
17623 2871 2836 2835 4355 
17624 3295 4279 4170 4478 
17625 2703 4222 4190 4353 
17626 4163 4184 4146 4414 
17627 4155 4421 4203 4512 
17628 4146 4095 4205 4371 
17629 4252 2716 4331 4422 
17630 3158 4229 4202 4536 
17631 3480 4149 3304 4342 
17632 3336 4172 4305 4439 
17633 4107 4162 4193 4292 
17634 4153 4168 4412 4537 
17635 2981 4281 4278 4475 
17636 2995 4268 4259 4475 
17637 4155 4275 4089 4402 
17638 2995 4259 4268 4417 
17639 3411 3510 4226 4231 
17640 3288 4390 3290 4407 
17641 4112 4388 4292 4406 
17642 4100 4234 4415 4447 
17643 4192 4378 4459 4477 
17644 4129 4177 4094 4313 
17645 4353 4382 4286 4447 
17646 2971 3271 4225 4345 
17647 4090 4134 4288 4464 
17648 4132 4286 2705 4347 
17649 4129 4187 4290 4356 
17650 3336 4305 4199 4439 
17651 2763 4253 4145 4413 
17652 4105 4145 4160 4280 
17653 4107 4162 4292 4456 
17654 3309 4241 4333 4471 
17655 4107 4162 4135 4193 
17656 3424 4371 4197 4386 
17657 3479 4187 4391 4491 
17658 3411 4231 4226 4446 
17659 2753 4349 4142 4557 
17660 2986 4238 3011 4319 
17661 4109 4205 4146 4286 
17662 4109 4146 4205 4371 
17663 4150 4187 4092 4227 
17664 3011 4238 4237 4329 
17665 2802 4128 2804 4322 
17666 2705 2855 4132 4347 
17667 3549 4247 3439 4307 
17668 4158 4291 2812 4350 
17669 4155 4250 4203 4421 
17670 4087 4184 4163 4220 
17671 4142 4294 2755 4557 
17672 4149 4352 4342 4482 
17673 4266 4412 4301 4537 
17674 4101 4151 4145 4180 
17675 2721 2725 4185 4186 
17676 2898 4328 4258 4529 
17677 3241 4412 4266 4470 
17678 4095 4286 4205 4347 
17679 3536 3383 4202 4229 
17680 4227 4378 4150 4477 
17681 4124 4311 4236 4567 
17682 4135 4233 3494 4394 
17683 4203 4421 4364 4512 
17684 3288 3289 3290 4390 
17685 4194 4185 4291 4560 
17686 2898 2841 4328 4529 
17687 2685 4377 4140 4443 
17688 4145 4245 4160 4328 
17689 3470 4235 3303 4317 
17690 3496 3466 4135 4339 
17691 4102 4145 4160 4328 
17692 4145 4160 4280 4448 
17693 3222 4325 4307 4438 
17694 4108 4152 4136 4261 
17695 4093 4257 4185 4579 
17696 2896 4283 4138 4362 
17697 3438 3437 4246 4335 
17698 4185 4186 2725 4403 
17699 3129 4240 4357 4374 
17700 4164 4172 4097 4392 
17701 3496 4135 4332 4339 
17702 2842 3017 4152 4318 
17703 2862 2705 4286 4347 
17704 4139 4202 3140 4582 
17705 4135 4162 4107 4332 
17706 4146 4163 4095 4371 
17707 4118 4160 4148 4307 
17708 4170 4317 3296 4478 
17709 2812 4158 2811 4291 
17710 4118 4160 4307 4428 
17711 3379 3499 3539 4456 
17712 2686 2683 4239 4243 
17713 2842 4152 3017 4341 
17714 4266 4301 4168 4537 
17715 4114 4227 4187 4391 
17716 4179 4195 3053 4363 
17717 2672 4290 4129 4397 
17718 4306 4320 4143 4418 
17719 4112 4218 4388 4406 
17720 3017 4341 4152 4476 
17721 3317 4299 4311 4404 
17722 4155 4089 4250 4421 
17723 3388 4273 4153 4368 
17724 4296 4472 4128 4539 
17725 4153 4168 4092 4412 
17726 4101 4180 4145 4558 
17727 3288 4263 4390 4407 
17728 3424 4197 4326 4386 
17729 2869 4142 2753 4349 
17730 4141 4190 4100 4269 
17731 3206 3188 3228 4153 
17732 3011 2986 4237 4238 
17733 3447 3267 3156 4380 
17734 4091 4335 4247 4389 
17735 2876 2755 4142 4284 
17736 2699 4331 4130 4338 
17737 2749 4152 2850 4429 
17738 4106 4235 4294 4376 
17739 3398 3401 4203 4250 
17740 2871 2835 4181 4355 
17741 4136 4208 4108 4346 
17742 4093 4287 4257 4579 
17743 4131 4183 4103 4540 
17744 4187 4227 4150 4391 
17745 4102 4145 4180 4448 
17746 3192 2834 4306 4418 
17747 3047 4168 4150 4441 
17748 4111 4252 4175 4255 
17749 3356 4346 4208 4408 
17750 2763 2761 4253 4413 
17751 2686 4243 4239 4570 
17752 4172 4199 4164 4305 
17753 3545 4321 2983 4543 
17754 3542 3255 3439 4247 
17755 3213 4204 3236 4258 
17756 2891 4249 4193 4350 
17757 4121 4333 4241 4471 
17758 3255 3439 4247 4307 
17759 3517 4303 4156 4435 
17760 3544 4281 4259 4326 
17761 2753 2869 2755 4142 
17762 2806 4181 4253 4361 
17763 3438 4246 3437 4389 
17764 4186 4189 4110 4331 
17765 2806 4181 2873 4253 
17766 4173 4294 4235 4376 
17767 4155 4089 4421 4512 
17768 4094 4191 4129 4397 
17769 4089 4231 4128 4262 
17770 4163 4220 4184 4583 
17771 4158 4474 4182 4582 
17772 4125 4119 4278 4373 
17773 4186 4189 4130 4338 
17774 3025 2957 3022 4137 
17775 4142 4235 4173 4294 
17776 4199 4305 4172 4439 
17777 2804 4472 4296 4539 
17778 3105 3172 3170 4137 
17779 2799 4322 2804 4472 
17780 2686 4239 4507 4570 
17781 3496 4332 4135 4394 
17782 4213 4451 3305 4455 
17783 4093 4271 4209 4314 
17784 3140 4202 4139 4536 
17785 4132 4205 4286 4347 
17786 4135 4174 4104 4223 
17787 4151 4169 4102 4383 
17788 4132 2705 4286 4353 
17789 4166 4460 4326 4508 
17790 4101 4236 4311 4567 
17791 4098 4181 4149 4342 
17792 3375 4195 4315 4384 
17793 4317 4342 3296 4478 
17794 2833 4306 4320 4398 
17795 2840 4148 2901 4245 
17796 4149 4342 4154 4482 
17797 2751 2736 4171 4270 
17798 2755 4142 4284 4294 
17799 3206 3274 3188 4153 
17800 4132 4415 4234 4447 
17801 4126 4192 4114 4244 
17802 4249 4291 4185 4560 
17803 4149 4181 4154 4342 
17804 3539 4202 4456 4520 
17805 2772 4388 2776 4406 
17806 4138 4169 4151 4283 
17807 4145 4151 4101 4497 
17808 4098 4181 4342 4478 
17809 4154 4342 4181 4478 
17810 3404 4471 4203 4549 
17811 2804 4128 4296 4472 
17812 2721 4186 4185 4419 
17813 4151 4169 4138 4362 
17814 2845 4138 4283 4554 
17815 4239 4243 2683 4377 
17816 3559 4156 3517 4224 
17817 4187 4313 4481 4491 
17818 3443 3304 3480 4352 
17819 3559 3385 3517 4156 
17820 4190 4100 4344 4353 
17821 4097 4141 4222 4234 
17822 2705 2862 2855 4347 
17823 4109 4276 4197 4460 
17824 2901 4325 4148 4529 
17825 2896 4138 2845 4362 
17826 3404 4228 4471 4549 
17827 4198 3290 4390 4407 
17828 3335 4207 4315 4410 
17829 2686 2682 2683 4243 
17830 4168 4301 4092 4412 
17831 4250 4277 4086 4333 
17832 4175 4255 4252 4530 
17833 3327 3336 4172 4305 
17834 2876 4284 4253 4413 
17835 4127 4112 4218 4388 
17836 4359 4504 4294 4557 
17837 4110 4255 4252 4331 
17838 4114 4150 4244 4477 
17839 2890 4196 3207 4219 
17840 4158 4182 4139 4582 
17841 4243 4351 2683 4377 
17842 2763 4145 2762 4413 
17843 3443 3304 4352 4482 
17844 4119 4197 4125 4281 
17845 4103 4351 4131 4540 
17846 4095 4172 4132 4205 
17847 3276 4147 3497 4273 
17848 4209 4271 4090 4409 
17849 2881 2731 4297 4401 
17850 3364 4340 4251 4488 
17851 4172 4205 3462 4415 
17852 3498 4162 3326 4332 
17853 4173 4251 3364 4340 
17854 4128 4089 4262 4322 
17855 4096 4324 4144 4531 
17856 4144 4324 4133 4531 
17857 2981 3013 4281 4475 
17858 2731 2699 4297 4338 
17859 4114 4150 4227 4391 
17860 4203 4333 4121 4471 
17861 3505 4232 4383 4448 
17862 4145 4151 4102 4180 
17863 3470 4235 4144 4360 
17864 4114 4192 4126 4304 
17865 4146 4184 4163 4260 
17866 4164 4199 4095 4295 
17867 4100 4222 4141 4234 
17868 3288 4263 3289 4390 
17869 4130 4331 4186 4338 
17870 4138 4258 3213 4552 
17871 3513 3554 4153 4470 
17872 4111 4130 4255 4436 
17873 3237 4211 3212 4323 
17874 3381 4251 4335 4428 
17875 4134 4090 4288 4409 
17876 3326 4332 4162 4339 
17877 4151 4169 4124 4283 
17878 2857 4161 2907 4381 
17879 2804 4128 2802 4296 
17880 2957 3022 4137 4336 
17881 3105 4137 3170 4336 
17882 4100 4141 4269 4473 
17883 4221 4237 2838 4318 
17884 4130 4189 4110 4255 
17885 3525 3536 3383 4202 
17886 4100 4222 4234 4353 
17887 4132 4234 4222 4353 
17888 2842 2934 4152 4341 
17889 3340 4315 4209 4410 
17890 4166 4346 4460 4508 
17891 4319 4329 3011 4511 
17892 4135 4223 4104 4233 
17893 4100 4190 4141 4222 
17894 4114 4244 4192 4477 
17895 3505 4383 4232 4538 
17896 2685 4274 2688 4443 
17897 4185 4186 4113 4257 
17898 2682 4243 2686 4570 
17899 4156 4303 4224 4548 
17900 2699 2712 4331 4338 
17901 2871 4377 4188 4493 
17902 4129 4356 2672 4517 
17903 4102 4151 4145 4527 
17904 4145 4280 4180 4448 
17905 4130 4110 4189 4331 
17906 3501 4211 3454 4487 
17907 3427 4176 4375 4449 
17908 4127 4388 4218 4542 
17909 3089 3557 3040 4231 
17910 2973 2986 3011 4319 
17911 3327 4172 3336 4439 
17912 2685 2688 2847 4443 
17913 3549 3381 3439 4247 
17914 4171 4300 4144 4360 
17915 2811 2812 2813 4158 
17916 4168 4441 3092 4537 
17917 3462 4205 4172 4439 
17918 2688 4274 2847 4443 
17919 4146 4286 4095 4414 
17920 2763 4145 4253 4355 
17921 4152 4136 4261 4270 
17922 2672 4129 4290 4356 
17923 4135 4097 4193 4339 
17924 4151 4180 4101 4311 
17925 3305 4451 4255 4455 
17926 4112 4199 4127 4229 
17927 2973 4319 3011 4511 
17928 2751 4270 4171 4349 
17929 2868 2695 2703 4344 
17930 3294 4154 4279 4478 
17931 2889 4193 2891 4249 
17932 4134 4209 4090 4409 
17933 4121 4228 4243 4549 
17934 3364 4173 3363 4251 
17935 2976 4454 4206 4494 
17936 3544 4259 4281 4475 
17937 2840 2841 2901 4148 
17938 4096 4171 4144 4324 
17939 2810 4291 4249 4350 
17940 2838 4270 4221 4318 
17941 4095 4132 4172 4347 
17942 4104 4213 4297 4492 
17943 4190 4269 4141 4469 
17944 2844 2845 4138 4362 
17945 3427 4354 4176 4449 
17946 3474 4305 4162 4416 
17947 2914 2838 4237 4318 
17948 4112 4127 4218 4229 
17949 4101 4154 4149 4181 
17950 4125 4278 4119 4281 
17951 3273 4321 3545 4543 
17952 4307 4428 4247 4438 
17953 3451 4204 3238 4211 
17954 4204 4211 3451 4562 
17955 2896 4151 2766 4283 
17956 4130 4297 2699 4338 
17957 3169 3125 4282 4427 
17958 4135 4104 4174 4522 
17959 4139 4112 4406 4536 
17960 3375 4315 4207 4384 
17961 4118 4160 4428 4452 
17962 2776 4388 4218 4406 
17963 2821 4434 4260 4454 
17964 4148 4160 4118 4245 
17965 4118 4245 4160 4452 
17966 4114 4304 4126 4526 
17967 3329 3331 4346 4411 
17968 2761 2763 2762 4413 
17969 2876 2757 4284 4413 
17970 4138 4099 4169 4283 
17971 3294 4342 4154 4478 
17972 3317 4311 3492 4404 
17973 2751 4270 4349 4557 
17974 4179 4363 3053 4450 
17975 4144 4171 4096 4300 
17976 4292 4350 4107 4456 
17977 3137 4158 3138 4474 
17978 4226 4088 4480 4539 
17979 4100 4415 4165 4447 
17980 4253 4361 4181 4457 
17981 3360 4235 3470 4360 
17982 4113 4185 4194 4560 
17983 3289 4198 3290 4390 
17984 4154 4101 4183 4188 
17985 3072 3073 4365 4399 
17986 4113 4249 4185 4560 
17987 3285 4241 3309 4471 
17988 2743 4260 2742 4414 
17989 2766 4151 2886 4283 
17990 3014 4318 4237 4463 
17991 3169 4282 4272 4427 
17992 4132 4095 4205 4347 
17993 2844 2896 2845 4362 
17994 4125 4276 4197 4373 
17995 3329 4346 4300 4411 
17996 3496 4332 3326 4339 
17997 4089 4217 4275 4569 
17998 2705 4353 4132 4392 
17999 3089 3510 3557 4231 
18000 2872 4210 2909 4459 
18001 4148 4245 2840 4328 
18002 4106 4270 4136 4289 
18003 4148 4232 3219 4307 
18004 3335 4315 3340 4410 
18005 4170 4274 4133 4312 
18006 4140 4274 4170 4312 
18007 4129 4313 4094 4481 
18008 4248 4472 2944 4539 
18009 2891 2810 4249 4350 
18010 2762 4145 4328 4413 
18011 4112 4164 4199 4305 
18012 4124 4151 4311 4541 
18013 2705 4132 2855 4392 
18014 3356 3458 4208 4346 
18015 2967 3545 2983 4543 
18016 4093 4185 4257 4445 
18017 4134 4156 4209 4380 
18018 4151 4236 4101 4497 
18019 4124 4311 4299 4404 
18020 2928 2777 4314 4409 
18021 2857 2907 3051 4381 
18022 4146 4163 4119 4260 
18023 2840 2841 4148 4328 
18024 4107 4292 4193 4350 
18025 4156 4090 4303 4548 
18026 4156 4547 4090 4548 
18027 3204 4306 4143 4418 
18028 4298 4436 4111 4549 
18029 3219 3222 4148 4307 
18030 3219 4232 4148 4502 
18031 4109 4197 4146 4371 
18032 2709 4215 4324 4379 
18033 4158 4350 2812 4387 
18034 4142 4105 4173 4457 
18035 3137 3138 3163 4474 
18036 3289 4198 4390 4437 
18037 4152 4208 4136 4408 
18038 2967 4176 3545 4543 
18039 4170 4279 3295 4426 
18040 2820 2821 4260 4454 
18041 2699 4297 4130 4298 
18042 4109 4197 4326 4460 
18043 4098 4181 4361 4457 
18044 3207 4219 4196 4559 
18045 4186 4257 4185 4445 
18046 4138 4169 4099 4211 
18047 4132 4172 4164 4392 
18048 4113 4223 4135 4233 
18049 2799 2802 2804 4322 
18050 4092 4168 4153 4368 
18051 4139 4202 4112 4536 
18052 2700 2709 4215 4324 
18053 4164 4172 4132 4347 
18054 2745 4276 4146 4286 
18055 4187 4227 4114 4290 
18056 4138 4211 4099 4323 
18057 2869 4142 4349 4361 
18058 2872 4290 4210 4459 
18059 4130 4111 4298 4436 
18060 2956 3178 4345 4418 
18061 4135 4193 4162 4339 
18062 3044 4153 3554 4470 
18063 3236 4258 4204 4502 
18064 2820 4260 4206 4454 
18065 4144 4242 4096 4531 
18066 4133 4242 4144 4531 
18067 3038 3072 3550 4365 
18068 4264 4298 4111 4549 
18069 3497 4147 3185 4273 
18070 4154 4181 4101 4188 
18071 3440 4302 3438 4389 
18072 3441 4225 3271 4345 
18073 4114 4126 4244 4526 
18074 4086 4155 4275 4569 
18075 3441 3432 3271 4225 
18076 3073 4262 4231 4399 
18077 4106 4136 4171 4360 
18078 4128 4226 4480 4539 
18079 3185 4147 3497 4487 
18080 4089 4275 4250 4569 
18081 4237 4238 2986 4463 
18082 4113 4194 4185 4257 
18083 4139 4112 4292 4406 
18084 3261 3536 3158 4229 
18085 4247 4335 4118 4428 
18086 3172 4137 3105 4321 
18087 2901 4245 4148 4489 
18088 2721 2715 2725 4186 
18089 2957 4137 3025 4321 
18090 2700 4215 2709 4379 
18091 4170 4269 3455 4516 
18092 3140 4139 4406 4536 
18093 2871 4188 4181 4493 
18094 4105 4160 4452 4488 
18095 3296 4170 3295 4317 
18096 3298 3455 4269 4516 
18097 4092 4227 4187 4356 
18098 4124 4169 4151 4541 
18099 4132 4353 4286 4447 
18100 3008 2659 4157 4329 
18101 4110 4130 4255 4331 
18102 3366 3364 3363 4251 
18103 4123 4297 4213 4492 
18104 4097 4135 4193 4522 
18105 3389 4259 3544 4475 
18106 3375 3521 4195 4384 
18107 2834 2833 4306 4320 
18108 3289 3293 4198 4437 
18109 3501 4343 4211 4487 
18110 4163 4184 4095 4583 
18111 3286 4241 4263 4299 
18112 3083 3263 3461 4195 
18113 2811 4158 2933 4291 
18114 2700 4324 4215 4344 
18115 4251 4428 4160 4452 
18116 3072 3073 4231 4365 
18117 2980 4278 4281 4444 
18118 2870 2705 4353 4382 
18119 3149 2919 4387 4405 
18120 3286 4263 4183 4299 
18121 2873 2806 2697 4181 
18122 3188 3274 4273 4412 
18123 3422 4197 4281 4326 
18124 3455 4269 4170 4426 
18125 2656 3035 4179 4381 
18126 4136 4300 4171 4360 
18127 2714 4338 4186 4467 
18128 3496 3326 3466 4339 
18129 2899 4325 2901 4529 
18130 3318 3305 4255 4455 
18131 2889 4193 4249 4462 
18132 4208 4346 4136 4408 
18133 2813 4158 2812 4387 
18134 3375 3562 3521 4384 
18135 3381 4335 4251 4358 
18136 2855 4132 4347 4392 
18137 4086 4250 4155 4569 
18138 3285 3309 4241 4333 
18139 3173 3101 2948 4466 
18140 4259 4326 4460 4508 
18141 3054 4195 4179 4381 
18142 3469 4205 3462 4439 
18143 4121 4243 4228 4390 
18144 4158 2933 4291 4405 
18145 4093 4186 4185 4445 
18146 4135 4223 4113 4560 
18147 3024 4341 3017 4476 
18148 3343 4136 4300 4346 
18149 4092 4187 4150 4368 
18150 3554 3249 3100 4470 
18151 3356 3458 3541 4208 
18152 3158 3536 3113 4202 
18153 2886 4283 4151 4433 
18154 3335 4207 3375 4315 
18155 4118 4307 4148 4325 
18156 4106 4221 4270 4289 
18157 2880 4256 4190 4501 
18158 4135 4308 4104 4522 
18159 4272 4499 3268 4505 
18160 2890 2657 3207 4196 
18161 4156 4224 4547 4548 
18162 2896 2766 2886 4283 
18163 3381 4251 3530 4358 
18164 4228 4243 4123 4390 
18165 2714 4331 4338 4467 
18166 2714 2715 4186 4338 
18167 2715 2714 4186 4467 
18168 3290 3289 3293 4198 
18169 4119 4373 4206 4545 
18170 3196 4273 3194 4412 
18171 2795 4422 4322 4512 
18172 3196 4196 3194 4273 
18173 2742 4260 4184 4414 
18174 2880 2860 4256 4501 
18175 3501 3454 3258 4487 
18176 4116 4194 4185 4532 
18177 3181 3207 2657 4196 
18178 3114 2654 3146 4218 
18179 2932 4139 2892 4292 
18180 2681 2683 4243 4351 
18181 3363 4251 4173 4358 
18182 4139 4292 2932 4406 
18183 3356 4208 3541 4408 
18184 2981 2980 4278 4281 
18185 4119 4163 4146 4449 
18186 4097 4339 4135 4522 
18187 2737 4214 2724 4261 
18188 4158 3137 4372 4474 
18189 4120 4270 4221 4289 
18190 2967 4494 4176 4543 
18191 3398 3543 4277 4333 
18192 2756 4294 4284 4504 
18193 2966 3008 2659 4157 
18194 3309 4333 4203 4471 
18195 4086 4203 4155 4250 
18196 4119 4260 4206 4373 
18197 3469 3462 4205 4415 
18198 4095 4172 4164 4347 
18199 3551 4293 4226 4384 
18200 3038 3550 4178 4365 
18201 3360 4235 4360 4376 
18202 4140 4377 4239 4443 
18203 4251 4452 4160 4488 
18204 2754 4504 4359 4557 
18205 4211 4323 3237 4396 
18206 4153 4368 4168 4441 
18207 4194 4291 4185 4532 
18208 3378 4199 4416 4503 
18209 3073 4231 4365 4399 
18210 2975 2971 4225 4345 
18211 4187 4481 4391 4491 
18212 4197 4371 4109 4386 
18213 4144 4133 4324 4580 
18214 3115 4380 4156 4464 
18215 3455 4170 3295 4426 
18216 4105 4245 4145 4413 
18217 4172 3462 4234 4415 
18218 2654 3114 2930 4218 
18219 4173 4358 4167 4376 
18220 3204 3192 4306 4418 
18221 2878 4171 4216 4349 
18222 4106 4171 4136 4270 
18223 2687 4377 2871 4493 
18224 3550 3068 3038 4178 
18225 2722 4171 2736 4261 
18226 4134 4209 4314 4579 
18227 2876 2757 2755 4284 
18228 2699 2711 2698 4298 
18229 3303 4317 4235 4555 
18230 4203 4250 3399 4421 
18231 4128 4248 4226 4539 
18232 3431 4156 3115 4380 
18233 3480 4280 4149 4340 
18234 3480 4149 4280 4352 
18235 3498 4162 4332 4367 
18236 3441 4225 4345 4389 
18237 4109 4326 4197 4386 
18238 4258 4328 2898 4362 
18239 4313 4201 4481 4491 
18240 4105 4340 4173 4457 
18241 3154 4137 3172 4321 
18242 2793 2943 2913 4217 
18243 2824 2966 2659 4157 
18244 4102 4204 4138 4258 
18245 3385 4156 4380 4435 
18246 3385 3517 4156 4435 
18247 4125 4197 4276 4460 
18248 3264 3276 3497 4273 
18249 3438 4247 3381 4335 
18250 2654 3146 4218 4374 
18251 4297 4401 4223 4528 
18252 4155 4422 2795 4512 
18253 3521 4363 4195 4384 
18254 2899 3220 4325 4529 
18255 2976 2982 4454 4494 
18256 4106 4289 4136 4360 
18257 4190 4222 4100 4353 
18258 2933 4291 4405 4423 
18259 3239 3222 4307 4438 
18260 2743 4146 4260 4414 
18261 4186 4338 4331 4467 
18262 3317 4400 4299 4404 
18263 4214 4261 2737 4429 
18264 2820 2819 2916 4373 
18265 2878 4216 4171 4324 
18266 4181 4361 2806 4493 
18267 4135 4233 4104 4308 
18268 4135 4113 4233 4560 
18269 3220 3222 4325 4529 
18270 3255 3549 3439 4307 
18271 3343 3356 4136 4346 
18272 3482 4144 3470 4317 
18273 4194 4116 4287 4561 
18274 4095 4163 4337 4371 
18275 2971 2969 3271 4345 
18276 3484 4205 3352 4386 
18277 3257 3064 3039 4244 
18278 4116 4405 4291 4423 
18279 2896 4151 4283 4362 
18280 4105 4160 4245 4452 
18281 4148 4325 3222 4529 
18282 4087 4184 4220 4240 
18283 4163 3468 4354 4499 
18284 3243 4143 3245 4418 
18285 4205 4371 3352 4386 
18286 4113 4189 4338 4528 
18287 2710 4309 4433 4550 
18288 3479 4201 4313 4491 
18289 4142 4173 4105 4284 
18290 4250 4275 4155 4569 
18291 3346 3327 3336 4439 
18292 2711 2716 4298 4331 
18293 4163 4184 4087 4260 
18294 2880 2849 4190 4256 
18295 3357 3343 4136 4360 
18296 4187 4368 3341 4391 
18297 3054 3090 3053 4363 
18298 4238 4319 4115 4329 
18299 4162 4305 3325 4339 
18300 3500 4147 3276 4330 
18301 3294 4154 3478 4407 
18302 3349 4163 3348 4337 
18303 2725 4186 2715 4403 
18304 4391 4481 4114 4491 
18305 3332 4257 4194 4394 
18306 4116 4185 4291 4532 
18307 4252 4255 4110 4530 
18308 4170 4478 4312 4580 
18309 4185 4249 4113 4403 
18310 4226 4248 4088 4539 
18311 4170 4312 4133 4580 
18312 2700 2709 2713 4379 
18313 3318 3321 4189 4255 
18314 3212 3214 4138 4211 
18315 4209 4315 3340 4435 
18316 4220 4240 4184 4583 
18317 2751 2750 2736 4270 
18318 4118 4247 4428 4438 
18319 4141 4174 4222 4501 
18320 3214 4204 4138 4211 
18321 4095 4371 4337 4439 
18322 3252 4417 4208 4508 
18323 4252 4296 2802 4322 
18324 4116 4158 4291 4405 
18325 2743 2744 2742 4260 
18326 3404 4228 3511 4471 
18327 2899 3220 3190 4325 
18328 3254 3389 3544 4475 
18329 4089 4275 4217 4402 
18330 3516 3562 3375 4384 
18331 4160 4148 4307 4575 
18332 3444 3491 4183 4311 
18333 3345 4166 3463 4386 
18334 2700 2713 4215 4379 
18335 4163 3348 4337 4371 
18336 3276 4330 4147 4544 
18337 2749 2769 4152 4270 
18338 3294 4279 4154 4407 
18339 3322 3324 4410 4424 
18340 3325 4162 3474 4305 
18341 3388 3274 3513 4153 
18342 3513 4153 3206 4470 
18343 4107 4193 4135 4560 
18344 4128 4322 4296 4530 
18345 4158 4387 2919 4405 
18346 4123 4243 4239 4390 
18347 4127 4357 4240 4374 
18348 3544 4281 3254 4475 
18349 3500 3276 3278 4330 
18350 2993 3017 4318 4476 
18351 4296 4322 4252 4530 
18352 4247 4302 4091 4389 
18353 2983 3545 3273 4321 
18354 4189 4255 3321 4424 
18355 4187 4114 4391 4481 
18356 3350 3348 3349 4163 
18357 4092 4168 4150 4227 
18358 2704 4353 2705 4392 
18359 3485 3470 4144 4360 
18360 3525 3113 3536 4202 
18361 3094 4303 3054 4381 
18362 4209 4093 4314 4579 
18363 2700 2694 4324 4344 
18364 4117 4269 4190 4469 
18365 3424 3352 4371 4386 
18366 4127 4240 4220 4583 
18367 3072 3070 3073 4399 
18368 3090 3059 3053 4363 
18369 4138 4283 4151 4362 
18370 4232 4307 4148 4575 
18371 4196 4219 2890 4517 
18372 3345 4326 4166 4386 
18373 3306 4213 3305 4455 
18374 4129 4191 4177 4573 
18375 3242 4302 4306 4514 
18376 3411 3412 3510 4231 
18377 2842 4152 2934 4318 
18378 4171 4216 4144 4324 
18379 2901 4148 4325 4489 
18380 4187 4356 4129 4465 
18381 4102 4160 4148 4328 
18382 2685 4239 4377 4443 
18383 3404 4203 4364 4549 
18384 3214 3213 4138 4204 
18385 4160 4232 4148 4575 
18386 3132 3155 4156 4224 
18387 4152 4270 2769 4318 
18388 2714 2712 2715 4338 
18389 3322 4424 4410 4445 
18390 4108 4460 4346 4508 
18391 4171 4261 2722 4379 
18392 2652 4237 3014 4318 
18393 2743 4260 4146 4373 
18394 3140 3107 4139 4582 
18395 4151 4102 4180 4383 
18396 4123 4239 4198 4390 
18397 4133 4242 4516 4580 
18398 3140 4139 3107 4406 
18399 3431 3272 3132 4156 
18400 4213 4437 3305 4451 
18401 4092 4356 4187 4465 
18402 2858 4271 4179 4366 
18403 2697 4181 2806 4493 
18404 3412 3557 3510 4231 
18405 2762 4328 4245 4413 
18406 2804 2944 4472 4539 
18407 4140 4312 4170 4478 
18408 3382 3344 4326 4508 
18409 3441 4345 4302 4389 
18410 3345 3344 4166 4326 
18411 2864 4283 4191 4554 
18412 3521 3512 4363 4384 
18413 2711 2699 2712 4331 
18414 3422 4281 3544 4326 
18415 3322 4410 4257 4445 
18416 4175 4089 4421 4446 
18417 2919 4158 2813 4387 
18418 4317 4516 4242 4580 
18419 3384 4287 4209 4380 
18420 3138 4158 3137 4372 
18421 2723 4210 4290 4553 
18422 3351 4163 3468 4354 
18423 4173 4105 4284 4452 
18424 3332 4194 3415 4394 
18425 3357 4136 3343 4408 
18426 2956 4345 3020 4418 
18427 2688 2685 2687 4140 
18428 2723 4290 2674 4553 
18429 4154 4188 4183 4564 
18430 2810 2812 4291 4350 
18431 4136 4289 4270 4408 
18432 2714 4331 2712 4338 
18433 2868 4274 2691 4344 
18434 3386 4287 3384 4380 
18435 2869 2876 2755 4142 
18436 4184 4260 2742 4434 
18437 3107 4387 4139 4582 
18438 3349 3377 3468 4337 
18439 4148 4160 4102 4232 
18440 2864 4191 4348 4554 
18441 4220 4240 4127 4357 
18442 3001 4208 3252 4417 
18443 4181 4188 4154 4564 
18444 4232 4383 4204 4538 
18445 4248 4128 4472 4539 
18446 4141 4222 4174 4522 
18447 3149 4387 4158 4405 
18448 2975 4345 4225 4521 
18449 3257 3064 4244 4440 
18450 3415 4194 3332 4257 
18451 2682 2681 2683 4243 
18452 3229 4247 3262 4302 
18453 4171 4261 4136 4270 
18454 2820 4260 2819 4373 
18455 3348 4163 3350 4371 
18456 4128 4322 4262 4472 
18457 2938 4206 2976 4454 
18458 3351 3349 3468 4163 
18459 3185 3230 3497 4273 
18460 3431 3115 3267 4380 
18461 3263 4195 3083 4303 
18462 2919 2813 4158 4405 
18463 3473 4183 3286 4263 
18464 2932 2921 2892 4139 
18465 4141 4097 4222 4522 
18466 2766 4151 2896 4362 
18467 3377 4220 3468 4337 
18468 3357 4360 4136 4408 
18469 4094 4397 4129 4481 
18470 4139 4112 4202 4456 
18471 2744 2742 4260 4434 
18472 3523 4421 4365 4446 
18473 4171 2722 4324 4379 
18474 3394 4277 4244 4551 
18475 3286 4183 3491 4299 
18476 4198 4279 3290 4407 
18477 3132 4156 3272 4224 
18478 4167 4358 4246 4393 
18479 4258 4328 4148 4529 
18480 3491 4299 4183 4311 
18481 4225 4143 4345 4389 
18482 4270 4289 4120 4408 
18483 2759 4452 4245 4489 
18484 2880 2860 2849 4256 
18485 4141 4234 4097 4431 
18486 3356 3343 4136 4408 
18487 3051 3035 2857 4381 
18488 3422 4197 3425 4281 
18489 3389 3254 3010 4475 
18490 4231 4421 4089 4446 
18491 3341 4368 4187 4544 
18492 2729 4295 4164 4347 
18493 3235 3258 3454 4487 
18494 3272 4156 3559 4224 
18495 3317 4299 3492 4311 
18496 2799 4262 4322 4472 
18497 4190 4222 2703 4501 
18498 2729 4164 2739 4347 
18499 4097 4234 4172 4431 
18500 2882 4329 4237 4566 
18501 4153 4368 4273 4412 
18502 3156 3267 3115 4380 
18503 4092 4150 4168 4368 
18504 4120 4221 4270 4318 
18505 4179 4088 4363 4450 
18506 3471 4400 3317 4404 
18507 3126 3128 4357 4427 
18508 4179 4315 4088 4366 
18509 3161 4202 3140 4536 
18510 2934 2850 2749 4152 
18511 3221 3182 2935 4230 
18512 4201 4277 3543 4333 
18513 2710 4433 2884 4550 
18514 3322 4445 4257 4574 
18515 4151 4169 4383 4541 
18516 4136 4108 4261 4509 
18517 3286 3284 4241 4299 
18518 3331 4166 4346 4411 
18519 3197 3241 3244 4412 
18520 3382 4326 4259 4508 
18521 4239 4243 4103 4390 
18522 2661 3109 4240 4282 
18523 4170 4274 4140 4571 
18524 4117 4274 4170 4571 
18525 4290 4397 2674 4553 
18526 4229 4416 4199 4503 
18527 4208 4346 3458 4508 
18528 4151 4383 4180 4541 
18529 3516 3375 4207 4384 
18530 3318 4255 4189 4455 
18531 2878 4171 2722 4324 
18532 4225 4345 4143 4521 
18533 4149 4253 4181 4457 
18534 3291 3294 3478 4407 
18535 2772 2932 4292 4406 
18536 2892 4139 2921 4350 
18537 3391 4440 4150 4441 
18538 2850 4152 2934 4341 
18539 3431 3132 3115 4156 
18540 3059 3053 4363 4450 
18541 4203 4250 4086 4333 
18542 2832 4306 2833 4398 
18543 2817 4214 4276 4382 
18544 2860 4401 4256 4501 
18545 2750 4270 2751 4557 
18546 4114 4244 4150 4391 
18547 4113 4189 4186 4338 
18548 4186 4113 4257 4445 
18549 4122 4173 4284 4452 
18550 4155 4275 2794 4334 
18551 3158 4202 3113 4536 
18552 3245 4143 3227 4345 
18553 4240 4357 4220 4427 
18554 3229 4247 4302 4514 
18555 4096 4242 4144 4578 
18556 2868 4274 4190 4443 
18557 3054 3053 4179 4195 
18558 4180 4311 4151 4541 
18559 3083 3461 3041 4195 
18560 2746 4146 2745 4276 
18561 3104 3079 3031 4224 
18562 2869 2876 4142 4361 
18563 4139 4387 3107 4406 
18564 4109 4371 4205 4386 
18565 2928 2777 2779 4314 
18566 4204 4232 4102 4383 
18567 3112 3447 3156 4380 
18568 3052 3054 4179 4381 
18569 3411 4226 3551 4293 
18570 2982 4336 4454 4494 
18571 2948 4161 3117 4466 
18572 3045 4161 2948 4466 
18573 4140 4443 4239 4571 
18574 3480 3368 4280 4340 
18575 3073 3093 4231 4262 
18576 4235 4317 4098 4555 
18577 3415 4194 4257 4561 
18578 3089 4231 3097 4432 
18579 4131 4183 4263 4299 
18580 4121 4243 4264 4549 
18581 3081 3057 4168 4266 
18582 2932 4387 4139 4406 
18583 3480 4280 3370 4352 
18584 4133 4144 4242 4580 
18585 4249 4291 4107 4350 
18586 2876 4253 4142 4361 
18587 3467 4308 3354 4535 
18588 3513 3206 3554 4470 
18589 3470 3476 3303 4235 
18590 3399 4203 3401 4250 
18591 2857 4161 4381 4461 
18592 3326 3498 3474 4162 
18593 4154 4342 3304 4482 
18594 4236 2884 4433 4550 
18595 4245 2759 4413 4452 
18596 2651 2890 3207 4219 
18597 3491 3286 3473 4183 
18598 2759 4452 4316 4504 
18599 3204 4302 4143 4306 
18600 4209 4380 4156 4435 
18601 4172 4234 3462 4431 
18602 4119 4146 4197 4449 
18603 4286 4347 4095 4414 
18604 3519 3068 4178 4327 
18605 2656 2857 3035 4381 
18606 2745 2817 4276 4286 
18607 4152 4208 4408 4476 
18608 3054 4303 4195 4381 
18609 3207 3180 2651 4219 
18610 3366 4251 3363 4358 
18611 2687 2688 4140 4493 
18612 4131 4159 4309 4498 
18613 3024 4417 4341 4476 
18614 3325 3474 4162 4339 
18615 3427 4375 3522 4449 
18616 2858 4179 4271 4461 
18617 4196 4273 3196 4559 
18618 3194 4196 4301 4412 
18619 4153 4441 4168 4537 
18620 2933 2811 2813 4158 
18621 3073 3093 4262 4399 
18622 4198 4239 4103 4390 
18623 3059 4363 4248 4450 
18624 3365 4246 4358 4393 
18625 4152 4408 4120 4476 
18626 3245 4345 3178 4418 
18627 3169 3130 4272 4282 
18628 2704 2705 2855 4392 
18629 3112 4200 3447 4380 
18630 4145 4105 4253 4558 
18631 4133 4516 4170 4580 
18632 3154 3130 3172 4137 
18633 3341 4368 3390 4391 
18634 3332 3415 3416 4394 
18635 3054 3053 4195 4363 
18636 3004 2956 3178 4345 
18637 4183 4263 4103 4540 
18638 4174 4141 4469 4501 
18639 4236 4433 4309 4550 
18640 4274 4344 4190 4490 
18641 2738 2817 4214 4276 
18642 3394 4244 4327 4551 
18643 3100 3044 3554 4470 
18644 4237 4359 2882 4566 
18645 2995 4259 2997 4475 
18646 4307 4325 4118 4438 
18647 4168 4368 4150 4441 
18648 3361 4167 4358 4376 
18649 4139 4350 4158 4387 
18650 3105 3003 2957 4336 
18651 2948 3117 3173 4466 
18652 4105 4452 4251 4488 
18653 3181 4196 2657 4301 
18654 4308 4534 3354 4535 
18655 3361 4358 4173 4376 
18656 4143 4320 4306 4398 
18657 2892 4292 4139 4350 
18658 4341 4417 4208 4476 
18659 4119 4281 4278 4444 
18660 3045 2948 3101 4466 
18661 3042 2663 2946 4168 
18662 4090 4547 4161 4548 
18663 4119 4375 4176 4449 
18664 4258 4328 4102 4502 
18665 3307 4242 4165 4411 
18666 4102 4204 4258 4502 
18667 4170 4516 4317 4580 
18668 3117 4161 2665 4288 
18669 2882 4237 4221 4359 
18670 2759 4316 4452 4489 
18671 2997 4259 2995 4417 
18672 3479 4201 3330 4313 
18673 3318 3306 3305 4455 
18674 4088 4315 4195 4384 
18675 4166 4326 4109 4386 
18676 4144 4216 4171 4513 
18677 4107 4139 4182 4456 
18678 4317 4516 3482 4578 
18679 4131 4241 4159 4498 
18680 2685 2687 4140 4377 
18681 2739 2729 2720 4164 
18682 3415 4257 3414 4561 
18683 4141 4222 4190 4501 
18684 4167 4221 4106 4289 
18685 3072 4231 3253 4365 
18686 3335 3375 3340 4315 
18687 2870 4353 4215 4382 
18688 3411 4226 4293 4446 
18689 3318 3321 3319 4189 
18690 3157 4272 3268 4505 
18691 2817 2856 4214 4382 
18692 3261 4229 4357 4503 
18693 4120 4237 4221 4318 
18694 2975 2969 2971 4345 
18695 3371 4180 3370 4280 
18696 3275 4273 3388 4368 
18697 2729 2739 4295 4347 
18698 4124 4299 4400 4404 
18699 3333 4305 3474 4416 
18700 2723 2872 2674 4290 
18701 4156 4380 4134 4464 
18702 4158 4285 4182 4474 
18703 3138 4158 3149 4387 
18704 4175 4519 4255 4530 
18705 3345 3344 3331 4166 
18706 3068 3550 3519 4178 
18707 3126 4240 3129 4374 
18708 2850 4152 4341 4429 
18709 3356 4136 4346 4408 
18710 4141 4469 4269 4535 
18711 3404 3309 4203 4471 
18712 4131 4263 4241 4299 
18713 3370 4280 4180 4352 
18714 3533 4287 4200 4561 
18715 4100 4269 4190 4490 
18716 3516 4207 3334 4384 
18717 2738 2817 2856 4214 
18718 3290 4198 3292 4279 
18719 3227 3245 3204 4143 
18720 3039 4327 4244 4453 
18721 3034 2943 3088 4217 
18722 2825 2824 2659 4157 
18723 4149 4181 4098 4457 
18724 3365 4358 4167 4393 
18725 4190 4269 4117 4490 
18726 3466 4308 4135 4339 
18727 3362 4235 4173 4555 
18728 4178 4250 3509 4551 
18729 3509 4250 4178 4365 
18730 2889 2891 2810 4249 
18731 4105 4142 4253 4457 
18732 2931 3149 2919 4387 
18733 3425 4281 4197 4449 
18734 3206 3249 3554 4470 
18735 3318 4189 3319 4455 
18736 3467 4254 4308 4535 
18737 2957 3153 3105 4321 
18738 2759 4284 4452 4504 
18739 3197 4266 3241 4412 
18740 2817 4276 4286 4382 
18741 3505 4204 4383 4538 
18742 2878 4216 2863 4349 
18743 2857 2911 2907 4161 
18744 2868 2691 2695 4344 
18745 3253 3072 3040 4231 
18746 3104 4224 3031 4466 
18747 4119 4197 4146 4373 
18748 2808 4249 4291 4403 
18749 3301 3482 4516 4578 
18750 2921 4139 2932 4387 
18751 4132 4205 4172 4415 
18752 4126 4277 4244 4526 
18753 4114 4187 4290 4481 
18754 4226 4248 3061 4363 
18755 3492 4311 3493 4404 
18756 3297 3295 4170 4317 
18757 4200 4287 3386 4380 
18758 3152 3079 3104 4224 
18759 3370 4180 3371 4352 
18760 3242 4302 3204 4306 
18761 3109 3147 2661 4240 
18762 4208 4417 3021 4476 
18763 2719 4193 4462 4500 
18764 3154 4272 4137 4321 
18765 3030 3177 3223 4266 
18766 4099 4283 4138 4554 
18767 2844 4138 2845 4552 
18768 2723 4210 2872 4290 
18769 2845 4323 4138 4554 
18770 3471 4177 4400 4404 
18771 2644 4387 2932 4406 
18772 4211 4099 4323 4396 
18773 3341 3390 4368 4544 
18774 2767 2898 4328 4362 
18775 4104 4297 4213 4528 
18776 3261 3527 4229 4503 
18777 3105 3151 3003 4336 
18778 2882 2838 4221 4237 
18779 4132 4172 4234 4415 
18780 4284 4413 2759 4452 
18781 3289 4390 4263 4471 
18782 4255 4436 4130 4455 
18783 3493 4404 4311 4541 
18784 4173 4251 4105 4452 
18785 3196 4147 3232 4559 
18786 3092 4168 3042 4378 
18787 4158 4372 4285 4474 
18788 4097 4172 4164 4524 
18789 4179 4195 4088 4315 
18790 2688 4274 4140 4312 
18791 4090 4179 4271 4315 
18792 4242 4578 4317 4580 
18793 4107 4291 4158 4350 
18794 2691 4344 4274 4576 
18795 2663 4168 3057 4266 
18796 4189 4130 4338 4528 
18797 2851 2661 3147 4240 
18798 4104 4233 4223 4528 
18799 4259 4326 4281 4475 
18800 4164 4305 4112 4524 
18801 4094 4309 4159 4498 
18802 3297 3296 3295 4317 
18803 4148 4328 4258 4502 
18804 3178 3226 3004 4345 
18805 3042 3081 3057 4168 
18806 3479 3279 4187 4313 
18807 3250 3238 3451 4204 
18808 4105 4253 4149 4457 
18809 4146 4163 4371 4449 
18810 2909 4210 4304 4459 
18811 2825 4320 4157 4398 
18812 4190 4469 4141 4501 
18813 4094 4159 4241 4498 
18814 4218 4406 4112 4536 
18815 4122 4251 4173 4452 
18816 4149 4253 4105 4558 
18817 4165 4100 4385 4415 
18818 4199 4305 3336 4416 
18819 3233 3183 3255 4438 
18820 3492 3493 4311 4541 
18821 3337 4254 4437 4486 
18822 3303 4235 3476 4555 
18823 3389 3010 4259 4475 
18824 3186 3454 4211 4487 
18825 3129 3126 3128 4357 
18826 3500 4147 4330 4343 
18827 3059 3061 4248 4363 
18828 4202 4229 3383 4416 
18829 2745 4146 2743 4414 
18830 4095 4199 4172 4439 
18831 4141 4431 4097 4522 
18832 4250 4277 3398 4551 
18833 4188 4493 4377 4564 
18834 4207 4293 3334 4384 
18835 4245 4328 4145 4413 
18836 4273 4368 3275 4544 
18837 3343 4300 4136 4360 
18838 4119 4260 4163 4510 
18839 3485 4144 3470 4578 
18840 3337 4254 4198 4437 
18841 3398 3399 3401 4250 
18842 2931 3148 3149 4387 
18843 3454 3451 3238 4211 
18844 4156 4303 4090 4435 
18845 4223 4249 2887 4403 
18846 3343 4300 3342 4346 
18847 2832 2834 2833 4306 
18848 3292 4279 4198 4426 
18849 3325 4339 4305 4431 
18850 3308 4234 4385 4473 
18851 4177 4313 4129 4330 
18852 4087 4220 4163 4499 
18853 4317 4578 4144 4580 
18854 4242 4144 4578 4580 
18855 3424 4197 3422 4326 
18856 3308 4385 4234 4415 
18857 3437 4246 4335 4358 
18858 4146 4371 4197 4449 
18859 3257 3546 3064 4440 
18860 4105 4253 4142 4284 
18861 4137 4272 3130 4282 
18862 3257 4244 3039 4327 
18863 4179 4271 4315 4366 
18864 3345 3424 4326 4386 
18865 4099 4138 4323 4554 
18866 2981 4278 4395 4475 
18867 4174 4193 4135 4522 
18868 4427 4499 4272 4505 
18869 3274 3388 3275 4273 
18870 3266 2963 3432 4225 
18871 4237 4238 4115 4329 
18872 3308 3311 4234 4473 
18873 2673 4348 4191 4397 
18874 4166 4109 4326 4460 
18875 2796 2795 4322 4402 
18876 3438 3381 3437 4335 
18877 4098 4317 4235 4580 
18878 4090 4195 4179 4315 
18879 4213 4297 4123 4436 
18880 4177 4191 4099 4573 
18881 2739 4164 2720 4347 
18882 3331 4166 3344 4346 
18883 4214 4430 4379 4509 
18884 4102 4232 4204 4502 
18885 4291 4532 4194 4560 
18886 4168 4092 4301 4485 
18887 4219 4517 4196 4573 
18888 2824 4157 2825 4320 
18889 3317 3492 3493 4404 
18890 4108 4208 4152 4341 
18891 3307 4165 4242 4385 
18892 4144 3485 4360 4578 
18893 3415 3332 3414 4257 
18894 4158 4139 4387 4582 
18895 4248 4363 4088 4450 
18896 4146 4197 4109 4276 
18897 4152 4261 4108 4429 
18898 3322 4424 4445 4574 
18899 4095 4295 4199 4583 
18900 2809 4249 2808 4403 
18901 4129 4290 4187 4481 
18902 3461 3041 4195 4363 
18903 4113 4233 4189 4528 
18904 4196 4559 4219 4573 
18905 3198 3192 2834 4306 
18906 3270 3554 3044 4153 
18907 2934 4152 2769 4318 
18908 4122 4316 4265 4335 
18909 3431 3559 3272 4156 
18910 4265 4335 4316 4568 
18911 2933 4158 2813 4405 
18912 3471 3282 3317 4400 
18913 2745 4286 4146 4414 
18914 3355 4177 3471 4404 
18915 3303 3482 3470 4317 
18916 3456 3292 3290 4198 
18917 4231 4262 3093 4432 
18918 3378 4199 3336 4416 
18919 4196 4273 4092 4412 
18920 4297 4338 4130 4528 
18921 4322 4422 4252 4512 
18922 3477 3307 4165 4411 
18923 4097 4339 4305 4524 
18924 3153 2957 3005 4321 
18925 3292 4198 3456 4426 
18926 3487 3467 3354 4535 
18927 4111 4255 4175 4364 
18928 3495 4233 3494 4308 
18929 3326 4162 3474 4339 
18930 4239 4377 4140 4571 
18931 4148 4102 4328 4502 
18932 2981 4278 2980 4444 
18933 4234 4385 4100 4415 
18934 3285 3286 4241 4263 
18935 4232 4448 3449 4575 
18936 3305 4213 3300 4437 
18937 3261 3527 3536 4229 
18938 2948 3045 2907 4161 
18939 2981 3013 2980 4281 
18940 3375 4315 4195 4435 
18941 4121 4241 4159 4540 
18942 4337 4371 3348 4439 
18943 4193 4249 4107 4350 
18944 3130 4137 3154 4272 
18945 3081 4266 4168 4537 
18946 2877 4286 2705 4382 
18947 4226 4293 4128 4480 
18948 4305 4339 4162 4524 
18949 3221 4230 2935 4325 
18950 3362 4173 4340 4555 
18951 4193 4249 4135 4560 
18952 3183 4307 3255 4438 
18953 4194 4287 4257 4561 
18954 3391 3269 4440 4441 
18955 4151 4124 4236 4433 
18956 3212 4138 3213 4552 
18957 3410 4293 3551 4384 
18958 2935 3182 2655 4230 
18959 3335 3516 3375 4207 
18960 3385 4380 4209 4435 
18961 4130 4297 4213 4436 
18962 3236 4502 4204 4538 
18963 4159 4241 4131 4540 
18964 2838 2769 4270 4318 
18965 3024 3021 4417 4476 
18966 3214 3213 3212 4138 
18967 3223 3076 3030 4266 
18968 4122 4265 4246 4335 
18969 2946 3042 4168 4378 
18970 4163 4337 4220 4583 
18971 2700 2694 2709 4324 
18972 4277 4491 4244 4526 
18973 4173 4235 3362 4376 
18974 3442 4302 3441 4345 
18975 4135 4332 4107 4560 
18976 4209 4271 4093 4315 
18977 3533 4200 4483 4561 
18978 4102 4383 4232 4448 
18979 2933 2814 4291 4423 
18980 2804 4296 2803 4539 
18981 4213 4130 4436 4455 
18982 4246 4265 4091 4335 
18983 4127 4199 4295 4583 
18984 4281 4326 4125 4475 
18985 3308 4234 3311 4415 
18986 2885 4433 2886 4497 
18987 4095 4205 4371 4439 
18988 3219 4148 3217 4502 
18989 4103 4183 4188 4564 
18990 2749 2735 2736 4261 
18991 2835 2697 2871 4181 
18992 4317 4342 4098 4555 
18993 2654 4374 4218 4542 
18994 4100 4234 4141 4473 
18995 3125 4240 3109 4282 
18996 4114 4244 4491 4526 
18997 2711 2716 2698 4298 
18998 2743 2745 2746 4146 
18999 2857 2911 4161 4461 
19000 4088 4195 4179 4363 
19001 4212 4271 2728 4366 
19002 4105 4145 4280 4558 
19003 4143 4302 3227 4345 
19004 3124 2854 2666 4282 
19005 3412 4231 3411 4446 
19006 3177 4266 3030 4470 
19007 3487 3354 4534 4535 
19008 3517 3514 4224 4303 
19009 3155 3115 3132 4156 
19010 4101 4188 4181 4355 
19011 4090 4271 4209 4315 
19012 2703 4344 2695 4353 
19013 3552 4228 3404 4451 
19014 2882 2914 2838 4237 
19015 4107 4249 4193 4560 
19016 2873 4253 4181 4355 
19017 2645 3017 2958 4341 
19018 3512 4226 3256 4363 
19019 4162 4332 4135 4339 
19020 3342 3329 3331 4346 
19021 3365 3518 4246 4393 
19022 3461 4195 3521 4363 
19023 2826 4329 2882 4566 
19024 3034 2913 4217 4370 
19025 4157 4329 2659 4566 
19026 3384 3339 4209 4287 
19027 3480 3368 3370 4280 
19028 3065 4453 4440 4477 
19029 4145 4101 4355 4497 
19030 4122 4173 4167 4294 
19031 3276 4147 4273 4544 
19032 4096 4300 4171 4509 
19033 3337 4437 4213 4486 
19034 4183 4188 4101 4567 
19035 2766 2885 2886 4497 
19036 3523 3406 4421 4446 
19037 4151 4283 4124 4433 
19038 3385 4156 3535 4380 
19039 4305 4339 4097 4431 
19040 3463 3345 3331 4166 
19041 3343 3342 3356 4346 
19042 4139 2921 4350 4387 
19043 3222 3217 3219 4148 
19044 4214 4276 4109 4460 
19045 2883 2754 4359 4557 
19046 2726 2720 2729 4164 
19047 4174 2859 4401 4462 
19048 4222 4500 4174 4522 
19049 4097 4500 4222 4522 
19050 4105 4145 4253 4413 
19051 3341 3479 4187 4391 
19052 2644 3107 4387 4406 
19053 2701 2703 2695 4353 
19054 4223 4249 4135 4462 
19055 4183 4263 3473 4407 
19056 4197 4276 4146 4373 
19057 4144 4360 4235 4513 
19058 4165 4385 3477 4415 
19059 4135 4249 4223 4560 
19060 3353 4197 3424 4371 
19061 4136 4171 4300 4509 
19062 2729 2726 4164 4388 
19063 3462 4234 3311 4431 
19064 4104 4469 4174 4522 
19065 4196 4517 4465 4573 
19066 3291 4279 3294 4407 
19067 3060 3061 4226 4248 
19068 3400 3519 3550 4178 
19069 3318 4255 3305 4451 
19070 3444 4311 4183 4482 
19071 4101 4181 4149 4558 
19072 3512 4226 4363 4384 
19073 3052 3094 3054 4381 
19074 4166 4430 4214 4509 
19075 4440 4453 4244 4477 
19076 3467 4308 4254 4486 
19077 3119 3117 2665 4288 
19078 2843 2846 3184 4323 
19079 2823 3119 2665 4288 
19080 4131 4188 4183 4567 
19081 2953 2665 4161 4288 
19082 4196 4147 4559 4573 
19083 4147 3196 4273 4559 
19084 4103 4243 4239 4377 
19085 2701 2695 4344 4353 
19086 2731 2888 4223 4401 
19087 3355 4330 4177 4343 
19088 4213 4297 4130 4528 
19089 3366 3364 4251 4488 
19090 4125 4373 4278 4495 
19091 3497 4147 3276 4487 
19092 4127 4295 4388 4542 
19093 2661 2854 3109 4282 
19094 3184 2846 3211 4323 
19095 3308 3477 4385 4415 
19096 4235 4360 4106 4513 
19097 3196 3195 4196 4559 
19098 4168 4266 2781 4485 
19099 4235 4098 4457 4555 
19100 4087 4510 4137 4543 
19101 2808 4249 2810 4291 
19102 2720 4164 2726 4369 
19103 2875 4216 2878 4324 
19104 3325 3326 3474 4339 
19105 2913 2943 3034 4217 
19106 2663 2781 4168 4266 
19107 3332 4257 4394 4574 
19108 3194 3196 3195 4196 
19109 4212 4088 4315 4366 
19110 2997 2995 3012 4417 
19111 3498 3474 4162 4367 
19112 4259 4460 4108 4508 
19113 2964 4417 3252 4508 
19114 4138 4204 4169 4562 
19115 3512 3461 3521 4363 
19116 2798 4322 2795 4422 
19117 3548 2964 3252 4508 
19118 3336 4199 3347 4439 
19119 2970 4336 2908 4454 
19120 2888 4401 2859 4462 
19121 3245 3243 3204 4143 
19122 2808 4291 4185 4403 
19123 3042 3057 2663 4168 
19124 3480 4149 4342 4555 
19125 4091 4335 4265 4568 
19126 4235 4317 4144 4580 
19127 4138 4169 4211 4562 
19128 3060 4248 4226 4432 
19129 3204 4143 3243 4418 
19130 3462 3311 4234 4415 
19131 2920 2654 4218 4542 
19132 2683 4351 2681 4377 
19133 3276 4147 3500 4487 
19134 4300 4411 4346 4509 
19135 4090 4161 4288 4461 
19136 3173 3077 3101 4466 
19137 4287 4380 4200 4579 
19138 3391 3341 3390 4391 
19139 3391 3390 4368 4391 
19140 2887 4249 4223 4462 
19141 2843 4323 3184 4552 
19142 3227 4143 3204 4302 
19143 2840 4245 2762 4328 
19144 3543 4277 4201 4491 
19145 4209 4380 4287 4579 
19146 4105 4251 4173 4340 
19147 4181 4493 4188 4564 
19148 3514 3056 4224 4303 
19149 3270 3513 3554 4153 
19150 3369 3448 4448 4488 
19151 4132 4286 4205 4447 
19152 4119 4163 4449 4510 
19153 3348 4371 3469 4439 
19154 3289 4437 4390 4471 
19155 2672 4290 2734 4356 
19156 2842 2645 2934 4341 
19157 3469 4371 4205 4439 
19158 3280 4177 3355 4330 
19159 2791 2794 4275 4334 
19160 3432 2963 2971 4225 
19161 3078 3100 3249 4470 
19162 4107 4158 4291 4532 
19163 4165 4215 4100 4447 
19164 2824 2966 4157 4320 
19165 2735 2737 2724 4261 
19166 3322 3328 4257 4410 
19167 3034 4370 4217 4518 
19168 2694 4324 4344 4576 
19169 4193 4135 4249 4462 
19170 3040 3072 3073 4231 
19171 4246 4335 4091 4389 
19172 4136 4346 4108 4509 
19173 2893 2890 4219 4517 
19174 3146 4218 4374 4565 
19175 2836 4236 4188 4550 
19176 2829 4316 4265 4504 
19177 3123 4161 3117 4288 
19178 2873 4181 2835 4355 
19179 2719 4369 4193 4500 
19180 3559 3535 3385 4156 
19181 3253 3040 3557 4231 
19182 4128 4226 4432 4446 
19183 3020 4345 4143 4418 
19184 3173 3150 3077 4466 
19185 4292 4369 2726 4388 
19186 3300 4213 3337 4437 
19187 4109 4205 4286 4447 
19188 3331 3463 4166 4411 
19189 2809 2810 2808 4249 
19190 3277 4187 3279 4330 
19191 3384 3386 3339 4287 
19192 4124 4400 4177 4404 
19193 2985 3481 2987 4238 
19194 3118 4282 2666 4336 
19195 4164 4347 4132 4392 
19196 4120 4289 4221 4468 
19197 4118 4428 4251 4452 
19198 3533 3386 4200 4287 
19199 2649 3036 3075 4248 
19200 2763 4145 4355 4527 
19201 3482 3470 4144 4578 
19202 3337 4213 3300 4486 
19203 3279 3341 3479 4187 
19204 4231 4432 4226 4446 
19205 3014 2968 4318 4463 
19206 3220 3222 3190 4325 
19207 2760 4245 2759 4413 
19208 2810 2812 2811 4291 
19209 4138 4102 4258 4362 
19210 4184 4260 4146 4414 
19211 3089 3062 4226 4432 
19212 2667 3181 2657 4301 
19213 3375 3340 4315 4435 
19214 4354 4449 4163 4510 
19215 4125 4326 4197 4460 
19216 3075 2649 4248 4472 
19217 3236 3216 4258 4502 
19218 4154 4183 4101 4482 
19219 4164 2726 4369 4388 
19220 2749 2769 2934 4152 
19221 4231 4365 4089 4421 
19222 2657 4196 2668 4301 
19223 2661 4240 2924 4282 
19224 3157 4427 4272 4505 
19225 3339 3340 4209 4410 
19226 3089 3040 3097 4231 
19227 4160 4448 3448 4488 
19228 4309 4433 4236 4498 
19229 4250 4365 3509 4421 
19230 2759 4245 2773 4489 
19231 3323 4451 4364 4519 
19232 2792 2794 4155 4275 
19233 4096 4379 4430 4509 
19234 4138 4323 2845 4552 
19235 3414 4287 4257 4410 
19236 3499 4367 3528 4520 
19237 4128 4175 4322 4530 
19238 2687 4140 4377 4493 
19239 4137 4336 3022 4494 
19240 4173 4284 4142 4294 
19241 4196 4465 4147 4573 
19242 4125 4268 4259 4460 
19243 3463 4386 4166 4411 
19244 4208 4341 4108 4417 
19245 4160 4245 4148 4328 
19246 2976 4206 2977 4494 
19247 3404 3511 3309 4471 
19248 3011 2986 2990 4237 
19249 3225 3078 3249 4470 
19250 4221 4289 4167 4468 
19251 3330 4313 4201 4581 
19252 3435 4246 3518 4393 
19253 4118 4247 4230 4335 
19254 2668 4301 4196 4356 
19255 4097 4305 4172 4524 
19256 4155 4203 4086 4533 
19257 2687 2684 2871 4377 
19258 3495 3494 3466 4308 
19259 3129 4374 4357 4565 
19260 3477 4165 3307 4385 
19261 4138 4211 4204 4562 
19262 2887 2731 4223 4338 
19263 4122 4284 4173 4294 
19264 3125 4240 4282 4427 
19265 3294 3304 4154 4342 
19266 4144 4324 4216 4580 
19267 3534 4200 3386 4380 
19268 4349 4361 4142 4513 
19269 4147 4273 4196 4559 
19270 4116 4267 4200 4372 
19271 3425 4197 3353 4449 
19272 3379 3333 3474 4416 
19273 3001 3252 2964 4417 
19274 4090 4209 4156 4435 
19275 3278 4330 3276 4544 
19276 3052 3054 3053 4179 
19277 3286 3284 3285 4241 
19278 4118 4428 4307 4438 
19279 4137 4282 3130 4336 
19280 4259 4268 4108 4460 
19281 2835 2873 2697 4181 
19282 4141 4534 4308 4535 
19283 4185 4314 2807 4419 
19284 4153 4470 3095 4537 
19285 4167 4173 4122 4358 
19286 4214 4379 4261 4509 
19287 2887 2879 2731 4338 
19288 4155 4402 4089 4512 
19289 3209 3237 4323 4396 
19290 3050 4153 3095 4537 
19291 4143 4302 4091 4306 
19292 4278 4281 4125 4475 
19293 4364 4451 4255 4519 
19294 4221 4359 4294 4557 
19295 4213 4436 4437 4451 
19296 3281 3479 3330 4313 
19297 3253 3550 3072 4365 
19298 3103 3152 3176 4224 
19299 2901 4148 2841 4529 
19300 2688 4312 4140 4493 
19301 4125 4276 4373 4495 
19302 4213 4437 4254 4486 
19303 4105 4251 4340 4488 
19304 2864 4348 2748 4554 
19305 2721 4185 2807 4419 
19306 4098 4181 4478 4493 
19307 2849 4190 4256 4443 
19308 3342 4300 3329 4346 
19309 2864 4191 2673 4348 
19310 2690 4274 2688 4312 
19311 2816 4159 4334 4484 
19312 3472 4199 3378 4503 
19313 3180 2651 4219 4323 
19314 3020 4143 3023 4418 
19315 4209 4287 3339 4410 
19316 4294 4349 4142 4513 
19317 3245 4143 4345 4418 
19318 3397 3509 4250 4551 
19319 4244 4277 3394 4491 
19320 3337 3456 3293 4198 
19321 4302 4345 4143 4389 
19322 3293 3337 4198 4437 
19323 4100 4215 4165 4531 
19324 4241 4263 4121 4471 
19325 2801 4296 4252 4331 
19326 2690 4274 4312 4576 
19327 4237 4115 4359 4566 
19328 2878 2736 2722 4171 
19329 2825 2833 4320 4398 
19330 2871 4181 2697 4493 
19331 4237 4329 4115 4566 
19332 4188 4236 4101 4567 
19333 4259 4268 4125 4475 
19334 2690 2691 2688 4274 
19335 3152 3103 3079 4224 
19336 4131 4263 4183 4540 
19337 4126 4217 4178 4569 
19338 4135 4193 4174 4462 
19339 2779 2927 2928 4267 
19340 2690 2691 4274 4576 
19341 3169 3125 3130 4282 
19342 3145 4229 3158 4536 
19343 2944 2804 2803 4539 
19344 2920 2654 2930 4218 
19345 3010 3254 2962 4475 
19346 2867 2891 2719 4193 
19347 4180 4280 3371 4448 
19348 4141 4308 4254 4535 
19349 3492 4299 3491 4311 
19350 4365 4421 4231 4446 
19351 4154 3478 4407 4482 
19352 2946 4168 2800 4378 
19353 3425 3422 3353 4197 
19354 4207 4212 4088 4315 
19355 2747 4174 2859 4401 
19356 2666 3118 3124 4282 
19357 3469 3352 3484 4205 
19358 2763 4355 2764 4527 
19359 4098 4235 4513 4580 
19360 4110 4186 4212 4445 
19361 2917 4322 4262 4525 
19362 4181 4253 4149 4558 
19363 4115 4329 4319 4511 
19364 2867 4193 2719 4369 
19365 4226 4088 4384 4480 
19366 4119 4278 4373 4545 
19367 4208 4310 3541 4408 
19368 3497 3276 3500 4487 
19369 4175 4252 4111 4512 
19370 4129 4187 4313 4481 
19371 3294 3304 3478 4154 
19372 4189 4445 4424 4574 
19373 3358 3360 3470 4360 
19374 3261 3158 3110 4229 
19375 2759 4316 2922 4504 
19376 3480 4340 4149 4555 
19377 2842 3017 2645 4341 
19378 3138 3149 4158 4405 
19379 4160 4428 4251 4488 
19380 2834 2940 3198 4306 
19381 2750 2751 2752 4557 
19382 2669 4196 2890 4517 
19383 3385 3384 4209 4380 
19384 2841 4148 4328 4529 
19385 4139 4107 4350 4456 
19386 4300 4360 3485 4578 
19387 2719 2891 2889 4193 
19388 2899 3190 2648 4325 
19389 2990 4237 2986 4463 
19390 4185 4291 4249 4403 
19391 3272 3559 3517 4224 
19392 3374 3449 4448 4575 
19393 3289 4228 4437 4471 
19394 3212 4323 4138 4552 
19395 3198 3204 3192 4306 
19396 4106 4221 4167 4294 
19397 3242 4306 3199 4514 
19398 2878 2875 2863 4216 
19399 4117 4170 4274 4490 
19400 3170 3172 3130 4137 
19401 4120 4408 4310 4476 
19402 4087 4137 4272 4543 
19403 3200 3221 3203 4230 
19404 4107 4182 4158 4532 
19405 2816 4159 4484 4553 
19406 3238 4204 3214 4211 
19407 2762 4245 2760 4413 
19408 4149 4340 4105 4457 
19409 4230 4247 4091 4335 
19410 4386 4415 4205 4447 
19411 3156 3115 3122 4380 
19412 3316 4242 3307 4411 
19413 4104 4308 4469 4522 
19414 4146 4276 4109 4286 
19415 2866 4188 2684 4351 
19416 2888 4223 4401 4462 
19417 4093 4212 4207 4315 
19418 2728 4271 4212 4419 
19419 4161 4288 3123 4547 
19420 3289 4228 3299 4437 
19421 4163 4095 4337 4583 
19422 2868 4190 2849 4443 
19423 4124 4236 4433 4498 
19424 3410 3411 3551 4293 
19425 2764 4355 2765 4527 
19426 4172 4305 4164 4524 
19427 4104 4254 4213 4492 
19428 3155 4156 4224 4547 
19429 3185 4147 3196 4273 
19430 4259 4125 4326 4475 
19431 4191 4348 4129 4397 
19432 3097 4231 3093 4432 
19433 3170 4137 3130 4336 
19434 2825 4157 2659 4566 
19435 2762 4328 4145 4527 
19436 3505 4204 3452 4383 
19437 4151 4362 2766 4527 
19438 2867 4292 4193 4369 
19439 2881 2731 2699 4297 
19440 3182 4306 4230 4514 
19441 3024 3017 2993 4476 
19442 2854 3124 3109 4282 
19443 2881 4297 4256 4401 
19444 3068 3069 4178 4327 
19445 3228 3244 4153 4412 
19446 3181 3194 4196 4301 
19447 4197 4125 4281 4326 
19448 2743 4146 2746 4373 
19449 2839 2653 3106 4267 
19450 2839 3106 3133 4267 
19451 3280 4177 4313 4400 
19452 2694 4344 2691 4576 
19453 2754 2758 4359 4504 
19454 3203 4230 3221 4325 
19455 3436 3438 3437 4389 
19456 3014 4237 2990 4463 
19457 3232 3196 3185 4147 
19458 3482 4144 4317 4578 
19459 2684 4188 2871 4377 
19460 3146 3144 3114 4218 
19461 3043 3263 3083 4303 
19462 4195 4363 4088 4384 
19463 4157 4398 4143 4479 
19464 2767 4362 4328 4527 
19465 2684 4351 4188 4377 
19466 4355 4497 2765 4527 
19467 4090 4271 4179 4461 
19468 2675 4309 4191 4433 
19469 3200 3182 4230 4514 
19470 4215 4344 4324 4531 
19471 2809 2887 4249 4403 
19472 2730 2881 4256 4401 
19473 3134 4267 4372 4572 
19474 4137 4087 4282 4454 
19475 4148 4245 4118 4489 
19476 3465 4195 3263 4303 
19477 2728 2910 4212 4366 
19478 2730 4256 2881 4297 
19479 3268 3157 3116 4272 
19480 4181 4478 4140 4564 
19481 2872 2723 2909 4210 
19482 3038 3068 3069 4178 
19483 2917 4402 4322 4525 
19484 4110 4212 4207 4445 
19485 3122 4200 4380 4572 
19486 3138 3149 3148 4387 
19487 2874 4237 2882 4329 
19488 4309 4498 4236 4567 
19489 4137 4454 4336 4494 
19490 2941 2994 2965 4268 
19491 4103 4351 4243 4377 
19492 4166 4214 4109 4460 
19493 3073 3086 3093 4399 
19494 4100 4165 4385 4531 
19495 2831 4316 4230 4568 
19496 2760 2762 2840 4245 
19497 4201 4333 3543 4581 
19498 2734 4290 4227 4356 
19499 2991 3450 3001 4208 
19500 3025 4137 3022 4494 
19501 3244 4153 4412 4470 
19502 2743 2819 4260 4373 
19503 2895 2845 2896 4283 
19504 4170 4133 4274 4490 
19505 3542 3229 3233 4247 
19506 4186 4189 4113 4445 
19507 2750 2749 2736 4270 
19508 4117 4279 4170 4426 
19509 2814 2811 2933 4291 
19510 4230 4306 2655 4568 
19511 3016 3254 3445 4281 
19512 4196 4273 4147 4465 
19513 4131 4498 4309 4567 
19514 4146 4276 2746 4373 
19515 3356 3357 3343 4408 
19516 3091 3256 3510 4226 
19517 4296 4331 2801 4467 
19518 4129 4465 4517 4573 
19519 4091 4143 4306 4398 
19520 2873 2763 4253 4355 
19521 2858 2768 4271 4366 
19522 4199 4337 3347 4439 
19523 4158 4372 3138 4405 
19524 2643 3215 3187 4258 
19525 4087 4163 4260 4510 
19526 4181 4098 4361 4493 
19527 2859 4462 4174 4500 
19528 4137 4087 4454 4510 
19529 2844 4362 4138 4552 
19530 4087 4240 4220 4427 
19531 3404 3552 3511 4228 
19532 4109 4386 4205 4447 
19533 4184 4295 2740 4414 
19534 4242 4516 4317 4578 
19535 2735 2722 2736 4261 
19536 3353 3422 3424 4197 
19537 4141 4469 4308 4522 
19538 4180 4280 4145 4558 
19539 4179 4195 4090 4381 
19540 4121 4203 4471 4549 
19541 3299 3305 4437 4451 
19542 4106 4349 4294 4513 
19543 4135 4174 4223 4462 
19544 4130 4189 4255 4455 
19545 4159 4086 4334 4484 
19546 4142 4349 4294 4557 
19547 2925 2861 4434 4563 
19548 3182 2655 4230 4306 
19549 3391 3407 3269 4441 
19550 4134 4380 4209 4579 
19551 4269 4469 4117 4535 
19552 4254 4308 4141 4469 
19553 4200 4372 4267 4572 
19554 2845 4283 2895 4554 
19555 4124 4191 4177 4498 
19556 3089 3091 3510 4226 
19557 2797 4155 4264 4422 
19558 3431 3535 4156 4380 
19559 2700 4215 2701 4344 
19560 4295 4347 2740 4414 
19561 4129 4348 4191 4573 
19562 4094 4177 4191 4498 
19563 3334 4293 4207 4424 
19564 3330 4201 3543 4581 
19565 4092 4273 4196 4465 
19566 3115 3122 4380 4464 
19567 3004 3020 2956 4345 
19568 3291 3290 4279 4407 
19569 4175 4364 4255 4519 
19570 4118 4230 4316 4335 
19571 3181 2667 3193 4301 
19572 2978 4278 2981 4444 
19573 2805 4262 2799 4472 
19574 4177 4343 4099 4523 
19575 4181 4355 4253 4558 
19576 4215 4382 4353 4447 
19577 3088 4217 2943 4525 
19578 2932 2892 2772 4292 
19579 4198 4239 4123 4492 
19580 3322 4189 4424 4574 
19581 3477 3320 3307 4411 
19582 2719 4193 2889 4462 
19583 4214 2737 4425 4429 
19584 4101 4145 4355 4558 
19585 4088 4248 4226 4363 
19586 2834 2664 4320 4418 
19587 4190 4117 4274 4490 
19588 3146 3144 4218 4565 
19589 3291 3290 3292 4279 
19590 3422 3425 3544 4281 
19591 2842 2934 2769 4318 
19592 3277 4187 4330 4544 
19593 4134 4200 4380 4579 
19594 3083 4195 3054 4303 
19595 2925 4434 4240 4563 
19596 3186 4211 4396 4487 
19597 3075 2903 2649 4472 
19598 3022 2957 3003 4336 
19599 3469 4205 3484 4415 
19600 3313 4234 4473 4534 
19601 4206 4454 4260 4510 
19602 3100 3078 3044 4470 
19603 3105 3170 3151 4336 
19604 2742 2861 4184 4434 
19605 4159 4086 4484 4546 
19606 4204 4502 4232 4538 
19607 2910 4296 4212 4539 
19608 3219 3239 3222 4307 
19609 3045 3101 3077 4466 
19610 3261 3166 3459 4357 
19611 3200 4230 3203 4438 
19612 4105 4280 4149 4558 
19613 2701 4344 4215 4353 
19614 3345 3463 3424 4386 
19615 4102 4328 4258 4362 
19616 3471 4177 3282 4400 
19617 2740 4295 2739 4347 
19618 3424 3484 3352 4386 
19619 4172 4305 4097 4431 
19620 2670 2672 4356 4517 
19621 2963 4225 3266 4319 
19622 3173 3117 3150 4466 
19623 2740 4295 4184 4563 
19624 3187 2900 2643 4258 
19625 4260 4454 4434 4510 
19626 3281 4313 3330 4581 
19627 3327 3325 4305 4431 
19628 4150 4440 3047 4441 
19629 2742 4184 2740 4414 
19630 2763 2765 2764 4355 
19631 3323 4255 4451 4519 
19632 2797 2702 4264 4334 
19633 4089 4322 4175 4512 
19634 3095 4153 3044 4470 
19635 3020 3023 4143 4521 
19636 2808 4185 4291 4423 
19637 4175 4421 3405 4446 
19638 2767 2897 2898 4362 
19639 4150 4368 4187 4391 
19640 4171 4270 4106 4349 
19641 2916 4373 4278 4545 
19642 3337 3300 3488 4486 
19643 4170 4279 4117 4571 
19644 4116 4267 4405 4423 
19645 4318 4463 3015 4476 
19646 2817 4286 2877 4382 
19647 3303 4342 4317 4555 
19648 3461 3512 3256 4363 
19649 2668 4196 2669 4356 
19650 4212 4315 4271 4366 
19651 2806 4253 2876 4361 
19652 3097 3073 3093 4231 
19653 3536 3527 3383 4229 
19654 3533 3386 4287 4561 
19655 4253 4284 4105 4413 
19656 4087 4163 4354 4499 
19657 4346 4411 4166 4509 
19658 3119 3123 3117 4288 
19659 4091 4143 4398 4479 
19660 2665 3117 2948 4161 
19661 4135 4233 4394 4560 
19662 3311 4234 3313 4431 
19663 2747 2859 2888 4401 
19664 3213 3236 3216 4258 
19665 2895 4283 2864 4554 
19666 4100 4190 4344 4490 
19667 3140 3141 3107 4582 
19668 4177 4099 4404 4523 
19669 3314 3462 3311 4431 
19670 2742 2744 2861 4434 
19671 3490 4289 4167 4376 
19672 4174 4469 4401 4501 
19673 2721 2725 2807 4185 
19674 4343 4396 4211 4487 
19675 4103 4198 4390 4407 
19676 2740 4347 2739 4414 
19677 4144 4360 4300 4578 
19678 4167 4294 4173 4376 
19679 4104 4297 4256 4492 
19680 3313 4431 4234 4534 
19681 3116 3524 3268 4272 
19682 3277 3278 3276 4544 
19683 2931 2919 2813 4387 
19684 3328 3414 4257 4410 
19685 2863 4216 2696 4361 
19686 4226 4128 4293 4446 
19687 4184 4434 2861 4563 
19688 3372 3371 4180 4352 
19689 2770 2740 2742 4184 
19690 2840 4245 2901 4489 
19691 2858 4179 2915 4366 
19692 2771 4218 2776 4388 
19693 4158 4116 4372 4405 
19694 2781 2800 2663 4168 
19695 4139 4456 4202 4520 
19696 4128 4432 4231 4446 
19697 3435 4246 4393 4506 
19698 3361 3363 4173 4358 
19699 4086 4277 4201 4333 
19700 4100 4242 4385 4490 
19701 2882 4221 2883 4359 
19702 3339 4287 3414 4410 
19703 3280 4313 3282 4400 
19704 4168 4150 4227 4378 
19705 3182 3199 4306 4514 
19706 4200 4267 4116 4579 
19707 4154 4478 4181 4564 
19708 4174 4469 4141 4522 
19709 4108 4268 4259 4417 
19710 2807 4185 2808 4423 
19711 3396 4277 3394 4551 
19712 2953 4288 4161 4461 
19713 3484 4205 4386 4415 
19714 2787 4192 4304 4370 
19715 3217 4148 3222 4529 
19716 3256 4226 3091 4363 
19717 3122 4380 4464 4572 
19718 3481 3259 2987 4238 
19719 3397 4250 3398 4551 
19720 3200 4230 4438 4514 
19721 4139 4456 4520 4582 
19722 4110 4189 4186 4445 
19723 2953 2823 2665 4288 
19724 4148 4118 4325 4489 
19725 4196 4092 4301 4412 
19726 2882 4359 2912 4566 
19727 3435 4393 3518 4506 
19728 4230 4316 2831 4489 
19729 3047 4440 4150 4477 
19730 4113 4394 4233 4560 
19731 3360 3362 4235 4376 
19732 4093 4287 4209 4410 
19733 4178 4217 4126 4518 
19734 3060 3059 3061 4248 
19735 2930 4218 3114 4406 
19736 3211 2846 2651 4323 
19737 3361 4167 3365 4358 
19738 2724 4261 4214 4379 
19739 2699 2698 4297 4298 
19740 2798 4252 4322 4422 
19741 2924 4282 4240 4434 
19742 2883 4359 4221 4557 
19743 3330 4201 3479 4491 
19744 3180 3211 2651 4323 
19745 4172 4205 4095 4439 
19746 2732 4314 4271 4419 
19747 4264 4298 2945 4422 
19748 2906 4266 3191 4301 
19749 3441 4302 3440 4389 
19750 2744 2820 2821 4260 
19751 4144 4513 4235 4580 
19752 2868 2880 2849 4190 
19753 3327 4305 4172 4431 
19754 3365 3518 3435 4246 
19755 2864 2675 4191 4433 
19756 3103 3176 3555 4224 
19757 2899 2648 2901 4325 
19758 2704 4222 2703 4353 
19759 2991 3450 4208 4310 
19760 3203 4230 4325 4438 
19761 4099 4211 4169 4523 
19762 4191 4348 4099 4573 
19763 3387 4259 3548 4508 
19764 3200 3199 3182 4514 
19765 3472 3378 3527 4503 
19766 3444 3491 3473 4183 
19767 2927 4267 2779 4423 
19768 2657 2890 2669 4196 
19769 2730 2860 2881 4401 
19770 3280 3281 3282 4313 
19771 2906 3193 2667 4301 
19772 2945 4298 4264 4570 
19773 4087 4272 4137 4282 
19774 2730 4256 2860 4401 
19775 4106 4349 4270 4557 
19776 3206 3225 3249 4470 
19777 4129 4313 4187 4330 
19778 2981 4395 2996 4475 
19779 2740 4184 2770 4563 
19780 2797 2794 2702 4334 
19781 3277 4330 3278 4544 
19782 3436 3437 4246 4389 
19783 2738 4276 4214 4425 
19784 3395 3394 4327 4551 
19785 4390 4437 4228 4471 
19786 2731 2881 2888 4401 
19787 2772 2771 2776 4388 
19788 4093 4271 4212 4315 
19789 4310 4408 4208 4476 
19790 2914 4237 2652 4318 
19791 4140 4478 4181 4493 
19792 2864 2673 2748 4348 
19793 4191 4124 4283 4433 
19794 4139 4350 4292 4456 
19795 2862 4347 4286 4414 
19796 4159 4484 4210 4546 
19797 3372 4180 3371 4541 
19798 4112 4162 4305 4416 
19799 4148 4232 4102 4502 
19800 3502 3355 4404 4523 
19801 2737 4261 2735 4429 
19802 2862 4286 2741 4414 
19803 3289 3299 4228 4471 
19804 2651 2894 4219 4323 
19805 2668 4301 4356 4485 
19806 4107 4532 4249 4560 
19807 2933 4405 2927 4423 
19808 4100 4242 4490 4531 
19809 3362 4173 3364 4340 
19810 2980 4281 4375 4444 
19811 4185 4186 4093 4419 
19812 4385 4490 4242 4516 
19813 3261 4229 3110 4357 
19814 2713 4215 4379 4382 
19815 2982 3022 4336 4494 
19816 3461 3263 3521 4195 
19817 3486 4233 3338 4455 
19818 2720 4347 4164 4392 
19819 2767 2898 2841 4328 
19820 4103 4239 4198 4571 
19821 3028 2949 3247 4418 
19822 4257 4445 4113 4574 
19823 4226 4384 4293 4480 
19824 2976 2977 2982 4494 
19825 4141 4431 4522 4534 
19826 2698 2693 4297 4298 
19827 3235 3454 3186 4487 
19828 2863 2696 2869 4361 
19829 3477 4165 4386 4411 
19830 4249 4532 4291 4560 
19831 3414 4257 4287 4561 
19832 3244 3206 3228 4153 
19833 4148 4502 4258 4529 
19834 4112 4162 4416 4456 
19835 4271 4314 2733 4409 
19836 4098 4312 4478 4580 
19837 3333 3325 3474 4305 
19838 3545 4176 3429 4543 
19839 3478 4154 3304 4482 
19840 3317 3491 3492 4299 
19841 2935 4230 2831 4325 
19842 3283 4241 3284 4581 
19843 4233 4455 3486 4574 
19844 3529 4272 3131 4321 
19845 3136 4372 4200 4572 
19846 2745 2741 4286 4414 
19847 4173 4457 4340 4555 
19848 4215 4353 4100 4447 
19849 4121 4333 4203 4533 
19850 4272 4321 3430 4543 
19851 4230 4335 4091 4568 
19852 2910 4212 4296 4467 
19853 4152 4341 4208 4476 
19854 3282 4313 3281 4400 
19855 4112 4139 4292 4456 
19856 3299 4437 4228 4451 
19857 4140 4274 4443 4571 
19858 4159 4241 4121 4533 
19859 4120 4270 4152 4318 
19860 3305 3306 3300 4213 
19861 4173 4235 4457 4555 
19862 2670 2671 2672 4517 
19863 4090 4288 4409 4461 
19864 4330 4465 4147 4544 
19865 3242 3204 3199 4306 
19866 4110 4212 4186 4467 
19867 3285 3309 3287 4471 
19868 2821 2744 4260 4434 
19869 3372 4311 4180 4541 
19870 3547 3189 3262 4302 
19871 3388 4368 4153 4441 
19872 4109 4214 4166 4430 
19873 4098 4478 4312 4493 
19874 4124 4236 4498 4567 
19875 2665 2948 2907 4161 
19876 3008 4157 2974 4329 
19877 2658 2976 2938 4206 
19878 2795 2792 4155 4402 
19879 4107 4291 4249 4532 
19880 2994 4268 2941 4341 
19881 2672 2734 2670 4356 
19882 2851 4240 3147 4374 
19883 3348 3352 3469 4371 
19884 3322 3324 3328 4410 
19885 2834 2949 2664 4418 
19886 3499 3528 3539 4520 
19887 3398 3558 3543 4333 
19888 4213 4254 4104 4486 
19889 2929 4409 2928 4442 
19890 4139 4520 4202 4582 
19891 4266 4301 2781 4485 
19892 4171 4349 4106 4513 
19893 4113 4186 4185 4403 
19894 2644 2921 2932 4387 
19895 4357 4374 4127 4565 
19896 3279 4187 4313 4330 
19897 2704 4222 4353 4392 
19898 3135 3138 4372 4405 
19899 3232 4147 4487 4559 
19900 4159 2702 4334 4420 
19901 4265 4316 2829 4568 
19902 3352 4205 3469 4371 
19903 3527 3383 4229 4416 
19904 3490 3359 4289 4376 
19905 2800 2946 2663 4168 
19906 3288 3473 3286 4263 
19907 4103 4279 4198 4407 
19908 4189 4113 4445 4574 
19909 3419 3420 4182 4515 
19910 3288 3473 4263 4407 
19911 4254 4437 4213 4492 
19912 4294 4349 4106 4557 
19913 3372 4180 4311 4352 
19914 2763 2761 2873 4253 
19915 2767 2897 4362 4527 
19916 3049 3092 3042 4378 
19917 2945 4298 2716 4422 
19918 4182 4520 4456 4582 
19919 3300 4213 3488 4486 
19920 3195 3207 3181 4196 
19921 4091 4302 4247 4514 
19922 3514 3464 3056 4303 
19923 4188 4131 4550 4567 
19924 2732 2733 4271 4314 
19925 4207 4212 4110 4480 
19926 3500 4330 3278 4343 
19927 4241 4400 3284 4581 
19928 2998 2999 2647 4278 
19929 4307 4428 4160 4575 
19930 2784 4227 4378 4485 
19931 2824 2825 2833 4320 
19932 3445 3016 4281 4375 
19933 3232 4147 3185 4487 
19934 2738 2724 2737 4214 
19935 3223 3177 3241 4266 
19936 3502 3355 3471 4404 
19937 4274 4344 4133 4576 
19938 4242 4385 4165 4531 
19939 4162 4193 4292 4524 
19940 3280 3282 4177 4400 
19941 2878 2751 4171 4349 
19942 3476 3360 3362 4235 
19943 3295 3297 4170 4516 
19944 2699 2698 2693 4297 
19945 3399 4250 3509 4421 
19946 4146 4260 4119 4373 
19947 2992 4208 3021 4476 
19948 3528 4367 4182 4520 
19949 3521 3562 3512 4384 
19950 2870 2877 2705 4382 
19951 4168 2800 4378 4485 
19952 4186 4338 2715 4403 
19953 4116 4483 4200 4561 
19954 4192 4244 4126 4453 
19955 4231 4262 4089 4399 
19956 4088 4212 4207 4480 
19957 3420 4285 4182 4515 
19958 4136 4261 4171 4509 
19959 3398 4277 3396 4551 
19960 4216 4349 4171 4513 
19961 3369 4448 4280 4488 
19962 2946 2662 3042 4378 
19963 4096 4144 4300 4578 
19964 2995 4268 3000 4417 
19965 4117 4190 4274 4443 
19966 3544 4259 3382 4326 
19967 2927 4405 4267 4423 
19968 2738 4214 2737 4425 
19969 3391 4368 4150 4391 
19970 3439 3381 3438 4247 
19971 4200 4572 4267 4579 
19972 3558 3401 3309 4203 
19973 3180 4219 3209 4323 
19974 3212 3237 3214 4211 
19975 2656 4179 3035 4450 
19976 3507 3231 3234 4538 
19977 3298 3455 3475 4269 
19978 3231 4232 3506 4307 
19979 4268 4341 3000 4417 
19980 4238 4319 3489 4393 
19981 4195 4303 4090 4381 
19982 2759 2760 2773 4245 
19983 3442 3440 3441 4302 
19984 4221 4237 4120 4468 
19985 4189 4233 4113 4574 
19986 3037 3047 4440 4441 
19987 3050 3044 3095 4153 
19988 2681 4243 2680 4351 
19989 3388 4153 3270 4441 
19990 3444 3492 3491 4311 
19991 4230 4316 4335 4568 
19992 4167 4393 4246 4584 
19993 3477 4386 3463 4411 
19994 2904 4264 4243 4570 
19995 2675 2673 4191 4397 
19996 2734 4290 2872 4459 
19997 2826 2874 2882 4329 
19998 4210 4484 4086 4546 
19999 2802 2798 4252 4322 
20000 4191 4283 2864 4433 
20001 2806 2873 2876 4253 
20002 3542 3262 3229 4247 
20003 3011 4237 2959 4329 
20004 3193 2906 3191 4301 
20005 4159 4094 4241 4546 
20006 2773 2840 2901 4489 
20007 3327 4172 3462 4431 
20008 2843 2845 4323 4552 
20009 3134 4372 3136 4572 
20010 2774 4316 2831 4568 
20011 4102 4232 4160 4448 
20012 3420 4182 4285 4474 
20013 3408 3321 4255 4424 
20014 3313 4234 3311 4473 
20015 3285 3287 3286 4263 
20016 2910 4296 2727 4467 
20017 3206 4153 3244 4470 
20018 2985 3481 4238 4319 
20019 3343 3329 3342 4300 
20020 4103 4263 4183 4407 
20021 3130 3154 3169 4272 
20022 3533 3421 3386 4561 
20023 2657 2669 2668 4196 
20024 4152 4120 4318 4476 
20025 4265 4316 4122 4504 
20026 4214 2856 4379 4382 
20027 2864 2675 2673 4191 
20028 4173 4235 4142 4457 
20029 2976 2658 2961 4206 
20030 4223 4233 4113 4528 
20031 2682 2680 2681 4243 
20032 3447 4200 3534 4380 
20033 4164 4295 2729 4388 
20034 3141 4387 3107 4582 
20035 2702 2816 4159 4334 
20036 2828 4398 2825 4566 
20037 4143 4157 4320 4398 
20038 4118 4335 4251 4428 
20039 4116 4200 4287 4561 
20040 4115 4506 4479 4511 
20041 4161 4466 3096 4548 
20042 3168 4466 4161 4547 
20043 2734 4227 4290 4459 
20044 4186 4093 4212 4445 
20045 4210 4290 4114 4459 
20046 3373 3372 3371 4541 
20047 2797 2795 4155 4422 
20048 2725 2808 4185 4403 
20049 3280 3471 3355 4177 
20050 3265 3545 2967 4176 
20051 3505 4383 3374 4448 
20052 3209 3237 3212 4323 
20053 3558 4203 3309 4333 
20054 3316 4242 4411 4578 
20055 2799 4262 2917 4322 
20056 4170 4269 4117 4426 
20057 2773 4245 2840 4489 
20058 3115 4156 3167 4464 
20059 2870 4215 2713 4382 
20060 3490 3365 4167 4393 
20061 3408 4424 4255 4519 
20062 3548 3389 2964 4259 
20063 2745 2741 2862 4286 
20064 4216 4361 4349 4513 
20065 4131 4241 4263 4540 
20066 2868 2703 2880 4190 
20067 4269 4473 4141 4535 
20068 3229 4302 3201 4514 
20069 2678 2676 4309 4553 
20070 2862 2741 4347 4414 
20071 2830 2655 4306 4568 
20072 4178 4327 3069 4518 
20073 3055 4381 4161 4548 
20074 4167 4106 4294 4376 
20075 4312 4478 4140 4493 
20076 2992 3021 3024 4476 
20077 2830 4230 2655 4568 
20078 2923 2666 4282 4336 
20079 2652 3014 2968 4318 
20080 3034 3088 3071 4217 
20081 3000 4341 3024 4417 
20082 2985 4238 2986 4319 
20083 2749 2750 2769 4270 
20084 3506 4307 4232 4575 
20085 2961 4206 2658 4545 
20086 3265 4176 3009 4375 
20087 2751 2736 2878 4171 
20088 3447 3534 3267 4380 
20089 2930 3114 3139 4406 
20090 4255 4519 4110 4530 
20091 2797 2795 2794 4155 
20092 2675 2710 4309 4433 
20093 3477 3463 3320 4411 
20094 2723 2909 4210 4484 
20095 3487 4534 4473 4535 
20096 3071 3034 4217 4518 
20097 3392 4391 4244 4491 
20098 2784 4378 2800 4485 
20099 4252 4296 4110 4331 
20100 3280 4313 4177 4330 
20101 3521 3375 4195 4435 
20102 2723 4484 4210 4553 
20103 4107 4182 4367 4456 
20104 3182 3221 3200 4230 
20105 3197 4301 4266 4412 
20106 3501 4211 4343 4523 
20107 4100 4385 4242 4531 
20108 4156 4464 4288 4547 
20109 4169 4404 4099 4523 
20110 2867 2726 4292 4369 
20111 3125 3126 4240 4427 
20112 3134 4372 4267 4405 
20113 3507 4232 3231 4538 
20114 2732 2733 4314 4409 
20115 4129 4397 4290 4481 
20116 4174 4462 4193 4500 
20117 2941 2965 2782 4268 
20118 2939 4192 3032 4378 
20119 4269 4490 4385 4516 
20120 2678 4553 4309 4577 
20121 4207 4212 4093 4445 
20122 2883 2754 2758 4359 
20123 4209 4315 4093 4410 
20124 3270 4153 3044 4441 
20125 4086 4275 4155 4334 
20126 2904 4243 4264 4420 
20127 2660 3108 2823 4288 
20128 3245 3226 3178 4345 
20129 3380 4251 3381 4428 
20130 3450 3252 3001 4208 
20131 3406 3405 4421 4446 
20132 2922 4316 2829 4504 
20133 4434 4454 4087 4510 
20134 4109 4286 4276 4382 
20135 4188 4550 4236 4567 
20136 2745 2877 2817 4286 
20137 4125 4395 4278 4475 
20138 3241 4266 3177 4470 
20139 3512 3551 3256 4226 
20140 4129 4177 4330 4573 
20141 4131 4183 4299 4567 
20142 3130 4282 3118 4336 
20143 2717 4186 4419 4467 
20144 3503 4169 4404 4541 
20145 4264 4334 2702 4420 
20146 4117 4269 4170 4490 
20147 3214 3236 3213 4204 
20148 4087 4354 4510 4543 
20149 4241 4299 3284 4400 
20150 3529 3430 4272 4321 
20151 4134 4423 4267 4579 
20152 4177 4400 4124 4498 
20153 4103 4407 4183 4564 
20154 4101 4149 4352 4558 
20155 2743 2819 2744 4260 
20156 4369 4388 4292 4524 
20157 3016 2962 3254 4281 
20158 3381 3366 3530 4251 
20159 3179 3238 3250 4204 
20160 4153 3050 4441 4537 
20161 4088 4207 4315 4384 
20162 4151 4497 4145 4527 
20163 4209 4287 4093 4579 
20164 3253 3557 3412 4231 
20165 3475 4269 3455 4426 
20166 4180 4383 3371 4541 
20167 3166 3459 4357 4505 
20168 3042 2662 3082 4378 
20169 2836 4188 2866 4550 
20170 2993 4318 3015 4476 
20171 3071 4217 3088 4525 
20172 2750 2838 2769 4270 
20173 4170 4133 4490 4516 
20174 2723 2936 2909 4484 
20175 2858 4271 2733 4461 
20176 3524 3131 3529 4272 
20177 3229 3262 3189 4302 
20178 4168 4227 4092 4485 
20179 3372 4352 4311 4482 
20180 3516 3334 3410 4384 
20181 3347 4337 4199 4503 
20182 4174 4104 4401 4469 
20183 4091 4265 4246 4479 
20184 4168 4301 4266 4485 
20185 4104 4308 4254 4469 
20186 3207 4196 3195 4559 
20187 4218 4229 4127 4565 
20188 3240 3196 3194 4412 
20189 2792 4275 4155 4402 
20190 4167 4458 4393 4468 
20191 3261 3459 3532 4357 
20192 3289 4263 3288 4471 
20193 3503 4404 4169 4523 
20194 2848 4239 2685 4443 
20195 2893 4348 4219 4554 
20196 3050 3092 4441 4537 
20197 2906 2781 4266 4301 
20198 4117 4279 4426 4571 
20199 3184 4323 3212 4552 
20200 4167 4246 4358 4584 
20201 2770 4184 2861 4563 
20202 4314 4423 4134 4579 
20203 4228 4437 4436 4451 
20204 3372 4311 3444 4482 
20205 4162 4107 4332 4367 
20206 3125 3126 3109 4240 
20207 2724 4214 2856 4379 
20208 3351 4354 3427 4449 
20209 3389 3010 2964 4259 
20210 2701 4215 2870 4353 
20211 2991 4310 4208 4476 
20212 3465 4195 4303 4435 
20213 4167 4289 4458 4468 
20214 4210 4484 4159 4553 
20215 2735 4261 2724 4379 
20216 2720 4164 4369 4392 
20217 2822 4206 2938 4454 
20218 2924 4240 2925 4434 
20219 2713 4379 2856 4382 
20220 4152 4108 4341 4429 
20221 3318 3408 3321 4255 
20222 3048 3065 4440 4477 
20223 3454 3238 3186 4211 
20224 3431 3267 3535 4380 
20225 3351 3350 4163 4449 
20226 3371 4280 3369 4448 
20227 3476 4235 3362 4555 
20228 3420 3528 3419 4182 
20229 4271 4409 2733 4461 
20230 2866 2871 2684 4188 
20231 3283 3284 4400 4581 
20232 3324 3516 4207 4424 
20233 3431 3535 3559 4156 
20234 3138 4158 4387 4582 
20235 3403 3523 3406 4421 
20236 4115 4319 4506 4511 
20237 3311 3313 3314 4431 
20238 2910 4212 4366 4539 
20239 3512 3551 4226 4384 
20240 3361 4173 3362 4376 
20241 3476 3470 3360 4235 
20242 4096 4171 4324 4379 
20243 4159 4420 4121 4540 
20244 4149 4280 4105 4340 
20245 3469 3312 3462 4415 
20246 2959 4237 2874 4329 
20247 2925 2924 2661 4240 
20248 3297 4317 4170 4516 
20249 3461 3256 3041 4363 
20250 4367 4456 4182 4520 
20251 3334 4293 3410 4384 
20252 3371 3370 3369 4280 
20253 2786 4192 2939 4378 
20254 3301 3307 4242 4385 
20255 3209 4323 4219 4396 
20256 4102 4145 4328 4527 
20257 4165 4242 4096 4411 
20258 4342 4457 4098 4555 
20259 2742 2861 2770 4184 
20260 4182 4285 4158 4532 
20261 3494 4233 3486 4394 
20262 2928 2929 2777 4409 
20263 2746 2745 2817 4276 
20264 4165 4096 4242 4531 
20265 4242 4490 4133 4516 
20266 3045 4161 3055 4381 
20267 3466 4308 4339 4534 
20268 4104 4223 4174 4401 
20269 2809 2887 2889 4249 
20270 2887 2889 4249 4462 
20271 3321 3322 4189 4424 
20272 2772 4292 2726 4388 
20273 2966 2974 3008 4157 
20274 4241 4333 4121 4533 
20275 2759 2774 4316 4489 
20276 2800 4168 2781 4485 
20277 2725 2808 2807 4185 
20278 4234 4431 4141 4534 
20279 3246 3102 3223 4266 
20280 4223 4249 4113 4560 
20281 2910 4366 2955 4539 
20282 4131 4159 4540 4577 
20283 2887 4223 2888 4462 
20284 3547 3442 3205 4302 
20285 3301 4385 4242 4516 
20286 3471 3280 3282 4177 
20287 2706 2703 4222 4501 
20288 4176 3019 4444 4494 
20289 4150 4378 4168 4477 
20290 4189 4455 4130 4528 
20291 2768 2728 4271 4366 
20292 2767 4328 2762 4527 
20293 4178 4250 4089 4365 
20294 2669 4356 4196 4517 
20295 2650 4192 2787 4370 
20296 2685 4239 2683 4377 
20297 4119 4375 4281 4444 
20298 2732 4271 2733 4419 
20299 2909 4304 4210 4484 
20300 4139 4182 4456 4582 
20301 2792 2791 2794 4275 
20302 4186 4212 4093 4419 
20303 3060 4226 3062 4432 
20304 3295 3294 3292 4279 
20305 3209 4219 3208 4396 
20306 2991 4208 2992 4476 
20307 2904 2682 4243 4420 
20308 3172 3105 3153 4321 
20309 3520 4238 4458 4556 
20310 2894 2893 4219 4554 
20311 3171 4224 3104 4466 
20312 4268 4395 4125 4475 
20313 3372 3370 3371 4352 
20314 3005 2957 3025 4321 
20315 2985 2987 2986 4238 
20316 3347 4199 3472 4503 
20317 3328 3339 3414 4410 
20318 2880 4190 2703 4501 
20319 4214 4429 4425 4460 
20320 2930 3139 2918 4406 
20321 3031 4224 3099 4466 
20322 4312 4361 4098 4493 
20323 3341 3279 3277 4187 
20324 2678 2676 2677 4309 
20325 4165 4415 4386 4447 
20326 2871 2866 2836 4188 
20327 3339 3335 3340 4410 
20328 3322 3319 3321 4189 
20329 4093 4185 4314 4579 
20330 2735 2722 4261 4379 
20331 3485 3358 3470 4360 
20332 4309 4553 4159 4577 
20333 2894 4219 4323 4554 
20334 4246 4265 4122 4584 
20335 4120 4463 4318 4476 
20336 4267 4372 4116 4405 
20337 3096 4161 3045 4466 
20338 4273 4368 4092 4412 
20339 4140 4279 4170 4571 
20340 4170 4279 4140 4478 
20341 3547 3205 3189 4302 
20342 4132 4205 4415 4447 
20343 3464 3465 3263 4303 
20344 2895 2864 2748 4554 
20345 3024 2958 3017 4341 
20346 3505 3504 3374 4383 
20347 4473 4534 4141 4535 
20348 3509 3400 4178 4551 
20349 2816 4484 2723 4553 
20350 2795 2792 2794 4155 
20351 3031 3079 3099 4224 
20352 4091 4389 4143 4479 
20353 3436 4389 4246 4506 
20354 3171 3152 3104 4224 
20355 2675 4191 4309 4397 
20356 3117 4161 3168 4466 
20357 3399 3397 3509 4250 
20358 3076 3223 3102 4266 
20359 4106 4270 4221 4557 
20360 3334 4207 3516 4424 
20361 3250 3451 3452 4204 
20362 2720 4369 2718 4392 
20363 4193 4369 4097 4500 
20364 2709 2878 2722 4324 
20365 4237 4359 4115 4468 
20366 4174 4401 4223 4462 
20367 4254 4308 4104 4486 
20368 4182 4474 3537 4520 
20369 3350 3349 3351 4163 
20370 3247 2949 3192 4418 
20371 3320 3316 3307 4411 
20372 3507 3506 3231 4232 
20373 3510 3551 3411 4226 
20374 2651 2893 2890 4219 
20375 3505 3452 4204 4538 
20376 2812 4350 2921 4387 
20377 4169 4124 4404 4541 
20378 2807 4314 2732 4419 
20379 3301 3302 4385 4516 
20380 2831 4325 4230 4489 
20381 4163 4354 3351 4449 
20382 4272 4282 4087 4427 
20383 2715 4186 2717 4467 
20384 2898 4258 2900 4529 
20385 4122 4173 4251 4358 
20386 2987 4238 3259 4556 
20387 2735 2724 2722 4379 
20388 3483 3362 4340 4555 
20389 3301 3302 3307 4385 
20390 4087 4434 4282 4454 
20391 3308 3477 3307 4385 
20392 4143 4157 4479 4521 
20393 3494 3338 3486 4233 
20394 3116 3131 3524 4272 
20395 3386 3534 3533 4200 
20396 4104 4401 4297 4528 
20397 2775 4268 4395 4425 
20398 3089 3097 3062 4432 
20399 2704 2706 2703 4222 
20400 2910 2803 4296 4539 
20401 4217 4275 2790 4402 
20402 3058 2853 2656 4450 
20403 3391 4391 4150 4440 
20404 2929 4288 4409 4442 
20405 3528 4182 3537 4520 
20406 4235 4106 4360 4376 
20407 3551 3510 3256 4226 
20408 3464 3263 3043 4303 
20409 2718 4369 2707 4392 
20410 4111 4155 4422 4549 
20411 3357 4289 4360 4408 
20412 2718 4369 2719 4500 
20413 4124 4433 4191 4498 
20414 3313 4473 3487 4534 
20415 3405 3323 4364 4519 
20416 2945 4264 2904 4570 
20417 3052 4179 3035 4381 
20418 2720 2718 2707 4392 
20419 2696 4216 4312 4361 
20420 4377 4493 4140 4564 
20421 2801 4252 2716 4331 
20422 3517 3464 3514 4303 
20423 3454 3453 3451 4211 
20424 3347 3336 3472 4199 
20425 4253 4355 4145 4558 
20426 3000 3024 3021 4417 
20427 4226 4248 4128 4432 
20428 2702 4159 2678 4420 
20429 3496 3498 3326 4332 
20430 3324 3334 3516 4424 
20431 2870 2701 2700 4215 
20432 4087 4354 4163 4510 
20433 4297 4298 2693 4570 
20434 4189 4233 4455 4528 
20435 2977 2976 2961 4206 
20436 3537 4182 3528 4474 
20437 3155 3167 4156 4547 
20438 3543 4333 3423 4581 
20439 3030 4266 3098 4470 
20440 3505 3250 3452 4538 
20441 3413 4342 3303 4555 
20442 2852 2652 2968 4318 
20443 4122 4294 4167 4584 
20444 2883 2882 2838 4221 
20445 4221 4359 4237 4468 
20446 2867 4292 2892 4350 
20447 3285 3284 3283 4241 
20448 3279 4313 3280 4330 
20449 2689 4361 4312 4493 
20450 4182 4107 4515 4532 
20451 3401 3404 4203 4364 
20452 4194 4257 4113 4394 
20453 3037 4440 3269 4441 
20454 3080 4224 3056 4303 
20455 2949 3028 2984 4418 
20456 2662 2939 3082 4378 
20457 3250 4204 3452 4538 
20458 2917 2799 2805 4262 
20459 2666 2854 2923 4282 
20460 2893 2651 2894 4219 
20461 2848 2683 2685 4239 
20462 3329 3316 4411 4578 
20463 4109 4276 4214 4382 
20464 3371 4383 4180 4448 
20465 3329 4411 4300 4578 
20466 3295 3298 3297 4516 
20467 3392 4244 3394 4491 
20468 2900 4258 3187 4529 
20469 4199 4127 4229 4503 
20470 3230 3185 3196 4273 
20471 4176 4354 3427 4543 
20472 3419 4182 3528 4367 
20473 3123 3117 4161 4547 
20474 2843 2845 2846 4323 
20475 2734 2872 2785 4459 
20476 3308 3310 3311 4473 
20477 4093 4257 4287 4410 
20478 3016 2980 4281 4375 
20479 3503 4404 3493 4541 
20480 2827 2828 2825 4566 
20481 3207 3208 3180 4219 
20482 4091 4247 4230 4514 
20483 4124 4400 4299 4498 
20484 4183 4407 4154 4564 
20485 2696 4312 2689 4361 
20486 3083 3041 3054 4195 
20487 3336 3378 3472 4199 
20488 2891 2867 2892 4350 
20489 3444 4183 3473 4482 
20490 3233 4247 3202 4438 
20491 2830 2774 2831 4568 
20492 3108 3119 2823 4288 
20493 2864 2710 2675 4433 
20494 3480 4342 3413 4555 
20495 3194 3195 3181 4196 
20496 2656 3035 3058 4450 
20497 3227 3204 3242 4302 
20498 4143 3023 4418 4521 
20499 4255 4364 4111 4451 
20500 3327 3462 3314 4431 
20501 3131 4272 3154 4321 
20502 3157 3127 4272 4427 
20503 3205 4302 3442 4345 
20504 3145 3158 3113 4536 
20505 2984 4320 2664 4418 
20506 3114 4218 3143 4406 
20507 4151 4433 4236 4497 
20508 4175 4364 3405 4421 
20509 3469 3484 3312 4415 
20510 4164 4388 4369 4524 
20511 4317 4478 4170 4580 
20512 3477 4386 4165 4415 
20513 3035 4179 3053 4450 
20514 3504 3371 4383 4541 
20515 3000 4268 2994 4341 
20516 3541 4208 3450 4310 
20517 3547 3262 3440 4302 
20518 2780 2941 4268 4341 
20519 2953 4161 2911 4461 
20520 4294 4504 4359 4584 
20521 3362 3363 3364 4173 
20522 2680 4351 4243 4420 
20523 4159 4241 4533 4546 
20524 3478 3473 4407 4482 
20525 3338 4233 3495 4486 
20526 4097 4369 4164 4392 
20527 2787 4370 4304 4496 
20528 2731 2888 2887 4223 
20529 3380 3366 3381 4251 
20530 3070 4178 3069 4399 
20531 2758 4265 4359 4504 
20532 2923 4336 4282 4454 
20533 4230 4247 4118 4438 
20534 3427 3522 3426 4449 
20535 2790 4275 4217 4496 
20536 4130 4298 4297 4436 
20537 3055 4161 3045 4548 
20538 2816 2936 2723 4484 
20539 4199 4229 4112 4416 
20540 4158 4116 4291 4532 
20541 2897 2766 2896 4362 
20542 4175 4512 4322 4530 
20543 3074 4262 2950 4472 
20544 4264 4422 4155 4549 
20545 2851 2925 2661 4240 
20546 2828 4398 4265 4568 
20547 3126 3147 4240 4374 
20548 4297 4298 4123 4436 
20549 3030 3076 3098 4266 
20550 3261 4357 3532 4503 
20551 4210 4114 4304 4459 
20552 2728 4212 2717 4419 
20553 3069 4399 4178 4518 
20554 3451 3452 4204 4562 
20555 4191 4433 4309 4498 
20556 3362 3361 3363 4173 
20557 3486 4394 4233 4574 
20558 3122 3159 4200 4572 
20559 3385 3384 3340 4209 
20560 3454 3501 3453 4211 
20561 2826 2882 2912 4566 
20562 2962 3254 4281 4475 
20563 4184 4240 4087 4434 
20564 3265 2967 3009 4176 
20565 2728 2733 4271 4419 
20566 4141 4254 4469 4535 
20567 2722 2709 4324 4379 
20568 2807 4314 4185 4423 
20569 3044 4153 3050 4441 
20570 4143 4479 4225 4521 
20571 4281 4375 4119 4449 
20572 2771 4218 4388 4542 
20573 3523 3412 3406 4446 
20574 2868 2847 4274 4443 
20575 2953 4409 4288 4461 
20576 3475 4269 4426 4535 
20577 2689 2806 4361 4493 
20578 3070 3038 3069 4178 
20579 3025 4321 4137 4494 
20580 4117 4256 4190 4443 
20581 3453 3451 4211 4562 
20582 4121 4263 4241 4540 
20583 4181 4140 4493 4564 
20584 4112 4202 4229 4536 
20585 2984 2664 2949 4418 
20586 3135 4372 3134 4405 
20587 3048 4440 3047 4477 
20588 4142 4361 4253 4457 
20589 2761 2876 4253 4413 
20590 3412 3253 4231 4365 
20591 3266 4225 3433 4506 
20592 2905 4366 4450 4539 
20593 2718 2719 2708 4500 
20594 4115 4238 4237 4468 
20595 3231 3219 4232 4307 
20596 2677 2678 4309 4577 
20597 2893 2669 2890 4517 
20598 2945 2698 2716 4298 
20599 4155 4533 4264 4549 
20600 2965 4268 2995 4395 
20601 3324 4207 4410 4424 
20602 3352 3353 3424 4371 
20603 4123 4213 4437 4492 
20604 3302 4269 3475 4473 
20605 4119 4206 4260 4510 
20606 3383 3539 4202 4416 
20607 3032 4378 4192 4477 
20608 4233 4486 4213 4528 
20609 3538 4499 4272 4543 
20610 3018 4157 2966 4521 
20611 3028 3247 3224 4418 
20612 3330 3543 3423 4581 
20613 2728 2910 2717 4212 
20614 4155 4334 4264 4533 
20615 3266 4319 4225 4506 
20616 4324 4379 4215 4531 
20617 3465 4303 3517 4435 
20618 3285 4333 4241 4581 
20619 3096 3045 4161 4548 
20620 2774 2831 4316 4489 
20621 4183 4407 3473 4482 
20622 4147 4343 3500 4487 
20623 3046 3037 3553 4441 
20624 4292 4456 4162 4524 
20625 4157 2825 4398 4566 
20626 3521 4195 3465 4435 
20627 3490 3365 3361 4167 
20628 4206 4494 4137 4510 
20629 4143 4389 4225 4479 
20630 4110 4331 4296 4467 
20631 4112 4229 4218 4536 
20632 4176 4137 4510 4543 
20633 4167 4294 4221 4584 
20634 3019 2979 4176 4444 
20635 2730 2849 4256 4443 
20636 2728 2768 2910 4366 
20637 4113 4249 4223 4403 
20638 3459 3532 4357 4505 
20639 3398 3543 3396 4277 
20640 2813 2812 2921 4387 
20641 2745 2743 2741 4414 
20642 3520 3259 4238 4556 
20643 4089 4217 4178 4399 
20644 3167 4464 4156 4547 
20645 2678 4159 4553 4577 
20646 4091 4306 4302 4514 
20647 2946 2800 2662 4378 
20648 2647 2999 2837 4278 
20649 3489 4319 3434 4393 
20650 3419 4182 4367 4515 
20651 3397 3398 3396 4551 
20652 3396 3394 4277 4491 
20653 3481 3489 4238 4319 
20654 3168 4161 3117 4547 
20655 3208 4219 3207 4559 
20656 2802 4252 2801 4296 
20657 3269 3553 3037 4441 
20658 4149 4098 4342 4457 
20659 2728 2732 2733 4419 
20660 2682 2904 4243 4570 
20661 4160 4105 4280 4488 
20662 2660 3108 4288 4442 
20663 3191 4266 3197 4301 
20664 3406 3405 3403 4421 
20665 3014 2990 2968 4463 
20666 2917 4262 2805 4525 
20667 4098 4235 4457 4513 
20668 2994 2941 2958 4341 
20669 3495 4233 4308 4486 
20670 2874 2659 3008 4329 
20671 4183 4311 4101 4482 
20672 4112 4229 4202 4416 
20673 3047 3050 3092 4441 
20674 4177 4099 4343 4573 
20675 2732 4314 2777 4409 
20676 3184 3211 3212 4323 
20677 3432 3433 3266 4225 
20678 2696 4312 4216 4576 
20679 4240 4434 4184 4563 
20680 3405 4364 4175 4519 
20681 2739 4347 2720 4392 
20682 4102 4362 4151 4527 
20683 3126 3147 3109 4240 
20684 4098 4457 4361 4513 
20685 4101 4355 4181 4558 
20686 4143 4091 4302 4389 
20687 2940 3182 3198 4306 
20688 2653 3106 4267 4405 
20689 4155 4086 4334 4533 
20690 4166 4411 4386 4430 
20691 3388 3407 4368 4441 
20692 3054 4195 3041 4363 
20693 3186 4211 3237 4396 
20694 3285 4241 3283 4581 
20695 3452 4383 4204 4562 
20696 422 3184 2843 2846 
20697 3401 3402 3404 4364 
20698 3462 3312 3311 4415 
20699 424 2651 2890 3207 
20700 2730 2848 2849 4443 
20701 2767 2762 2764 4527 
20702 3229 3201 4247 4514 
20703 2721 2807 2732 4419 
20704 3358 3360 4360 4376 
20705 4364 4421 4175 4512 
20706 3184 422 3211 2846 
20707 4168 4378 4227 4485 
20708 4097 4369 4193 4524 
20709 3205 3227 4302 4345 
20710 3002 3028 3224 4418 
20711 4225 4319 2963 4511 
20712 3427 4176 3265 4375 
20713 3106 3133 408 2839 
20714 4311 4404 4124 4541 
20715 2653 3106 408 2839 
20716 3393 4244 3392 4391 
20717 3359 4360 4289 4376 
20718 4094 4159 4309 4553 
20719 3503 3502 4404 4523 
20720 424 2651 3207 3180 
20721 2665 2911 2953 4161 
20722 2890 2657 425 3207 
20723 2768 2858 2915 4366 
20724 2678 2702 2816 4159 
20725 3524 3529 3430 4272 
20726 3009 4176 2979 4375 
20727 3534 3386 3384 4380 
20728 3204 3243 3192 4418 
20729 3209 3180 3208 4219 
20730 3299 3305 3300 4437 
20731 3358 4360 3359 4376 
20732 3301 4516 4242 4578 
20733 3211 423 2651 2846 
20734 2771 2920 2776 4218 
20735 2731 2712 2699 4338 
20736 2834 3192 2949 4418 
20737 2787 4304 4192 4459 
20738 4117 4190 4256 4469 
20739 3449 3505 4232 4538 
20740 3340 3385 4209 4435 
20741 2657 3181 425 3207 
20742 3136 4200 4372 4483 
20743 2686 2683 2848 4239 
20744 3187 2643 420 3215 
20745 3495 3338 3494 4233 
20746 2898 2844 4258 4362 
20747 3277 3279 3278 4330 
20748 4479 4506 4225 4511 
20749 3043 3056 3464 4303 
20750 3180 423 2651 3211 
20751 4110 4255 4189 4424 
20752 2977 4444 3019 4494 
20753 3435 3436 4246 4506 
20754 3062 3060 3061 4226 
20755 2707 4222 2704 4392 
20756 3407 3388 3270 4441 
20757 4280 4448 4160 4488 
20758 2995 2994 3000 4268 
20759 4294 4359 4221 4584 
20760 3453 4211 3501 4523 
20761 2766 4362 2897 4527 
20762 3337 4254 3457 4426 
20763 3043 3083 3054 4303 
20764 4088 4179 4366 4450 
20765 4119 4206 4444 4545 
20766 3328 3332 3322 4257 
20767 3528 4182 3420 4474 
20768 4133 4344 4324 4576 
20769 2998 4278 2647 4395 
20770 4099 4323 4219 4554 
20771 4198 4437 4254 4492 
20772 4304 4484 4275 4569 
20773 2655 3182 2940 4306 
20774 2796 2795 2798 4322 
20775 3278 4330 3355 4343 
20776 4126 4304 4192 4370 
20777 3504 3373 3371 4541 
20778 4143 4320 4157 4521 
20779 2933 2927 2814 4423 
20780 3063 4262 3074 4472 
20781 3018 2974 2966 4157 
20782 3388 3513 3270 4153 
20783 4107 4367 4162 4456 
20784 4196 4301 4092 4356 
20785 3033 2646 4262 4525 
20786 2771 2920 4218 4542 
20787 4334 4420 4264 4533 
20788 4420 4540 4159 4577 
20789 3345 3382 3344 4326 
20790 3092 3081 4168 4537 
20791 2944 4248 2649 4472 
20792 4166 4386 4109 4430 
20793 4126 4178 4551 4569 
20794 4141 4473 4234 4534 
20795 2758 2829 4265 4504 
20796 3469 3462 3346 4439 
20797 4106 4167 4289 4376 
20798 2706 2704 2707 4222 
20799 4086 4277 4250 4569 
20800 3291 3292 3294 4279 
20801 4136 4360 4289 4408 
20802 3302 4385 4269 4473 
20803 2927 2839 2928 4267 
20804 4134 4380 4200 4572 
20805 4208 4108 4346 4508 
20806 3484 4386 3477 4415 
20807 2930 2776 4218 4406 
20808 2953 2778 4409 4461 
20809 4089 4365 4231 4399 
20810 3256 3091 3041 4363 
20811 2961 2977 4206 4545 
20812 2989 4463 4310 4476 
20813 4242 4096 4411 4578 
20814 4087 4272 4354 4543 
20815 2905 4450 4248 4539 
20816 3246 2947 3102 4266 
20817 2741 2740 2739 4414 
20818 4175 4421 4089 4512 
20819 4197 4281 4119 4449 
20820 2667 2657 2668 4301 
20821 4162 4112 4305 4524 
20822 3343 3485 4300 4360 
20823 3346 3336 3347 4439 
20824 3001 2992 2991 4208 
20825 3278 3280 3355 4330 
20826 4297 2693 4507 4570 
20827 446 3266 2963 3432 
20828 2842 2968 3017 4318 
20829 3257 3394 4244 4327 
20830 4111 4422 4264 4549 
20831 4201 4114 4481 4491 
20832 4096 4379 4324 4531 
20833 2929 4288 2953 4409 
20834 2900 2643 420 3187 
20835 4175 4446 3405 4519 
20836 2986 4463 4238 4556 
20837 4275 2789 4484 4496 
20838 3322 4257 3332 4574 
20839 3217 4502 4148 4529 
20840 2765 4355 2836 4497 
20841 2879 2715 4338 4403 
20842 2839 2928 4267 4442 
20843 4101 4311 4183 4567 
20844 2791 4334 4275 4484 
20845 4223 4113 4338 4528 
20846 2972 4225 2963 4511 
20847 2808 4291 2814 4423 
20848 3448 4448 4160 4575 
20849 3001 3021 4208 4417 
20850 3490 4167 3361 4376 
20851 4114 4192 4304 4459 
20852 2981 2996 3013 4475 
20853 3162 4357 4229 4565 
20854 3118 3130 3124 4282 
20855 3366 3530 4251 4358 
20856 2727 4296 2801 4467 
20857 3341 4187 3277 4544 
20858 4164 4295 4095 4347 
20859 3542 3439 3262 4247 
20860 4131 4309 4159 4577 
20861 2830 2831 4230 4568 
20862 2977 4206 4444 4494 
20863 3447 4200 3112 4483 
20864 3480 3483 4340 4555 
20865 2979 2967 3019 4176 
20866 2828 4265 2829 4568 
20867 3426 3351 3427 4449 
20868 3395 3396 3394 4551 
20869 2667 3181 426 2657 
20870 4096 4430 4166 4509 
20871 4167 4358 4122 4584 
20872 4254 4117 4469 4535 
20873 3086 3033 3093 4525 
20874 3507 3449 3506 4232 
20875 2789 2791 4275 4484 
20876 2707 4392 4369 4500 
20877 2739 2720 2855 4392 
20878 3221 2935 2648 4325 
20879 4310 4463 4120 4476 
20880 2858 2768 2733 4271 
20881 2851 2925 4240 4374 
20882 2986 2988 4463 4556 
20883 4204 4383 4169 4562 
20884 2996 2965 2995 4395 
20885 4137 4454 4206 4510 
20886 4096 4215 4379 4531 
20887 2739 2855 4347 4392 
20888 2868 2847 2691 4274 
20889 4213 4130 4455 4528 
20890 2886 2864 4283 4433 
20891 4219 4323 4099 4396 
20892 4128 4262 4231 4432 
20893 2753 2755 2754 4557 
20894 2950 4262 2805 4472 
20895 3032 3082 2939 4378 
20896 3456 3290 3293 4198 
20897 2989 4310 4463 4556 
20898 4251 4428 3380 4488 
20899 2834 2832 2940 4306 
20900 3385 3535 3384 4380 
20901 2705 2701 2870 4353 
20902 2758 4265 2827 4359 
20903 3334 4293 4424 4519 
20904 3490 3518 3365 4393 
20905 4278 4444 2978 4545 
20906 4356 4465 4196 4517 
20907 4153 4092 4368 4412 
20908 4213 4455 4233 4528 
20909 2775 4268 2782 4395 
20910 2720 2726 2718 4369 
20911 2661 2924 2854 4282 
20912 3429 4176 3427 4543 
20913 3374 4383 3504 4448 
20914 2943 4217 2793 4525 
20915 2978 2981 2980 4444 
20916 3063 4432 4262 4472 
20917 4131 4299 4241 4498 
20918 3550 3038 3068 466 
20919 3337 3457 3456 4426 
20920 3548 3387 3389 4259 
20921 3338 4455 4233 4486 
20922 2854 3109 399 2661 
20923 3405 4364 3402 4421 
20924 3412 3523 3253 4365 
20925 4134 4464 4380 4572 
20926 2867 2719 2718 4369 
20927 2870 2700 2713 4215 
20928 3489 3520 4238 4458 
20929 4090 4161 4381 4548 
20930 3296 4317 3303 4342 
20931 4200 4116 4372 4483 
20932 3025 3006 4321 4494 
20933 2910 2803 2727 4296 
20934 2818 4278 2916 4373 
20935 2680 4243 2682 4420 
20936 2747 4500 4174 4501 
20937 2918 3139 3107 4406 
20938 2761 2757 2876 4413 
20939 4110 4186 4331 4467 
20940 2844 4258 4362 4552 
20941 3051 3045 3055 4381 
20942 2791 2952 2794 4334 
20943 4157 3018 4511 4521 
20944 2662 3042 3082 2946 
20945 2650 2939 2786 4192 
20946 4117 4443 4274 4571 
20947 2935 2655 2831 4230 
20948 3107 2644 2918 4406 
20949 3503 4541 4383 4562 
20950 3366 4251 3380 4488 
20951 3265 3429 3545 4176 
20952 3401 3404 3309 4203 
20953 2968 2842 2852 4318 
20954 3071 4399 4217 4525 
20955 2922 2759 2774 4316 
20956 3550 3509 3400 4178 
20957 4224 4303 3080 4548 
20958 3488 4213 4455 4486 
20959 4089 4365 4250 4421 
20960 3208 4396 4219 4559 
20961 2694 2695 2691 4344 
20962 3482 3485 3470 4578 
20963 3261 3110 3166 4357 
20964 3317 3284 4299 4400 
20965 2793 2790 2902 4217 
20966 3448 4488 4428 4575 
20967 3125 3109 3124 4282 
20968 2905 4248 2944 4539 
20969 4104 4213 4486 4528 
20970 4087 4260 4184 4434 
20971 2684 2681 4351 4377 
20972 3190 3221 2648 4325 
20973 2748 4348 2893 4554 
20974 3165 4474 3526 4483 
20975 4100 4385 4269 4490 
20976 3327 3333 3336 4305 
20977 4228 4111 4436 4549 
20978 2862 2705 2877 4286 
20979 2706 4222 2707 4500 
20980 4240 4087 4282 4427 
20981 3056 3103 3555 4224 
20982 2898 2900 2841 4529 
20983 3525 4202 3539 4520 
20984 4157 4320 2966 4521 
20985 4129 4465 4356 4517 
20986 4103 4198 4279 4571 
20987 2686 4239 2848 4507 
20988 2787 2650 2786 4192 
20989 2999 4278 2978 4545 
20990 4275 4496 4304 4569 
20991 4150 4440 4244 4477 
20992 4142 4361 4457 4513 
20993 2905 2955 4366 4539 
20994 2866 2684 2681 4351 
20995 4132 4353 4222 4392 
20996 3447 3112 3260 4483 
20997 3131 3116 3154 4272 
20998 2805 2799 2804 4472 
20999 3488 4213 3306 4455 
21000 4155 4203 4533 4549 
21001 3468 3377 3531 4220 
21002 2915 4179 2656 4450 
21003 4092 4187 4368 4544 
21004 3555 3176 3132 4224 
21005 2698 2693 4298 4570 
21006 3503 4169 4541 4562 
21007 4214 4425 4276 4460 
21008 2895 2886 2864 4283 
21009 4386 4411 4165 4430 
21010 3376 3541 4310 4408 
21011 3448 4160 4488 4575 
21012 2757 2759 4284 4413 
21013 3302 3475 4269 4516 
21014 3504 3505 3452 4383 
21015 4089 4402 4322 4512 
21016 3430 3538 4272 4543 
21017 2852 2914 2652 4318 
21018 4247 4438 4230 4514 
21019 2713 2724 2856 4379 
21020 4182 4107 4367 4515 
21021 3020 2969 2975 4345 
21022 3060 3075 4248 4472 
21023 3157 3127 3116 4272 
21024 2645 2850 2934 4341 
21025 3428 4499 3538 4543 
21026 4207 4293 4110 4424 
21027 3134 4267 3106 4405 
21028 2978 2999 2981 4278 
21029 2903 2944 2649 4472 
21030 3042 3092 3081 4168 
21031 4240 4374 2925 4563 
21032 4112 4456 4292 4524 
21033 4288 4464 3123 4547 
21034 2765 2835 2836 4355 
21035 3503 3502 3493 4404 
21036 3531 4220 3377 4503 
21037 4113 4338 4186 4403 
21038 3306 3488 3300 4213 
21039 3450 3541 3252 4208 
21040 3273 3545 3429 4543 
21041 2729 2739 2740 4295 
21042 2738 2815 4276 4425 
21043 2730 4256 4297 4507 
21044 2698 2692 2693 4570 
21045 2887 2888 2859 4462 
21046 3550 3509 4178 4365 
21047 3433 4225 3441 4389 
21048 2790 4217 2793 4496 
21049 2821 4282 4434 4454 
21050 4324 4344 4133 4531 
21051 3330 3479 3515 4491 
21052 2668 2669 2670 4356 
21053 3047 3092 3049 4477 
21054 2677 4309 4550 4577 
21055 4097 4392 4222 4500 
21056 4359 4504 4265 4584 
21057 2674 4290 2672 4397 
21058 2848 4239 4443 4507 
21059 3357 4289 3359 4360 
21060 4300 4411 4096 4578 
21061 4182 4515 4285 4532 
21062 4113 4223 4338 4403 
21063 2872 2909 2785 4459 
21064 3319 3486 4455 4574 
21065 2963 446 3432 2971 
21066 2819 2820 2744 4260 
21067 3383 3379 3539 4416 
21068 4094 4210 4546 4553 
21069 2807 2808 2814 4423 
21070 2929 2953 2778 4409 
21071 2956 3020 3023 4418 
21072 2959 3011 2990 4237 
21073 3394 3392 3393 4244 
21074 4096 4165 4430 4531 
21075 4322 4512 4252 4530 
21076 3159 3136 4200 4572 
21077 4198 4123 4390 4437 
21078 2970 2982 3022 4336 
21079 4383 4541 4169 4562 
21080 3532 4503 4357 4505 
21081 2732 2777 2733 4409 
21082 2989 4463 2988 4556 
21083 4239 4117 4443 4492 
21084 4093 4315 4207 4410 
21085 3285 3423 4333 4581 
21086 2985 2986 2973 4319 
21087 4183 4311 4299 4567 
21088 4250 4551 4178 4569 
21089 4188 4131 4351 4550 
21090 3170 3130 3118 4336 
21091 3089 3062 3091 4226 
21092 4098 4361 4216 4513 
21093 3514 3272 3517 4224 
21094 3012 2995 3000 4417 
21095 2675 4397 4309 4553 
21096 3533 4483 3421 4561 
21097 4157 4115 4479 4511 
21098 3398 3397 3399 4250 
21099 3350 4371 4163 4449 
21100 4233 4455 4213 4486 
21101 2904 2680 2682 4420 
21102 3051 3052 3035 4381 
21103 4239 4443 4256 4492 
21104 426 3193 3181 2667 
21105 4256 4443 4117 4492 
21106 4304 4526 4484 4569 
21107 3058 3035 3053 4450 
21108 2804 2802 2803 4296 
21109 2775 4268 4425 4429 
21110 3362 3364 3483 4340 
21111 4128 4446 4175 4530 
21112 4242 4133 4490 4531 
21113 3035 3052 3053 4179 
21114 3299 3511 3552 4228 
21115 4207 4110 4293 4480 
21116 2962 4281 3013 4475 
21117 2902 4217 2790 4402 
21118 2893 4219 4348 4517 
21119 4216 4324 2875 4576 
21120 2972 2971 2963 4225 
21121 2717 4419 4212 4467 
21122 3033 4262 3093 4525 
21123 4215 4344 4100 4353 
21124 3322 3319 4189 4574 
21125 3110 4229 3162 4357 
21126 3539 3525 3383 4202 
21127 2665 2907 2911 4161 
21128 2787 2788 4370 4496 
21129 2925 2770 2861 4563 
21130 2772 2776 2932 4406 
21131 2942 2901 4325 4489 
21132 4100 4344 4215 4531 
21133 3114 3143 3139 4406 
21134 3032 3067 4192 4370 
21135 3281 4400 4313 4581 
21136 2967 2979 3009 4176 
21137 2766 4497 4151 4527 
21138 4256 4297 4104 4401 
21139 2734 2784 4227 4459 
21140 4095 4295 4184 4414 
21141 2985 2963 445 4319 
21142 3447 3533 4200 4483 
21143 3372 3373 4311 4541 
21144 3266 445 2963 4319 
21145 2991 2960 3460 4310 
21146 2960 3460 442 2991 
21147 2906 2667 2781 4301 
21148 3527 3378 3383 4416 
21149 3200 4438 3202 4514 
21150 2826 2659 4329 4566 
21151 2684 2683 2681 4377 
21152 3532 3531 3377 4503 
21153 3520 4458 4310 4556 
21154 3506 4232 3449 4575 
21155 3484 3477 3312 4415 
21156 2924 2821 4282 4434 
21157 4184 4295 4095 4583 
21158 3124 3109 399 2854 
21159 4088 4450 4366 4539 
21160 3302 3298 3475 4516 
21161 3384 3339 3340 4209 
21162 3492 3372 3373 4311 
21163 3060 4248 4432 4472 
21164 4167 4221 4468 4584 
21165 2738 2815 2817 4276 
21166 2968 2993 3017 4318 
21167 2952 2816 4334 4484 
21168 3328 3414 3332 4257 
21169 3036 3060 3075 4248 
21170 2974 4157 3018 4511 
21171 2885 2836 4236 4497 
21172 3521 3465 3375 4435 
21173 4228 4390 4123 4437 
21174 2981 4278 2998 4395 
21175 3243 3245 3178 4418 
21176 4246 4115 4393 4506 
21177 4210 4481 4094 4546 
21178 2787 4192 2786 4459 
21179 2775 2782 2937 4395 
21180 3181 3193 3194 4301 
21181 4212 4271 4093 4419 
21182 4118 4316 4230 4489 
21183 2856 2724 2738 4214 
21184 4206 4454 4137 4494 
21185 3449 3507 3505 4538 
21186 3302 3475 3310 4473 
21187 3093 3074 3063 4262 
21188 4246 4479 4265 4584 
21189 4119 4444 4278 4545 
21190 2883 4221 2752 4557 
21191 3155 3167 3115 4156 
21192 3433 3432 3441 4225 
21193 4127 4357 4229 4503 
21194 2718 2707 4369 4500 
21195 3015 4463 2989 4476 
21196 2645 2958 2941 4341 
21197 3531 3468 4220 4499 
21198 2885 4236 4433 4497 
21199 4094 4400 4177 4498 
21200 3415 4515 4194 4561 
21201 4185 4093 4314 4419 
21202 4147 4465 4273 4544 
21203 3357 3359 3358 4360 
21204 4115 4319 4238 4393 
21205 4099 4343 4211 4523 
21206 4122 4265 4504 4584 
21207 2700 2701 2695 4344 
21208 4357 4427 3128 4505 
21209 4111 4298 4264 4422 
21210 3010 2997 4259 4475 
21211 3504 4383 3371 4448 
21212 4094 4201 4313 4581 
21213 4197 4371 3353 4449 
21214 3509 3397 3400 4551 
21215 3520 3259 3489 4238 
21216 3387 3382 4259 4508 
21217 2891 2812 2810 4350 
21218 2898 2844 2643 4258 
21219 2930 2654 402 3114 
21220 4118 4251 4335 4452 
21221 2822 2820 4206 4454 
21222 4333 4533 4241 4546 
21223 3298 4269 3475 4516 
21224 4117 4426 4269 4535 
21225 3327 3325 3333 4305 
21226 4101 4311 4180 4352 
21227 4086 4201 4277 4526 
21228 4121 4264 4420 4533 
21229 4108 4341 4268 4417 
21230 2836 2884 4236 4550 
21231 2649 3036 4248 4450 
21232 3122 3159 3112 4200 
21233 4097 4369 4392 4500 
21234 3167 3123 4464 4547 
21235 2910 2955 2803 4539 
21236 3449 4232 3507 4538 
21237 2867 2718 2726 4369 
21238 4116 4291 4185 4423 
21239 3307 3316 3301 4242 
21240 3114 2654 402 3146 
21241 4110 4296 4212 4467 
21242 3403 4365 3523 4421 
21243 3087 4453 4370 4518 
21244 2878 2863 2751 4349 
21245 4256 4492 4297 4507 
21246 2805 2950 2646 4262 
21247 3126 3129 3147 4374 
21248 2863 2869 2753 4349 
21249 2962 3016 2980 4281 
21250 4112 4305 4199 4416 
21251 4292 4388 4112 4524 
21252 3425 3426 3522 4449 
21253 4348 4517 4219 4573 
21254 4123 4297 4492 4507 
21255 2836 2884 2885 4236 
21256 2656 3058 384 2853 
21257 4177 4343 4330 4573 
21258 3338 3488 4455 4486 
21259 3063 3093 4262 4432 
21260 4086 4159 4334 4533 
21261 4092 4368 4273 4544 
21262 2741 2739 4347 4414 
21263 3191 3197 3193 4301 
21264 4212 4296 4110 4480 
21265 2707 4222 4392 4500 
21266 3186 4396 3210 4487 
21267 4246 4393 4115 4584 
21268 4088 4248 4450 4539 
21269 4265 4479 4115 4584 
21270 3133 2839 4267 4442 
21271 4215 4430 4165 4531 
21272 3343 3358 3485 4360 
21273 3144 3143 3114 4218 
21274 4244 4391 3393 4440 
21275 3032 3085 3067 4370 
21276 2790 2789 2791 4275 
21277 4117 4254 4426 4535 
21278 2676 2675 4309 4553 
21279 4216 4324 4133 4580 
21280 3458 3252 3541 4208 
21281 2902 2793 4217 4525 
21282 3364 3368 4340 4488 
21283 3331 3344 3342 4346 
21284 3043 3080 3056 4303 
21285 2652 2882 2874 4237 
21286 2904 4264 2702 4420 
21287 3331 3320 3463 4411 
21288 4090 4179 4381 4461 
21289 4092 4356 4301 4485 
21290 3069 4327 3066 4518 
21291 2945 2904 2692 4570 
21292 4110 4296 4252 4530 
21293 3048 3037 3047 4440 
21294 2959 2990 3014 4237 
21295 2870 2713 2856 4382 
21296 4111 4364 4175 4512 
21297 3365 4246 3437 4358 
21298 4125 4259 4326 4460 
21299 3161 4202 3113 4520 
21300 4133 4312 4274 4576 
21301 4118 4335 4316 4452 
21302 3220 3217 3222 4529 
21303 4102 4328 4362 4527 
21304 3058 3036 385 4450 
21305 4100 4385 4234 4473 
21306 2894 2748 2893 4554 
21307 3552 3299 4228 4451 
21308 3358 3359 3360 4376 
21309 4224 4466 3171 4547 
21310 3115 3167 3122 4464 
21311 3139 2930 403 3114 
21312 4098 4478 4317 4580 
21313 2759 2773 2774 4489 
21314 3032 4192 3084 4477 
21315 2919 406 3149 2931 
21316 4258 4502 3187 4529 
21317 3319 3486 3338 4455 
21318 2802 2799 2798 4322 
21319 3261 3532 3527 4503 
21320 4095 4337 4199 4439 
21321 3437 3435 3436 4246 
21322 2779 4314 2807 4423 
21323 4114 4210 4304 4526 
21324 4276 4425 4125 4460 
21325 3317 3282 3284 4400 
21326 4116 4287 4200 4579 
21327 3369 4280 3368 4488 
21328 3058 2656 384 3035 
21329 3099 4466 4224 4548 
21330 4239 4492 4198 4571 
21331 3240 4273 3196 4412 
21332 3236 3218 4502 4538 
21333 3187 4258 3216 4502 
21334 3312 3308 3311 4415 
21335 3465 3464 3517 4303 
21336 4115 4157 4329 4511 
21337 2734 2785 2784 4459 
21338 4176 4137 4494 4510 
21339 4121 4264 4243 4420 
21340 4150 4391 4244 4440 
21341 3042 3082 3049 4378 
21342 3503 4523 4169 4562 
21343 3533 3534 3447 4200 
21344 3148 3149 406 2931 
21345 2772 2867 2726 4292 
21346 2866 4188 4351 4550 
21347 2875 2696 2863 4216 
21348 3138 3135 3149 4405 
21349 2782 4268 2965 4395 
21350 4118 4230 4325 4489 
21351 2651 2846 2894 4323 
21352 2822 2821 2820 4454 
21353 2830 4306 2832 4568 
21354 3500 3278 3355 4343 
21355 3219 3218 4232 4502 
21356 4294 4122 4504 4584 
21357 2784 2800 2783 4485 
21358 3492 4311 3373 4541 
21359 3270 3046 3553 4441 
21360 4121 4420 4159 4533 
21361 2998 2981 2999 4278 
21362 3302 4269 4385 4516 
21363 2790 2789 4275 4496 
21364 4359 4468 4221 4584 
21365 3059 4248 3036 4450 
21366 4098 4312 4216 4361 
21367 2646 2917 2805 4525 
21368 2788 2793 2913 4496 
21369 2643 4258 2844 4552 
21370 4109 4165 4386 4447 
21371 3479 4391 3392 4491 
21372 3291 3478 3473 4407 
21373 4116 4285 4483 4561 
21374 3520 3376 4310 4458 
21375 386 3036 3075 2649 
21376 4094 4546 4159 4553 
21377 2827 2758 2829 4265 
21378 385 2853 3058 4450 
21379 3442 3547 3440 4302 
21380 4240 4282 4087 4434 
21381 3084 4453 3065 4477 
21382 3096 3055 3045 4548 
21383 3425 3522 3445 4375 
21384 4316 4452 4122 4504 
21385 2823 2660 410 3108 
21386 4233 4394 4113 4574 
21387 3294 3296 3304 4342 
21388 3480 3304 3413 4342 
21389 3490 4289 3446 4458 
21390 3086 4399 3071 4525 
21391 3229 3189 3201 4302 
21392 4114 4290 4210 4481 
21393 2655 2830 2831 4230 
21394 4157 4479 4115 4566 
21395 3382 3544 3389 4259 
21396 4221 4294 4106 4557 
21397 2917 2796 4322 4402 
21398 4094 4191 4309 4498 
21399 2733 4409 2778 4461 
21400 2775 2780 4268 4429 
21401 3098 4470 4266 4537 
21402 3165 3137 4474 4483 
21403 2927 2653 4267 4405 
21404 3079 3103 3056 4224 
21405 3169 4272 3127 4427 
21406 2979 4375 4176 4444 
21407 3064 3048 3065 4440 
21408 4154 4407 4183 4482 
21409 4104 4486 4233 4528 
21410 4246 4115 4479 4584 
21411 2831 2942 4325 4489 
21412 4090 4409 4271 4461 
21413 2717 4212 2910 4467 
21414 3519 3550 3068 466 
21415 4192 4244 4453 4477 
21416 2830 2655 2832 4306 
21417 2696 2689 2806 4361 
21418 3054 3041 3090 4363 
21419 3202 4438 4247 4514 
21420 2901 2841 2899 4529 
21421 4116 4158 4372 4532 
21422 3229 3202 3233 4247 
21423 2711 2801 2716 4331 
21424 2673 2671 2748 4348 
21425 2716 4252 2798 4422 
21426 3227 3189 3205 4302 
21427 403 2918 2930 3139 
21428 3433 4225 4389 4506 
21429 2674 2872 2672 4290 
21430 3123 3168 3117 4547 
21431 4306 4398 2832 4568 
21432 3475 4426 3457 4535 
21433 3132 3176 3152 4224 
21434 3425 3445 4281 4375 
21435 2915 4366 4179 4450 
21436 4220 4427 4357 4505 
21437 3555 3514 3056 4224 
21438 3120 4288 3108 4442 
21439 3448 3380 4428 4488 
21440 2887 2809 2879 4403 
21441 3134 3133 4267 4572 
21442 4114 4290 4227 4459 
21443 4160 4448 4232 4575 
21444 3296 3303 3413 4342 
21445 3274 3230 3264 506 
21446 2729 4388 4295 4542 
21447 2780 4341 4268 4429 
21448 4113 4394 4257 4574 
21449 3511 4228 3299 4471 
21450 3091 4226 3061 4363 
21451 4115 4479 4265 4566 
21452 3040 3073 3097 4231 
21453 4104 4223 4401 4528 
21454 3175 3005 3029 4321 
21455 4098 4513 4216 4580 
21456 3387 3344 3382 4508 
21457 3279 3280 3278 4330 
21458 2994 2995 2965 4268 
21459 2656 2915 2858 4179 
21460 430 2957 3105 3003 
21461 3030 3177 474 3223 
21462 2956 3178 451 3004 
21463 2900 2898 2643 4258 
21464 3313 3311 3310 4473 
21465 3010 2997 2964 4259 
21466 3111 4474 4182 4520 
21467 3107 2918 404 3139 
21468 2780 2850 4341 4429 
21469 2909 2789 4304 4484 
21470 4185 4116 4423 4579 
21471 3481 3434 3489 4319 
21472 2774 2829 4316 4568 
21473 4099 4211 4343 4396 
21474 3481 2987 444 2985 
21475 4145 4497 4355 4527 
21476 4094 4313 4177 4400 
21477 2839 2927 2653 4267 
21478 4086 4159 4533 4546 
21479 2993 2968 3015 4318 
21480 3019 4176 2967 4494 
21481 2668 4356 2670 4485 
21482 3188 4273 3240 4412 
21483 4155 4111 4422 4512 
21484 3377 4220 4337 4503 
21485 3216 3215 3213 4258 
21486 4304 4484 2789 4496 
21487 3084 4192 4453 4477 
21488 4127 4503 4199 4583 
21489 3153 3005 3175 4321 
21490 4125 4425 4268 4460 
21491 3068 3066 3069 4327 
21492 4087 4354 4272 4499 
21493 4126 4178 4327 4551 
21494 2821 2923 4282 4454 
21495 4090 4315 4209 4435 
21496 4174 4500 4222 4501 
21497 3262 3439 3438 4247 
21498 2658 2938 2822 4206 
21499 3020 2975 3023 4521 
21500 4428 4488 4160 4575 
21501 4129 4330 4187 4465 
21502 4319 4225 4506 4511 
21503 3031 3104 455 3079 
21504 4201 4094 4313 4481 
21505 4319 4393 4115 4506 
21506 3537 3528 3420 4474 
21507 2957 3153 431 3105 
21508 3002 3178 450 2956 
21509 3155 4224 3171 4547 
21510 4351 4420 2680 4577 
21511 3180 3209 3211 4323 
21512 3364 3367 3368 4488 
21513 3046 3270 3044 4441 
21514 2740 2865 4295 4563 
21515 3113 4202 3525 4520 
21516 2996 2995 2997 4475 
21517 2688 2691 2847 4274 
21518 3308 4385 3310 4473 
21519 2816 2678 4159 4553 
21520 3342 3458 3356 4346 
21521 3427 3429 3265 4176 
21522 2916 2658 2820 4545 
21523 4086 4333 4201 4546 
21524 3144 3143 4218 4536 
21525 4189 4455 4233 4574 
21526 4311 4352 4101 4482 
21527 3215 3213 4258 4552 
21528 3408 4255 3323 4519 
21529 4280 4340 3368 4488 
21530 3320 3329 3316 4411 
21531 2809 2889 2810 4249 
21532 3508 3549 4307 4428 
21533 3133 4442 4267 4572 
21534 4094 4309 4191 4397 
21535 2696 4216 2875 4576 
21536 2652 2914 2882 4237 
21537 3099 4224 3080 4548 
21538 3036 2649 385 4450 
21539 2903 386 3075 2649 
21540 3289 3299 3293 4437 
21541 2905 2649 4248 4450 
21542 3123 4288 3120 4464 
21543 2747 4174 4401 4501 
21544 2987 2986 4238 4556 
21545 2658 4206 2820 4545 
21546 4127 4220 4503 4583 
21547 4126 4327 4178 4518 
21548 3443 4352 3372 4482 
21549 2783 2668 2670 4485 
21550 2972 2975 2971 4225 
21551 3252 4208 3458 4508 
21552 3175 3029 3560 4321 
21553 3187 3215 3216 4258 
21554 3415 3418 4515 4561 
21555 4192 4378 2786 4459 
21556 3411 4293 3409 4446 
21557 4320 4418 3023 4521 
21558 2832 4398 2828 4568 
21559 3274 507 3513 3206 
21560 3341 3392 3479 4391 
21561 3084 4192 3067 4453 
21562 3107 404 2918 2644 
21563 3477 3308 3312 4415 
21564 2883 2838 2752 4221 
21565 4090 4381 4303 4548 
21566 2905 4366 2915 4450 
21567 3377 4337 3347 4503 
21568 4196 4356 4092 4465 
21569 4217 4126 4496 4569 
21570 4275 4484 4304 4496 
21571 3475 3455 3457 4426 
21572 3501 3500 4343 4487 
21573 3134 3133 3106 4267 
21574 385 2649 2853 4450 
21575 3081 3098 4266 4537 
21576 4188 4351 4103 4377 
21577 4123 4213 4436 4437 
21578 2962 2980 3013 4281 
21579 3143 4406 4218 4536 
21580 3549 3380 3381 4428 
21581 2975 4225 2972 4521 
21582 2730 2849 2860 4256 
21583 4288 4442 3120 4464 
21584 2930 2776 2920 4218 
21585 4379 4382 4215 4430 
21586 2791 2952 4334 4484 
21587 4157 4115 4329 4566 
21588 2882 2883 2912 4359 
21589 2822 2938 2908 4454 
21590 3540 4474 4285 4483 
21591 3169 3116 3127 4272 
21592 2644 3107 3148 4387 
21593 2924 2821 2923 4282 
21594 3228 3197 3244 4412 
21595 3151 430 3105 3003 
21596 3191 3241 3197 4266 
21597 503 3454 3235 3258 
21598 3526 4474 3540 4483 
21599 4165 4109 4386 4430 
21600 2931 2644 3148 4387 
21601 3501 3258 3500 4487 
21602 4251 4122 4335 4452 
21603 3430 3428 3538 4543 
21604 3451 502 3454 3238 
21605 3490 3361 3359 4376 
21606 447 3432 2971 3271 
21607 3479 3281 3279 4313 
21608 3416 4332 3496 4394 
21609 2808 2811 2814 4291 
21610 4123 4437 4198 4492 
21611 3374 4448 3448 4575 
21612 4195 4315 4090 4435 
21613 4097 4164 4369 4524 
21614 4096 4166 4411 4509 
21615 2729 4295 2865 4542 
21616 3108 410 2823 3119 
21617 2676 4397 2675 4553 
21618 2935 2831 2648 4325 
21619 4112 4162 4456 4524 
21620 3444 3372 3492 4311 
21621 4123 4436 4228 4437 
21622 3143 3140 4406 4536 
21623 3135 3134 3106 4405 
21624 3460 3450 2991 4310 
21625 3480 3483 3368 4340 
21626 2991 3460 442 3450 
21627 2784 4378 4227 4459 
21628 4103 4390 4263 4407 
21629 3250 501 3451 3238 
21630 4193 4369 4292 4524 
21631 4128 4480 4296 4539 
21632 2675 2710 2677 4309 
21633 3325 3315 4339 4431 
21634 3503 4383 3504 4562 
21635 3521 3263 3465 4195 
21636 2838 2914 2769 4318 
21637 3323 3408 3318 4255 
21638 4096 4411 4166 4430 
21639 4119 4176 4375 4444 
21640 4246 4122 4335 4358 
21641 3443 3372 3444 4482 
21642 3276 4273 3275 4544 
21643 3178 3002 450 3224 
21644 4410 4424 4207 4445 
21645 4217 4370 4496 4518 
21646 3522 3427 3265 4375 
21647 4134 4409 4288 4442 
21648 4201 4481 4210 4546 
21649 3561 3405 3323 4364 
21650 3004 3178 451 3226 
21651 2673 2674 2672 4397 
21652 4154 4407 4279 4564 
21653 3540 3421 4483 4561 
21654 4316 4335 4122 4452 
21655 4164 4112 4388 4524 
21656 3223 474 3030 3076 
21657 2797 2702 2904 4264 
21658 2767 2840 2762 4328 
21659 3391 3393 4391 4440 
21660 2646 2805 4262 4525 
21661 4230 4118 4325 4438 
21662 3369 3367 3448 4488 
21663 3489 3259 3481 4238 
21664 4099 4219 4348 4554 
21665 2874 2826 2659 4329 
21666 2666 3124 398 2854 
21667 2824 2664 379 4320 
21668 3301 4242 3316 4578 
21669 3276 3264 3275 4273 
21670 4121 4243 4390 4540 
21671 3363 3361 3365 4358 
21672 491 3272 3132 3431 
21673 2709 4324 2694 4576 
21674 4089 4399 4262 4525 
21675 4110 4255 4424 4519 
21676 3319 4455 4189 4574 
21677 3366 3367 3364 4488 
21678 4107 4194 4332 4515 
21679 3367 3369 3368 4488 
21680 2644 3148 405 2931 
21681 2840 2767 2841 4328 
21682 4104 4308 4233 4486 
21683 3005 3153 431 2957 
21684 4285 4372 4158 4532 
21685 2924 2925 2861 4434 
21686 3152 455 3104 3079 
21687 2665 2823 411 3119 
21688 3178 2956 3002 4418 
21689 3160 3525 3251 4520 
21690 3337 3467 4254 4486 
21691 4123 4298 4297 4570 
21692 4180 4383 4102 4448 
21693 2929 2660 4288 4442 
21694 2977 4444 4206 4545 
21695 489 3156 3447 3267 
21696 505 3264 3497 3230 
21697 4198 4426 4279 4571 
21698 3160 3251 3537 4520 
21699 4134 4267 4572 4579 
21700 2853 2915 2656 4450 
21701 3504 4383 3503 4541 
21702 3257 3395 3394 4327 
21703 2801 2802 2798 4252 
21704 2704 2703 2701 4353 
21705 3347 4337 3348 4439 
21706 3466 4339 3315 4534 
21707 4251 4335 4122 4358 
21708 4091 4230 4306 4514 
21709 4176 4444 4206 4494 
21710 2827 4359 4265 4566 
21711 2989 4310 2991 4476 
21712 4091 4306 4230 4568 
21713 3281 3283 4400 4581 
21714 2862 2741 2739 4347 
21715 2974 4329 4157 4511 
21716 2663 2906 2781 4266 
21717 3318 3323 4255 4451 
21718 4238 4463 4237 4468 
21719 4135 4339 4308 4522 
21720 2748 2671 2893 4348 
21721 3250 3179 4204 4538 
21722 4192 4370 3067 4453 
21723 4216 4312 4098 4580 
21724 3023 3007 4320 4521 
21725 4299 4311 4124 4567 
21726 3067 3084 3032 4192 
21727 2926 2925 4374 4563 
21728 3186 3210 3235 4487 
21729 3327 3314 3325 4431 
21730 2896 2886 2895 4283 
21731 2669 2670 4356 4517 
21732 3148 405 3107 2644 
21733 3409 3411 3410 4293 
21734 4104 4256 4469 4492 
21735 2994 371 2941 2965 
21736 4372 4474 3137 4483 
21737 3074 2950 2903 4472 
21738 3332 4394 3416 4574 
21739 3286 3491 3284 4299 
21740 2788 2913 4370 4496 
21741 3112 4200 3136 4483 
21742 3431 3132 491 3115 
21743 2689 4312 2688 4493 
21744 2893 4348 2671 4517 
21745 4110 4424 4293 4519 
21746 4217 4399 3071 4518 
21747 4089 4402 4217 4525 
21748 3390 3275 4368 4544 
21749 3074 3093 3033 4262 
21750 2676 2674 2675 4397 
21751 3191 2947 3246 4266 
21752 2942 2901 2648 4325 
21753 3161 3113 4202 4536 
21754 4237 4318 4120 4463 
21755 4271 4314 4093 4419 
21756 4220 4357 4127 4503 
21757 4104 4469 4254 4492 
21758 3287 3288 4263 4471 
21759 2903 3075 3074 4472 
21760 4095 4347 4295 4414 
21761 4096 4165 4411 4430 
21762 3504 4383 3452 4562 
21763 3159 3134 3136 4572 
21764 3210 3186 3237 4396 
21765 3001 2964 3021 4417 
21766 4114 4201 4481 4526 
21767 3247 3192 3224 4418 
21768 2756 2755 2757 4284 
21769 4218 3144 4536 4565 
21770 3036 3059 3060 4248 
21771 2702 2952 2816 4334 
21772 2873 2761 2876 4253 
21773 3032 3049 4378 4477 
21774 4217 4496 4275 4569 
21775 4140 4478 4279 4564 
21776 4304 4370 4126 4496 
21777 3376 4408 4310 4458 
21778 2777 2732 2779 4314 
21779 3015 4318 2968 4463 
21780 2874 3008 2959 4329 
21781 2935 417 3221 2648 
21782 3275 3264 3274 4273 
21783 2851 2926 2925 4374 
21784 2930 2918 2776 4406 
21785 4115 4246 4479 4506 
21786 2906 3193 427 2667 
21787 4201 4094 4481 4546 
21788 3428 4354 4499 4543 
21789 3035 2857 383 3051 
21790 2827 2829 2828 4265 
21791 2678 4420 4159 4577 
21792 4300 4346 4136 4509 
21793 3158 3145 3110 4229 
21794 4088 4363 4226 4384 
21795 4238 4463 4120 4556 
21796 4110 4424 4189 4445 
21797 2795 2796 2792 4402 
21798 2909 2936 2789 4484 
21799 4117 4426 4198 4571 
21800 3224 3178 3002 4418 
21801 3520 4310 3460 4556 
21802 2716 2798 2954 4422 
21803 3365 3435 3437 4246 
21804 4089 4217 4399 4525 
21805 3409 3405 4446 4519 
21806 2922 2774 2829 4316 
21807 2869 2806 2876 4361 
21808 2732 2807 2779 4314 
21809 2944 2905 2649 4248 
21810 2850 2645 2780 4341 
21811 4126 4370 4192 4453 
21812 4159 4420 4334 4533 
21813 3434 4393 4319 4506 
21814 3503 3504 3452 4562 
21815 3060 4432 3063 4472 
21816 2757 2760 2759 4413 
21817 2681 2679 4351 4577 
21818 4282 4336 4137 4454 
21819 4225 4479 4157 4521 
21820 3057 3102 2947 4266 
21821 3443 3480 3370 4352 
21822 4218 4542 4374 4565 
21823 2780 2645 2941 4341 
21824 4109 4430 4165 4447 
21825 4115 4468 4359 4584 
21826 4119 4176 4444 4510 
21827 2696 2690 4312 4576 
21828 3205 3245 3227 4345 
21829 3285 3423 3309 4333 
21830 2985 445 3481 4319 
21831 417 3190 3221 2648 
21832 4088 4207 4384 4480 
21833 2647 4395 4278 4495 
21834 3201 4302 3242 4514 
21835 3266 3481 445 4319 
21836 2672 2872 2734 4290 
21837 4123 4297 4507 4570 
21838 4238 4120 4458 4556 
21839 3349 3348 3347 4337 
21840 3169 3127 3125 4427 
21841 3165 3526 3164 4483 
21842 3281 3280 3279 4313 
21843 2927 2933 2653 4405 
21844 3457 4254 3467 4535 
21845 4090 4303 4195 4435 
21846 3039 3066 4327 4453 
21847 3490 3489 4393 4458 
21848 4214 4382 4379 4430 
21849 3082 3032 3049 4378 
21850 2798 2795 2954 4422 
21851 3538 3524 3430 4272 
21852 4099 4348 4219 4573 
21853 2797 4264 2945 4422 
21854 3017 373 2645 2958 
21855 2987 3481 444 3259 
21856 3289 3511 3299 4471 
21857 3540 4483 4285 4561 
21858 3544 3425 3254 4281 
21859 4304 4496 4126 4569 
21860 4303 4381 3094 4548 
21861 3112 488 3447 3260 
21862 4120 4237 4463 4468 
21863 3132 3171 3155 4224 
21864 2902 2943 2793 4525 
21865 4096 4379 4215 4430 
21866 3215 4258 2643 4552 
21867 3080 3099 3056 4224 
21868 3282 3281 3283 4400 
21869 4114 4481 4210 4526 
21870 3374 3369 3448 4448 
21871 3403 3405 3402 4421 
21872 4256 4443 4239 4507 
21873 3448 3367 3380 4488 
21874 3111 3537 4474 4520 
21875 3495 4308 3467 4486 
21876 4117 4198 4492 4571 
21877 2709 2875 2878 4324 
21878 2989 2991 2992 4476 
21879 3275 3388 3390 4368 
21880 3132 3272 3555 4224 
21881 418 2899 3220 3190 
21882 3440 3438 3436 4389 
21883 3496 3416 3417 4332 
21884 3354 4308 3466 4534 
21885 2676 2674 4397 4553 
21886 2787 4304 2789 4496 
21887 2984 3028 3002 4418 
21888 3112 3164 3260 4483 
21889 2830 2832 2828 4568 
21890 3251 485 3160 3537 
21891 2983 3560 3029 4321 
21892 3498 3499 3474 4367 
21893 4268 4341 4108 4429 
21894 3069 3071 4399 4518 
21895 4194 4107 4332 4560 
21896 4133 4344 4274 4490 
21897 4285 4372 4116 4483 
21898 4176 4510 4354 4543 
21899 4212 4419 4186 4467 
21900 2773 2760 2840 4245 
21901 3329 3320 3331 4411 
21902 4120 4463 4238 4468 
21903 2966 2824 379 4320 
21904 3367 3366 3380 4488 
21905 507 3274 3188 3206 
21906 4248 4128 4432 4472 
21907 2677 2676 2675 4309 
21908 2656 2857 383 3035 
21909 2685 2684 2687 4377 
21910 3056 3514 458 3464 
21911 3145 3162 4229 4565 
21912 3287 3289 3288 4471 
21913 4101 4352 4180 4558 
21914 4107 4194 4515 4532 
21915 3060 3063 3075 4472 
21916 3094 3043 3054 4303 
21917 3351 3426 3350 4449 
21918 3337 3467 3457 4254 
21919 2774 2830 2829 4568 
21920 3416 3496 3494 4394 
21921 3068 3519 3039 4327 
21922 4210 4481 4201 4526 
21923 2725 2809 2808 4403 
21924 4327 4453 3066 4518 
21925 3138 4387 3141 4582 
21926 3345 3424 3422 4326 
21927 3274 3188 3230 506 
21928 4201 4114 4491 4526 
21929 4112 4416 4202 4456 
21930 2730 2881 2693 4297 
21931 3174 3027 3151 4336 
21932 4103 4390 4243 4540 
21933 4094 4313 4400 4581 
21934 2775 4425 2737 4429 
21935 3354 3467 3495 4308 
21936 4110 4207 4424 4445 
21937 2747 4401 2860 4501 
21938 4284 4294 4122 4504 
21939 4134 4572 4200 4579 
21940 2858 2733 2778 4461 
21941 3533 3540 3421 4483 
21942 4103 4279 4407 4564 
21943 2915 2905 2955 4366 
21944 3498 4367 4332 4515 
21945 4188 4377 4103 4564 
21946 2873 2835 2763 4355 
21947 4099 4219 4396 4573 
21948 2711 2712 2714 4331 
21949 3110 3145 3162 4229 
21950 4293 4519 4446 4530 
21951 3003 3151 3027 4336 
21952 3121 3120 4442 4464 
21953 3248 3026 3004 4345 
21954 2909 4304 2787 4459 
21955 2808 2810 2811 4291 
21956 3001 3021 2992 4208 
21957 3189 495 3547 3262 
21958 3302 3310 4385 4473 
21959 4272 4499 4354 4543 
21960 4446 4519 4175 4530 
21961 3351 3468 3428 4354 
21962 3446 4289 4408 4458 
21963 3350 3353 4371 4449 
21964 3433 4389 3436 4506 
21965 4133 4324 4216 4576 
21966 3447 3260 3533 4483 
21967 3357 3358 3343 4360 
21968 2747 2708 4500 4501 
21969 4100 4490 4344 4531 
21970 3134 3121 3133 4572 
21971 4275 4334 4086 4484 
21972 3201 3189 3242 4302 
21973 2687 2871 2697 4493 
21974 2689 2697 2806 4493 
21975 2658 2976 367 2938 
21976 4090 4381 4161 4461 
21977 4310 4120 4463 4556 
21978 3167 3123 3120 4464 
21979 2843 2844 2845 4552 
21980 2768 2728 2733 4271 
21981 4114 4244 4391 4491 
21982 2740 2770 2865 4563 
21983 4117 4198 4426 4492 
21984 3219 3218 3231 4232 
21985 2971 2969 447 3271 
21986 3194 4301 3197 4412 
21987 3366 3363 3530 4358 
21988 4185 4423 4314 4579 
21989 4199 4337 4095 4583 
21990 2929 2660 2823 4288 
21991 3394 3393 3257 4244 
21992 4264 4533 4121 4549 
21993 2746 4373 4276 4495 
21994 3039 3065 3066 4453 
21995 2730 4297 2693 4507 
21996 4304 4126 4526 4569 
21997 3341 3277 3390 4544 
21998 2916 4278 2837 4545 
21999 3420 4285 3540 4474 
22000 4128 4480 4293 4530 
22001 2696 2690 2689 4312 
22002 2786 4378 2784 4459 
22003 3080 4303 3094 4548 
22004 4310 4458 4120 4556 
22005 3131 3154 3172 4321 
22006 3004 3226 3248 4345 
22007 3025 3006 2983 4321 
22008 3531 3268 4499 4505 
22009 2772 2726 2771 4388 
22010 2694 2700 2695 4344 
22011 4122 4358 4246 4584 
22012 3334 4424 3408 4519 
22013 3443 3478 3304 4482 
22014 2905 2803 2955 4539 
22015 3063 3097 3093 4432 
22016 2935 3221 416 3182 
22017 3555 3272 3514 4224 
22018 3117 2665 411 3119 
22019 3210 4487 4396 4559 
22020 4149 4457 4342 4555 
22021 4170 4490 4269 4516 
22022 3133 3121 4442 4572 
22023 3387 3548 3252 4508 
22024 3399 3509 3403 4421 
22025 2912 2758 2827 4359 
22026 3087 3066 4453 4518 
22027 3370 3368 3369 4280 
22028 4157 4265 4479 4566 
22029 3459 3166 3261 481 
22030 4137 4176 4494 4543 
22031 3509 4365 3403 4421 
22032 2847 2848 2685 4443 
22033 3417 3498 4332 4515 
22034 4094 4546 4201 4581 
22035 3321 3324 3322 4424 
22036 4256 4401 4104 4469 
22037 2845 2894 4323 4554 
22038 4178 4365 4089 4399 
22039 4094 4241 4400 4498 
22040 3202 4247 3201 4514 
22041 4154 4279 4478 4564 
22042 3255 3183 3506 4307 
22043 4128 4293 4446 4530 
22044 4176 4494 4206 4510 
22045 3414 3339 3386 4287 
22046 4203 4333 4086 4533 
22047 4094 4241 4546 4581 
22048 2759 2756 4284 4504 
22049 2782 2941 371 2965 
22050 2846 2845 2894 4323 
22051 2879 2715 2712 4338 
22052 3409 4293 3334 4519 
22053 3446 3490 3359 4289 
22054 4111 4451 4364 4549 
22055 4284 4122 4452 4504 
22056 2905 2944 2803 4539 
22057 4092 4465 4187 4544 
22058 4210 4526 4201 4546 
22059 3186 3238 3214 4211 
22060 3108 3120 3119 4288 
22061 3506 3508 4307 4575 
22062 3506 3183 3231 4307 
22063 3418 4285 3420 4515 
22064 2960 4310 2989 4556 
22065 4121 4390 4228 4471 
22066 3314 4431 3313 4534 
22067 3179 3214 3238 4204 
22068 3428 4354 3468 4499 
22069 4116 4372 4285 4532 
22070 2647 4278 2818 4495 
22071 3075 3074 387 2903 
22072 3139 3140 3107 4406 
22073 2903 3074 387 2950 
22074 4220 3531 4499 4505 
22075 3475 4473 4269 4535 
22076 3118 3124 398 2666 
22077 3407 3553 3269 4441 
22078 4117 4426 4254 4492 
22079 4244 4327 4126 4453 
22080 4127 4374 4240 4563 
22081 3165 3164 3137 4483 
22082 3112 3159 3136 4200 
22083 4119 4444 4206 4510 
22084 2898 2897 2844 4362 
22085 4206 4444 4176 4510 
22086 4117 4492 4239 4571 
22087 4125 4395 4268 4425 
22088 2801 4331 2714 4467 
22089 3338 3495 3488 4486 
22090 4159 4546 4210 4553 
22091 3329 4300 3485 4578 
22092 2772 2892 2867 4292 
22093 2689 2690 2688 4312 
22094 4113 4194 4394 4560 
22095 3201 3202 3229 4247 
22096 2834 2664 2833 4320 
22097 482 3536 3158 3261 
22098 2952 2936 2816 4484 
22099 3081 3098 3057 4266 
22100 3377 3347 3472 4503 
22101 4212 4088 4366 4539 
22102 4255 4111 4436 4451 
22103 4116 4267 4423 4579 
22104 4131 4550 4309 4577 
22105 4103 4243 4351 4540 
22106 3552 3305 3299 4451 
22107 3504 3503 3373 4541 
22108 2981 2998 2996 4395 
22109 3070 3069 3071 4399 
22110 382 2907 3045 3051 
22111 2879 2725 2715 4403 
22112 3191 3193 427 2906 
22113 2961 2976 367 2658 
22114 3210 3232 4487 4559 
22115 2782 2780 2941 4268 
22116 3291 3288 3290 4407 
22117 2919 2933 2813 4405 
22118 3260 3164 3526 4483 
22119 3418 3540 4285 4561 
22120 4105 4245 4413 4452 
22121 4243 4420 4351 4540 
22122 4086 4526 4210 4546 
22123 3325 3314 3315 4431 
22124 4117 4469 4256 4492 
22125 2681 4351 2680 4577 
22126 3125 3127 3126 4427 
22127 2792 2790 4275 4402 
22128 2831 2942 2648 4325 
22129 2742 2741 2743 4414 
22130 4091 4246 4389 4479 
22131 3271 3442 3441 4345 
22132 3223 3191 3246 4266 
22133 4137 4494 4321 4543 
22134 3425 3445 3254 4281 
22135 3046 470 3553 3037 
22136 4128 4296 4480 4530 
22137 2781 4301 2668 4485 
22138 4285 4474 4372 4483 
22139 4157 4398 4265 4566 
22140 4096 4430 4215 4531 
22141 3422 3544 3382 4326 
22142 2681 2680 2679 4577 
22143 3062 3061 3091 4226 
22144 2798 2716 2801 4252 
22145 4094 4400 4241 4581 
22146 3017 373 2842 2645 
22147 478 3524 3116 3131 
22148 4265 4398 4157 4479 
22149 3524 478 3529 3131 
22150 2739 2855 2862 4347 
22151 3086 3071 3033 4525 
22152 461 3461 3256 3041 
22153 3313 3310 3487 4473 
22154 3560 3529 3175 4321 
22155 4138 4362 4258 4552 
22156 4086 4484 4526 4569 
22157 3387 3382 3389 4259 
22158 3228 3188 3240 4412 
22159 3141 3138 3148 4387 
22160 3520 3376 3460 4310 
22161 2827 2912 4359 4566 
22162 4238 4393 3489 4458 
22163 4187 4465 4330 4544 
22164 3019 2977 2979 4444 
22165 3210 4396 3208 4559 
22166 3342 3344 3458 4346 
22167 2780 2782 2775 4268 
22168 3287 3288 3286 4263 
22169 2970 366 2976 2938 
22170 3198 2940 415 3182 
22171 3355 3501 4343 4523 
22172 3129 3146 4374 4565 
22173 2797 2904 2945 4264 
22174 2866 2681 2679 4351 
22175 2817 2877 2856 4382 
22176 4121 4390 4263 4540 
22177 4254 4426 4198 4492 
22178 2940 2655 415 3182 
22179 3269 3553 470 3037 
22180 3396 3515 3394 4491 
22181 4098 4342 4317 4478 
22182 3124 3130 3125 4282 
22183 3084 3065 3048 4477 
22184 4262 4432 4128 4472 
22185 2741 2742 2740 4414 
22186 3120 3123 3119 4288 
22187 2866 4351 2679 4550 
22188 4107 4194 4532 4560 
22189 2837 4278 2999 4545 
22190 4299 4498 4131 4567 
22191 4116 4194 4532 4561 
22192 3530 3365 3437 4358 
22193 4096 4411 4300 4509 
22194 4140 4564 4279 4571 
22195 4289 4360 4106 4376 
22196 3458 4346 3344 4508 
22197 2743 2746 2819 4373 
22198 3091 3256 462 3510 
22199 4115 4393 4468 4584 
22200 4216 4513 4144 4580 
22201 3257 3039 3519 4327 
22202 3446 4289 3357 4408 
22203 4167 4468 4393 4584 
22204 2909 2787 2785 4459 
22205 3212 3213 3184 4552 
22206 3499 3419 3528 4367 
22207 3315 3466 3326 4339 
22208 2875 4324 2709 4576 
22209 2664 2984 379 4320 
22210 2916 2818 2837 4278 
22211 3210 3209 3208 4396 
22212 2907 382 2857 3051 
22213 2820 2658 2822 4206 
22214 4245 4452 4118 4489 
22215 2753 2751 4349 4557 
22216 3492 3373 3493 4541 
22217 418 2899 3190 2648 
22218 2947 3191 2906 4266 
22219 3524 3116 3268 479 
22220 4097 4431 4339 4522 
22221 3046 471 3270 3553 
22222 4129 4517 4348 4573 
22223 2788 2787 2789 4496 
22224 4252 4422 4111 4512 
22225 4396 4487 4147 4559 
22226 2706 4222 4500 4501 
22227 3255 3508 3549 4307 
22228 4214 4109 4382 4430 
22229 3488 3306 3338 4455 
22230 2991 441 3001 3450 
22231 4228 4451 4111 4549 
22232 3087 4370 3034 4518 
22233 2655 2935 416 3182 
22234 4243 4121 4420 4540 
22235 2727 2802 2801 4296 
22236 3426 3425 3353 4449 
22237 4227 4356 4092 4485 
22238 3072 3550 465 3038 
22239 3263 460 3083 3461 
22240 3160 3113 3525 4520 
22241 4105 4413 4284 4452 
22242 2668 2781 2667 4301 
22243 3508 4428 4307 4575 
22244 3057 3076 3102 4266 
22245 2988 2960 2989 4556 
22246 3089 3091 462 3510 
22247 3142 3161 3113 4520 
22248 3233 3202 3183 4438 
22249 3519 3400 3395 4551 
22250 3209 3212 3211 4323 
22251 3297 3303 3296 4317 
22252 3010 3389 438 3254 
22253 370 2965 2998 4395 
22254 2941 372 2994 2958 
22255 4103 4377 4239 4571 
22256 3147 3146 401 4374 
22257 3310 4473 3475 4535 
22258 3374 3504 3371 4448 
22259 4339 4522 4431 4534 
22260 2963 4319 2973 4511 
22261 4260 4434 4087 4510 
22262 2816 2676 2678 4553 
22263 3067 4370 3087 4453 
22264 3147 401 2851 4374 
22265 2654 401 3146 4374 
22266 2918 2644 2932 4406 
22267 4105 4340 4280 4488 
22268 2815 2746 4276 4495 
22269 2815 4276 4425 4495 
22270 4126 4551 4277 4569 
22271 2756 2757 2759 4284 
22272 4117 4254 4469 4492 
22273 3541 3450 3376 4310 
22274 4121 4263 4390 4471 
22275 3121 4464 4442 4572 
22276 4100 4269 4385 4473 
22277 3025 3022 2982 4494 
22278 2834 2940 414 3198 
22279 4137 4321 4272 4543 
22280 4091 4398 4265 4479 
22281 4086 4201 4526 4546 
22282 2753 2752 2751 4557 
22283 3525 3539 3251 4520 
22284 2839 3133 409 4442 
22285 4086 4275 4484 4569 
22286 3303 3297 3482 4317 
22287 3318 3305 3323 4451 
22288 4093 4410 4207 4445 
22289 4126 4496 4370 4518 
22290 4135 4394 4332 4560 
22291 2775 2737 2780 4429 
22292 3061 3059 3090 4363 
22293 3355 3502 3501 4523 
22294 2987 2988 2986 4556 
22295 3314 3315 4431 4534 
22296 3182 3199 3198 4306 
22297 3407 3391 3390 4368 
22298 3239 4307 3183 4438 
22299 2659 377 2874 3008 
22300 2650 2787 2788 4370 
22301 2722 2713 2709 4379 
22302 4103 4279 4564 4571 
22303 2704 2701 2705 4353 
22304 3137 3136 4372 4483 
22305 3329 3485 3316 4578 
22306 3485 3329 3343 4300 
22307 3495 3466 3354 4308 
22308 3007 2966 4320 4521 
22309 3116 3157 3268 479 
22310 3071 3088 3033 4525 
22311 3255 3506 3508 4307 
22312 366 2970 2908 2938 
22313 4216 4576 4312 4580 
22314 4285 4515 3418 4561 
22315 2654 2851 401 4374 
22316 3409 4446 4293 4519 
22317 3310 3475 3487 4535 
22318 370 2782 2965 4395 
22319 3377 3349 3347 4337 
22320 4110 4519 4293 4530 
22321 4180 4352 4280 4558 
22322 3121 3120 3108 4442 
22323 3518 4393 3434 4506 
22324 4217 4402 2902 4525 
22325 3332 3416 3486 4574 
22326 3157 3127 4427 4505 
22327 4310 4408 4120 4458 
22328 3561 4364 3323 4451 
22329 4208 4417 4108 4508 
22330 3240 3188 3196 4273 
22331 4229 4357 4127 4565 
22332 4259 4108 4417 4508 
22333 3135 3138 3137 4372 
22334 3433 3441 3436 4389 
22335 2862 2877 2745 4286 
22336 3199 3204 3198 4306 
22337 484 3160 3525 3251 
22338 3075 3063 3074 4472 
22339 2844 2897 2896 4362 
22340 4103 4263 4390 4540 
22341 4239 4443 4117 4571 
22342 3376 3356 3541 4408 
22343 3162 3129 4357 4565 
22344 2972 4225 4511 4521 
22345 2825 2659 2826 4566 
22346 2929 2928 2660 4442 
22347 3037 3046 3047 4441 
22348 3266 3434 4319 4506 
22349 488 3112 3164 3260 
22350 3088 2943 3033 4525 
22351 2947 2663 3057 4266 
22352 4217 4496 4126 4518 
22353 2662 2786 2939 4378 
22354 3043 3056 458 3464 
22355 3129 3144 3146 4565 
22356 4086 4484 4210 4526 
22357 4199 4503 4337 4583 
22358 4308 4522 4339 4534 
22359 4337 4503 4220 4583 
22360 3416 4394 3486 4574 
22361 3190 3203 3221 4325 
22362 3459 3531 3532 4505 
22363 3453 4211 4523 4562 
22364 4239 4123 4492 4507 
22365 3310 3487 4473 4535 
22366 2706 4500 2708 4501 
22367 2966 379 2984 4320 
22368 3143 3140 3139 4406 
22369 3071 3087 3034 4518 
22370 2881 2699 2693 4297 
22371 4312 4576 4133 4580 
22372 3040 3253 464 3072 
22373 2902 4402 2917 4525 
22374 4157 4479 4225 4511 
22375 3156 3447 3112 489 
22376 2868 2849 2847 4443 
22377 4228 4436 4111 4451 
22378 2833 2825 2828 4398 
22379 3419 4367 3498 4515 
22380 4120 4458 4289 4468 
22381 4115 4265 4359 4566 
22382 3235 3186 3454 503 
22383 4395 4425 4125 4495 
22384 2842 2769 2852 4318 
22385 4215 4165 4430 4447 
22386 2677 4550 2679 4577 
22387 3450 441 3001 3252 
22388 4293 4384 4207 4480 
22389 4178 4399 4217 4518 
22390 3197 3194 3193 4301 
22391 2693 2686 4507 4570 
22392 3186 3454 502 3238 
22393 4239 4492 4256 4507 
22394 2865 4542 4295 4563 
22395 3503 3453 4523 4562 
22396 4149 4340 4457 4555 
22397 501 3250 3179 3238 
22398 4175 4252 4512 4530 
22399 4351 4540 4420 4577 
22400 4339 4431 3315 4534 
22401 4254 3457 4426 4535 
22402 495 3189 3229 3262 
22403 3270 3553 3407 4441 
22404 2945 2716 2954 4422 
22405 4116 4532 4285 4561 
22406 3015 2968 2990 4463 
22407 3283 3284 3282 4400 
22408 3040 3253 3557 464 
22409 3519 3395 4327 4551 
22410 4357 4503 4220 4505 
22411 3420 3540 3526 4474 
22412 2839 409 2660 4442 
22413 4094 4309 4397 4553 
22414 4143 4418 4320 4521 
22415 4374 4542 4127 4565 
22416 4115 4393 4238 4468 
22417 2978 4444 2977 4545 
22418 4299 4400 4241 4498 
22419 3106 2653 407 4405 
22420 2785 2786 2784 4459 
22421 2655 2940 2832 4306 
22422 4212 4480 4088 4539 
22423 4277 4551 4250 4569 
22424 2818 4278 4373 4495 
22425 4109 4286 4382 4447 
22426 3068 3519 467 3039 
22427 3284 3491 3317 4299 
22428 3352 3348 3350 4371 
22429 3133 3108 409 4442 
22430 3149 407 2919 4405 
22431 3236 3214 3179 4204 
22432 3160 3537 3111 4520 
22433 372 2941 2645 2958 
22434 505 3497 3185 3230 
22435 2875 2709 2694 4576 
22436 2690 2694 2691 4576 
22437 3044 471 3270 3046 
22438 3214 3237 3186 4211 
22439 4343 4396 4147 4573 
22440 3418 3540 3420 4285 
22441 2729 2740 2865 4295 
22442 3161 3145 3113 4536 
22443 3493 3471 3317 4404 
22444 374 2842 2968 3017 
22445 3192 2834 414 3198 
22446 3417 3415 3418 4515 
22447 374 2842 2852 2968 
22448 4280 4352 4149 4558 
22449 3149 3106 407 4405 
22450 460 3083 3461 3041 
22451 2747 2706 2708 4501 
22452 2747 2860 2880 4501 
22453 3502 3503 3453 4523 
22454 2919 407 2653 4405 
22455 4118 4452 4316 4489 
22456 3334 3321 3408 4424 
22457 3046 3044 3050 4441 
22458 4184 4563 4295 4583 
22459 3337 3488 3467 4486 
22460 4087 4427 4220 4499 
22461 3091 461 3256 3041 
22462 3205 494 3547 3189 
22463 494 3442 3205 3547 
22464 4370 4453 4126 4518 
22465 3418 3421 3540 4561 
22466 3326 3325 3315 4339 
22467 4107 4332 4367 4515 
22468 3266 3433 3434 4506 
22469 2652 2874 376 3014 
22470 3306 3318 3319 4455 
22471 3446 4408 3376 4458 
22472 2693 2692 2686 4570 
22473 4121 4471 4228 4549 
22474 2684 2685 2683 4377 
22475 435 3265 3545 2967 
22476 3314 3313 3315 4534 
22477 3313 3487 3354 4534 
22478 3360 3361 3362 4376 
22479 3174 2951 3027 4336 
22480 2923 2908 4336 4454 
22481 2989 3015 2988 4463 
22482 2762 2760 2761 4413 
22483 370 2998 2647 4395 
22484 3006 3019 2967 4494 
22485 3385 3465 3517 4435 
22486 2818 2647 2837 4278 
22487 2972 2963 2973 4511 
22488 3032 3084 3049 4477 
22489 2707 2704 2855 4392 
22490 3236 4204 3179 4538 
22491 2880 2703 2706 4501 
22492 3007 3018 2966 4521 
22493 4115 4359 4265 4584 
22494 2794 2952 2702 4334 
22495 4126 4453 4327 4518 
22496 2836 2866 2884 4550 
22497 2660 409 3108 4442 
22498 3430 4321 3273 4543 
22499 3455 3292 3456 4426 
22500 2768 2955 2910 4366 
22501 3334 3409 3410 4293 
22502 3053 3059 3058 4450 
22503 3055 3094 4381 4548 
22504 3099 3079 3056 4224 
22505 3073 3070 3086 4399 
22506 3248 3556 3026 4345 
22507 3391 3393 3392 4391 
22508 2737 2735 2850 4429 
22509 4142 4457 4235 4513 
22510 3143 3161 3140 4536 
22511 3171 3132 3152 4224 
22512 2796 2799 2917 4322 
22513 3543 3558 3423 4333 
22514 2774 2942 2831 4489 
22515 2854 2924 2923 4282 
22516 3538 3531 3268 4499 
22517 4091 4265 4398 4568 
22518 2812 2892 2921 4350 
22519 2815 2746 2817 4276 
22520 4295 4563 4127 4583 
22521 4232 4502 3218 4538 
22522 3498 3496 3417 4332 
22523 3273 3560 2983 4321 
22524 2675 2674 2673 4397 
22525 3550 3253 3509 4365 
22526 4201 4491 4277 4526 
22527 2953 2929 2823 4288 
22528 4203 4121 4533 4549 
22529 4092 4273 4465 4544 
22530 4126 4277 4526 4569 
22531 3550 465 3253 3072 
22532 2937 2815 2775 4495 
22533 4169 4523 4211 4562 
22534 3448 4428 3380 4575 
22535 4216 4133 4576 4580 
22536 2731 2879 2712 4338 
22537 3374 3448 3449 4575 
22538 2830 2828 2829 4568 
22539 437 3016 3254 3445 
22540 3417 3419 3498 4515 
22541 3255 3542 497 3233 
22542 3135 3136 3134 4372 
22543 4257 4410 4093 4445 
22544 2682 2692 2904 4570 
22545 2819 2818 2916 4373 
22546 3023 4320 2984 4418 
22547 3058 3059 3036 4450 
22548 3402 3405 3561 4364 
22549 3537 485 3160 3111 
22550 2991 2989 2960 4310 
22551 2984 3023 3007 4320 
22552 3560 3029 433 2983 
22553 3409 3405 3406 4446 
22554 3260 3526 3540 4483 
22555 2885 2765 2836 4497 
22556 2738 2737 2775 4425 
22557 3503 3493 3373 4541 
22558 2815 4425 2775 4495 
22559 3413 3303 3476 4555 
22560 3200 3202 3201 4514 
22561 3483 3476 3362 4555 
22562 2718 2708 2707 4500 
22563 370 2647 2782 4395 
22564 3190 3222 3203 4325 
22565 3293 3300 3337 4437 
22566 2727 2801 2714 4467 
22567 3416 3494 3486 4394 
22568 2666 2923 2908 4336 
22569 2937 4395 2647 4495 
22570 2758 2922 2829 4504 
22571 3188 3230 3196 4273 
22572 3348 3469 3346 4439 
22573 2947 2906 2663 4266 
22574 3308 3302 3310 4385 
22575 3219 3217 3218 4502 
22576 3347 3348 3346 4439 
22577 3082 394 2662 2946 
22578 2962 3010 438 3254 
22579 3288 3291 3473 4407 
22580 4134 4442 4288 4464 
22581 4238 4458 4120 4468 
22582 3000 2994 2958 4341 
22583 2715 2717 2714 4467 
22584 2643 421 3215 4552 
22585 4278 4395 4125 4495 
22586 3479 3392 3515 4491 
22587 3107 3141 3148 4387 
22588 2950 3074 388 3033 
22589 4218 4127 4542 4565 
22590 467 3519 3257 3039 
22591 2961 2978 2977 4545 
22592 2758 2912 2883 4359 
22593 3240 3194 3197 4412 
22594 4103 4564 4377 4571 
22595 469 3037 3064 4440 
22596 499 3234 3507 3231 
22597 3027 2951 2970 4336 
22598 2818 4373 2746 4495 
22599 4330 4343 4147 4573 
22600 3118 2951 3174 4336 
22601 3408 3323 3405 4519 
22602 4157 4511 4225 4521 
22603 3126 3127 3128 4427 
22604 2884 2679 2677 4550 
22605 2969 3026 3556 4345 
22606 3460 4310 2960 4556 
22607 3112 3136 3164 4483 
22608 2717 2910 2727 4467 
22609 3509 3523 3403 4365 
22610 3529 3131 3175 4321 
22611 3528 3537 3251 4520 
22612 3137 3164 3136 4483 
22613 394 3082 3042 2946 
22614 3354 3466 3315 4534 
22615 2650 2913 3085 4370 
22616 2967 3545 434 2983 
22617 3273 434 3545 2983 
22618 3236 3218 3216 4502 
22619 4099 4396 4343 4573 
22620 2790 2791 2792 4275 
22621 4344 4490 4133 4531 
22622 3480 3413 3483 4555 
22623 3248 3205 3556 4345 
22624 2729 2771 2726 4388 
22625 4125 4425 4276 4495 
22626 3490 3446 3489 4458 
22627 4194 4515 4285 4561 
22628 2787 2786 2785 4459 
22629 3457 3467 3487 4535 
22630 4285 4532 4194 4561 
22631 3258 504 3497 4487 
22632 4110 4293 4480 4530 
22633 3402 3399 3403 4421 
22634 3166 3110 3261 481 
22635 2835 2765 2763 4355 
22636 4389 4479 4246 4506 
22637 3445 3009 3016 4375 
22638 3518 3489 3434 4393 
22639 393 3082 2662 2939 
22640 2797 2954 2795 4422 
22641 3145 4229 4536 4565 
22642 2759 2922 2756 4504 
22643 2662 2800 2784 4378 
22644 487 3260 3164 3526 
22645 3444 3473 3478 4482 
22646 3419 3418 3420 4515 
22647 3380 4428 3508 4575 
22648 3033 2943 2646 4525 
22649 3078 3095 3044 4470 
22650 2779 2807 2814 4423 
22651 4120 4408 4289 4458 
22652 3150 3117 3168 4466 
22653 3077 3096 3045 4466 
22654 3187 4502 3217 4529 
22655 2821 2861 2744 4434 
22656 2764 2897 2767 4527 
22657 3427 3351 3428 4354 
22658 3196 3232 3195 4559 
22659 4285 4515 4194 4532 
22660 2931 2813 2921 4387 
22661 3516 3410 3562 4384 
22662 4218 4536 4229 4565 
22663 3155 3123 3167 4547 
22664 2903 2950 2805 4472 
22665 3283 3281 3330 4581 
22666 3261 3158 482 3110 
22667 3446 3357 3376 4408 
22668 3187 3216 3217 4502 
22669 2962 437 3016 3254 
22670 4147 4396 4343 4487 
22671 3353 3352 3350 4371 
22672 2959 376 2874 3014 
22673 3374 3371 3369 4448 
22674 3095 4470 3098 4537 
22675 4110 4480 4296 4530 
22676 2696 2806 2869 4361 
22677 3510 463 3089 3557 
22678 3209 3210 3237 4396 
22679 469 3064 3546 4440 
22680 388 2646 2950 3033 
22681 3076 3057 3098 4266 
22682 2789 2787 2909 4304 
22683 3406 3412 3411 4446 
22684 3080 3094 3055 4548 
22685 4091 4398 4306 4568 
22686 3085 392 2650 2939 
22687 2926 4374 4542 4563 
22688 3423 3285 3283 4581 
22689 3154 3116 3169 4272 
22690 2687 2689 2688 4493 
22691 3241 3191 3223 4266 
22692 3244 3241 3177 4470 
22693 2963 2985 2973 4319 
22694 3033 3088 389 2943 
22695 2857 2858 2911 4461 
22696 3445 3265 3009 4375 
22697 3507 3506 499 3231 
22698 2824 2833 2664 4320 
22699 3208 3207 3195 4559 
22700 3200 3203 3202 4438 
22701 3364 3368 3483 4340 
22702 3372 3443 3370 4352 
22703 2714 2801 2711 4331 
22704 3529 3273 3430 4321 
22705 3350 3426 3353 4449 
22706 3269 3037 469 4440 
22707 3558 3309 3423 4333 
22708 2792 2902 2790 4402 
22709 3404 3402 3561 4364 
22710 3030 3098 3095 4470 
22711 3168 3171 3104 4466 
22712 3463 3477 3484 4386 
22713 2959 2874 377 3008 
22714 3463 3484 3424 4386 
22715 3357 3446 3359 4289 
22716 2885 2710 2886 4433 
22717 3091 3061 3041 4363 
22718 2937 2647 2818 4495 
22719 2730 2686 2848 4507 
22720 3525 3113 3160 484 
22721 3268 3459 480 4505 
22722 3526 3164 487 3165 
22723 435 3265 2967 3009 
22724 3096 3031 3099 4466 
22725 3145 4536 3144 4565 
22726 2643 2843 421 4552 
22727 3184 3215 421 4552 
22728 3448 3380 3508 4575 
22729 2888 2860 2747 4401 
22730 3183 498 3255 3506 
22731 2692 2682 2686 4570 
22732 4238 4393 4458 4468 
22733 2856 2877 2870 4382 
22734 3210 3208 3232 4559 
22735 3556 3271 2969 4345 
22736 2706 2707 2708 4500 
22737 3341 3391 3392 4391 
22738 3206 3244 3225 4470 
22739 3068 3039 3066 4327 
22740 2972 4511 3018 4521 
22741 3435 3433 3436 4506 
22742 2886 2710 2864 4433 
22743 3011 4329 2974 4511 
22744 4140 4377 4564 4571 
22745 2881 2860 2888 4401 
22746 3415 3414 3421 4561 
22747 3408 3409 3334 4519 
22748 2983 3029 3005 4321 
22749 3378 3333 3379 4416 
22750 3153 3175 3131 4321 
22751 3010 2962 2997 4475 
22752 3219 3231 3183 4307 
22753 4087 4272 4427 4499 
22754 2990 2986 2988 4463 
22755 2728 2717 2721 4419 
22756 3202 3239 3183 4438 
22757 2679 4550 4351 4577 
22758 3235 504 3258 4487 
22759 2951 3118 2666 4336 
22760 2791 2936 2952 4484 
22761 4225 4479 4389 4506 
22762 2799 2796 2798 4322 
22763 4210 4484 4304 4526 
22764 2696 2875 2690 4576 
22765 4267 4442 4134 4572 
22766 3085 2913 3034 4370 
22767 2905 2853 2649 4450 
22768 3040 3089 463 3557 
22769 4201 4546 4333 4581 
22770 3301 3316 3482 4578 
22771 3471 3493 3502 4404 
22772 2789 2936 2791 4484 
22773 3219 3183 3239 4307 
22774 3508 3380 3549 4428 
22775 3030 475 3177 4470 
22776 2719 2889 2859 4462 
22777 3537 3526 486 4474 
22778 2917 2902 2796 4402 
22779 2905 2915 2853 4450 
22780 2722 2724 2713 4379 
22781 2738 2775 2815 4425 
22782 3382 3345 3422 4326 
22783 368 2999 2961 4545 
22784 3005 3025 2983 4321 
22785 3172 3153 3131 4321 
22786 3307 3302 3308 4385 
22787 3184 421 2843 4552 
22788 4332 4394 4194 4560 
22789 2984 3007 2966 4320 
22790 3129 3128 3162 4357 
22791 3515 3392 3394 4491 
22792 3518 3490 3489 4393 
22793 3104 3031 454 4466 
22794 3506 3183 498 3231 
22795 2812 2891 2892 4350 
22796 2927 2779 2814 4423 
22797 3304 3296 3413 4342 
22798 3066 3067 3087 4453 
22799 3328 3324 3335 4410 
22800 3322 3486 3319 4574 
22801 3276 3275 3277 4544 
22802 3500 3355 3501 4343 
22803 2993 3015 2989 4476 
22804 4109 4382 4430 4447 
22805 2751 2863 2753 4349 
22806 3128 4427 3127 4505 
22807 4330 4465 4129 4573 
22808 3391 3269 3393 4440 
22809 2720 2707 2855 4392 
22810 3418 3415 3421 4561 
22811 2676 2723 2674 4553 
22812 4442 4464 4134 4572 
22813 2764 2766 2897 4527 
22814 3166 4357 3128 4505 
22815 3324 3321 3334 4424 
22816 3269 469 3546 4440 
22817 3102 3223 473 3246 
22818 3249 3078 476 3100 
22819 2802 2727 2803 4296 
22820 3205 3442 3556 4345 
22821 3077 3173 3101 453 
22822 3027 3151 429 3174 
22823 3004 3248 452 3026 
22824 3375 3465 3340 4435 
22825 3028 449 3224 3247 
22826 3526 3165 486 4474 
22827 3140 3142 3141 4582 
22828 3003 3151 429 3027 
22829 2815 2818 2746 4495 
22830 3226 3245 3205 4345 
22831 392 3085 3032 2939 
22832 453 3077 3173 3150 
22833 389 2646 3033 2943 
22834 3460 2960 443 4556 
22835 4086 4526 4277 4569 
22836 3390 3388 3407 4368 
22837 2987 443 2960 4556 
22838 3012 3000 3021 4417 
22839 4333 4546 4241 4581 
22840 2832 2833 2828 4398 
22841 3166 480 3459 4505 
22842 3376 3450 3460 4310 
22843 4215 4430 4382 4447 
22844 3246 3191 428 2947 
22845 3183 3255 497 3233 
22846 4212 4296 4480 4539 
22847 3026 448 2969 3556 
22848 3223 3102 473 3076 
22849 3078 3249 476 3225 
22850 3029 3175 432 3005 
22851 3248 3004 452 3226 
22852 3152 456 3103 3176 
22853 2979 2980 4375 4444 
22854 3174 3118 397 2951 
22855 3555 3056 457 3103 
22856 449 3224 3002 3028 
22857 2931 2921 2644 4387 
22858 3441 3440 3436 4389 
22859 3080 3043 3094 4303 
22860 2765 2885 2766 4497 
22861 2669 2671 2670 4517 
22862 3301 3297 3298 4516 
22863 3087 3069 3066 4518 
22864 3138 3141 3163 4582 
22865 365 2970 3027 2951 
22866 2658 368 2961 4545 
22867 3258 3497 3500 4487 
22868 3153 432 3175 3005 
22869 3249 508 3206 3554 
22870 3101 381 2948 3045 
22871 3152 456 3079 3103 
22872 2984 2949 380 3028 
22873 2837 2999 368 4545 
22874 2954 2797 2945 4422 
22875 3495 3467 3488 4486 
22876 4466 4547 4224 4548 
22877 4147 4465 4330 4573 
22878 3499 3498 3419 4367 
22879 3273 3560 433 2983 
22880 2987 3259 443 4556 
22881 4295 4542 4127 4563 
22882 2926 4542 2865 4563 
22883 3356 3376 3357 4408 
22884 3092 3050 3081 4537 
22885 2914 2852 2769 4318 
22886 2970 2951 2908 4336 
22887 3082 393 3032 2939 
22888 4220 4499 4427 4505 
22889 3453 3501 3502 4523 
22890 3251 3539 3528 4520 
22891 2973 3011 2974 4511 
22892 3242 3189 3227 4302 
22893 3538 3428 3468 4499 
22894 4086 4533 4333 4546 
22895 2918 2932 2776 4406 
22896 3030 3078 475 4470 
22897 3185 3497 504 4487 
22898 2996 2998 2965 4395 
22899 3520 3446 3376 4458 
22900 2754 2756 2758 4504 
22901 2903 2804 2944 4472 
22902 3451 3453 3452 4562 
22903 3339 3328 3335 4410 
22904 3077 454 3031 4466 
22905 3506 3449 3508 4575 
22906 3225 3177 475 4470 
22907 2781 2668 2783 4485 
22908 3104 454 3150 4466 
22909 2904 2702 2680 4420 
22910 3265 436 3445 3009 
22911 436 3016 3445 3009 
22912 3004 2969 3020 4345 
22913 3511 3287 3309 4471 
22914 2760 2757 2761 4413 
22915 3052 3055 3094 4381 
22916 3171 4466 3168 4547 
22917 2800 2781 2783 4485 
22918 3003 2970 3022 4336 
22919 2969 3004 3026 4345 
22920 3151 3118 3174 4336 
22921 3027 2970 3003 4336 
22922 3157 3268 480 4505 
22923 3170 3118 3151 4336 
22924 3021 2964 3012 4417 
22925 3512 3410 3551 4384 
22926 3113 3160 3142 4520 
22927 3096 4466 3099 4548 
22928 2773 2901 2942 4489 
22929 3147 3129 3146 4374 
22930 3435 3518 3434 4506 
22931 4124 4498 4299 4567 
22932 3197 3228 3240 4412 
22933 2889 2887 2859 4462 
22934 3046 3050 3047 4441 
22935 3008 2974 2959 4329 
22936 3192 3243 3224 4418 
22937 3395 3257 3519 4327 
22938 3298 3302 3301 4516 
22939 3455 3456 3457 4426 
22940 2680 2702 2678 4420 
22941 2845 2895 2894 4554 
22942 3108 3133 3121 4442 
22943 3064 3037 3048 4440 
22944 3187 419 2900 4529 
22945 3365 3530 3363 4358 
22946 4131 4540 4351 4577 
22947 3175 477 3529 3560 
22948 3000 2958 3024 4341 
22949 391 3085 2650 2913 
22950 2843 2643 2844 4552 
22951 3002 3023 2984 4418 
22952 2732 2728 2721 4419 
22953 3460 443 3259 4556 
22954 3226 3205 3248 4345 
22955 3023 2975 3007 4521 
22956 3144 3145 3143 4536 
22957 2849 2848 2847 4443 
22958 3359 3361 3360 4376 
22959 2977 3019 2982 4494 
22960 4141 4522 4308 4534 
22961 457 3514 3056 3555 
22962 2725 2879 2809 4403 
22963 3150 454 3077 4466 
22964 3225 475 3078 4470 
22965 500 3250 3507 4538 
22966 2819 2746 2818 4373 
22967 448 3271 2969 3556 
22968 2680 4420 2678 4577 
22969 381 2907 2948 3045 
22970 2784 2786 2662 4378 
22971 3408 3405 3409 4519 
22972 3554 3100 472 3044 
22973 3262 3229 496 3542 
22974 3051 3055 3052 4381 
22975 3430 3273 3429 4543 
22976 2778 2953 2911 4461 
22977 2923 2822 2908 4454 
22978 3445 3522 3265 4375 
22979 3135 3106 3149 4405 
22980 3532 3472 3527 4503 
22981 2664 2949 380 2984 
22982 3002 2956 3023 4418 
22983 2778 2733 2777 4409 
22984 3534 3535 3267 4380 
22985 2782 2647 2937 4395 
22986 3090 3041 3061 4363 
22987 3243 3178 3224 4418 
22988 3300 3293 3299 4437 
22989 3057 3102 396 2947 
22990 2730 2693 2686 4507 
22991 3166 3110 3128 4357 
22992 2929 2778 2777 4409 
22993 2658 2837 368 4545 
22994 3173 2948 412 3117 
22995 3049 3048 3047 4477 
22996 3531 3538 3468 4499 
22997 2947 3191 428 2906 
22998 2676 2816 2723 4553 
22999 3540 3533 3260 4483 
23000 3205 3248 3556 493 
23001 2666 397 3118 2951 
23002 3509 3253 3523 4365 
23003 3034 3087 3067 4370 
23004 3176 3555 3132 492 
23005 3387 3252 3458 4508 
23006 4127 4542 4374 4563 
23007 508 3513 3206 3554 
23008 2926 2770 2925 4563 
23009 3434 3481 3266 4319 
23010 3122 4464 3121 4572 
23011 3187 3220 419 4529 
23012 3247 2949 413 3192 
23013 2788 2913 2650 4370 
23014 3215 3184 3213 4552 
23015 3542 3229 496 3233 
23016 2926 2851 2654 4374 
23017 500 3507 3234 4538 
23018 2754 2883 2752 4557 
23019 3273 3529 3560 4321 
23020 419 3220 2899 4529 
23021 3535 3534 3384 4380 
23022 3185 504 3235 4487 
23023 2893 2671 2669 4517 
23024 2926 2865 2770 4563 
23025 3552 3561 3323 4451 
23026 3111 3537 486 4474 
23027 2961 2999 2978 4545 
23028 2942 2774 2773 4489 
23029 2768 2915 2955 4366 
23030 3201 3199 3200 4514 
23031 3016 3009 2980 4375 
23032 2895 2748 2894 4554 
23033 2653 2933 2919 4405 
23034 3250 3505 3507 4538 
23035 3166 3157 480 4505 
23036 3512 3562 3410 4384 
23037 2790 2788 2789 4496 
23038 2979 2977 2978 4444 
23039 3085 391 3034 2913 
23040 3330 3423 3283 4581 
23041 3390 3277 3275 4544 
23042 3475 3457 3487 4535 
23043 3060 3062 3063 4432 
23044 3378 3379 3383 4416 
23045 2805 2804 2903 4472 
23046 2974 3011 2959 4329 
23047 3306 3319 3338 4455 
23048 2839 2660 2928 4442 
23049 2926 2920 2865 4542 
23050 3111 486 3165 4474 
23051 2677 2679 2678 4577 
23052 2827 2826 2912 4566 
23053 3270 3554 472 3044 
23054 2788 2790 2793 4496 
23055 2924 2861 2821 4434 
23056 2951 365 2970 2908 
23057 2975 2972 3018 4521 
23058 3160 3111 3142 4520 
23059 2663 3057 396 2947 
23060 2916 2837 2658 4545 
23061 3444 3478 3443 4482 
23062 2665 412 2948 3117 
23063 3529 477 3175 3131 
23064 3340 3465 3385 4435 
23065 2957 431 430 3105 
23066 3104 454 3031 455 
23067 451 450 3178 2956 
23068 474 3177 3030 475 
23069 2821 2822 2923 4454 
23070 3556 3442 3271 4345 
23071 422 421 2843 3184 
23072 407 408 2653 3106 
23073 424 423 2651 3180 
23074 3486 3322 3332 4574 
23075 419 2899 2900 4529 
23076 408 409 2839 3133 
23077 422 423 3211 2846 
23078 424 425 3207 2890 
23079 3201 3242 3199 4514 
23080 2771 2865 2920 4542 
23081 3137 3163 3111 4474 
23082 409 410 2660 3108 
23083 3266 2963 445 446 
23084 426 425 2657 3181 
23085 3137 3136 3135 4372 
23086 399 400 2661 3109 
23087 420 421 3215 2643 
23088 492 3555 3132 3272 
23089 3145 3144 3162 4565 
23090 3085 3034 3067 4370 
23091 3442 3205 3556 493 
23092 4131 4351 4550 4577 
23093 2949 2834 413 3192 
23094 3070 3071 3086 4399 
23095 3485 3482 3316 4578 
23096 2884 2866 2679 4550 
23097 3210 3232 3185 4487 
23098 3531 3459 3268 4505 
23099 3458 3344 3387 4508 
23100 3065 3084 3067 4453 
23101 2962 3013 2997 4475 
23102 2780 2737 2850 4429 
23103 3110 3162 3128 4357 
23104 2792 2796 2902 4402 
23105 2951 2666 2908 4336 
23106 3122 3120 3121 4464 
23107 2689 2687 2697 4493 
23108 3250 500 3179 4538 
23109 3009 2979 2980 4375 
23110 3489 3446 3520 4458 
23111 420 419 2900 3187 
23112 3520 3460 3259 4556 
23113 3397 3396 3395 4551 
23114 3097 3063 3062 4432 
23115 3406 3411 3409 4446 
23116 3187 3217 3220 4529 
23117 3006 3025 2982 4494 
23118 3305 3552 3323 4451 
23119 2646 2902 2917 4525 
23120 385 384 3058 2853 
23121 3236 3179 3218 4538 
23122 2902 2646 2943 4525 
23123 3526 3537 3420 4474 
23124 2825 2826 2827 4566 
23125 2979 2978 2980 4444 
23126 3159 3121 3134 4572 
23127 2754 2752 2753 4557 
23128 3087 3071 3069 4518 
23129 3532 3377 3472 4503 
23130 3503 3452 3453 4562 
23131 2900 2899 2841 4529 
23132 2717 2727 2714 4467 
23133 3122 3121 3159 4572 
23134 386 387 2903 3075 
23135 400 401 2851 3147 
23136 371 370 2782 2965 
23137 2858 2778 2911 4461 
23138 3460 442 443 2960 
23139 3429 3428 3430 4543 
23140 446 3432 2971 447 
23141 2706 2747 2880 4501 
23142 3417 3418 3419 4515 
23143 415 416 3182 2655 
23144 426 427 3193 2667 
23145 417 418 3190 2648 
23146 468 467 3257 3039 
23147 379 378 2824 2966 
23148 3269 470 469 3037 
23149 368 367 2658 2961 
23150 506 3274 3188 507 
23151 4161 4547 4466 4548 
23152 3289 3287 3511 4471 
23153 3162 3144 3129 4565 
23154 465 464 3253 3072 
23155 3315 3313 3354 4534 
23156 401 402 2654 3146 
23157 385 386 2649 3036 
23158 370 369 2647 2998 
23159 3013 2996 2997 4475 
23160 2987 444 443 3259 
23161 398 399 2854 3124 
23162 384 383 3035 2656 
23163 3234 3179 500 4538 
23164 2969 447 3271 448 
23165 490 3431 491 3115 
23166 2987 2960 2988 4556 
23167 406 407 2919 3149 
23168 2875 2694 2690 4576 
23169 411 412 2665 3117 
23170 3165 3137 3111 4474 
23171 3483 3413 3476 4555 
23172 402 403 2930 3114 
23173 405 406 2931 3148 
23174 410 411 2823 3119 
23175 441 440 3001 3252 
23176 2972 2974 3018 4511 
23177 373 372 2645 2958 
23178 445 444 2985 3481 
23179 3508 3449 3448 4575 
23180 427 428 3191 2906 
23181 2991 442 441 3450 
23182 404 405 2644 3107 
23183 403 404 2918 3139 
23184 3210 3185 3235 4487 
23185 3393 3269 3546 4440 
23186 2679 2680 2678 4577 
23187 3050 3095 3098 4537 
23188 471 3270 472 3044 
23189 3024 2993 2992 4476 
23190 381 382 2907 3045 
23191 3218 3179 3234 4538 
23192 414 413 2834 3192 
23193 3203 3239 3202 4438 
23194 3065 3067 3066 4453 
23195 418 419 3220 2899 
23196 3177 3225 3244 4470 
23197 3142 3163 3141 4582 
23198 366 365 2908 2970 
23199 2818 2815 2937 4495 
23200 504 3497 3185 505 
23201 3216 3218 3217 4502 
23202 3434 3433 3435 4506 
23203 3461 461 460 3041 
23204 3132 492 3272 491 
23205 502 3454 3186 503 
23206 3150 453 3077 454 
23207 2989 2992 2993 4476 
23208 500 501 3250 3179 
23209 3260 3164 488 487 
23210 3151 429 430 3003 
23211 3157 3128 3127 4505 
23212 451 452 3004 3226 
23213 3223 473 474 3076 
23214 476 3078 3225 475 
23215 3447 488 3112 489 
23216 397 398 2666 3118 
23217 3002 3224 449 450 
23218 3174 21 3027 2951 
23219 3101 2948 23 3173 
23220 459 3043 458 3464 
23221 3153 431 432 3005 
23222 383 382 3051 2857 
23223 380 379 2664 2984 
23224 3556 3026 26 3248 
23225 3102 3246 24 2947 
23226 3554 3249 28 3100 
23227 455 3152 456 3079 
23228 3028 2949 22 3247 
23229 463 3089 462 3510 
23230 3122 3167 3120 4464 
23231 27 3555 3103 3176 
23232 2756 2922 2758 4504 
23233 2990 2988 3015 4463 
23234 480 3268 3157 479 
23235 3195 3232 3208 4559 
23236 3050 3098 3081 4537 
23237 3084 3048 3049 4477 
23238 3038 3550 465 466 
23239 3400 3397 3395 4551 
23240 2973 2974 2972 4511 
23241 378 377 2659 3008 
23242 490 3156 489 3267 
23243 3230 505 3264 506 
23244 507 508 3513 3206 
23245 493 3442 3205 494 
23246 502 3451 501 3238 
23247 3258 3235 503 504 
23248 496 495 3229 3262 
23249 396 395 3057 2663 
23250 3029 25 3175 3560 
23251 3166 3128 3157 4505 
23252 458 3514 3056 457 
23253 479 3524 3116 478 
23254 388 389 2646 3033 
23255 433 434 3273 2983 
23256 369 368 2837 2999 
23257 2975 3018 3007 4521 
23258 3078 3030 3095 4470 
23259 3234 3507 500 499 
23260 3145 3161 3143 4536 
23261 3077 3031 3096 4466 
23262 3104 3150 3168 4466 
23263 434 435 3545 2967 
23264 375 374 2852 2968 
23265 3265 435 436 3009 
23266 3155 3171 3123 4547 
23267 417 416 2935 3221 
23268 497 498 3255 3183 
23269 3068 3519 466 467 
23270 3055 3099 3080 4548 
23271 3389 438 439 3010 
23272 367 366 2938 2976 
23273 3546 468 3064 469 
23274 495 3547 494 3189 
23275 393 394 2662 3082 
23276 2962 438 437 3254 
23277 395 394 3042 2946 
23278 391 392 2650 3085 
23279 480 3166 3459 481 
23280 372 371 2941 2994 
23281 377 376 2874 2959 
23282 482 3261 3110 481 
23283 2982 3019 3006 4494 
23284 374 373 2842 3017 
23285 3256 462 461 3091 
23286 486 485 3537 3111 
23287 3123 3171 3168 4547 
23288 3055 3096 3099 4548 
23289 470 471 3046 3553 
23290 3083 459 460 3263 
23291 499 3506 498 3231 
23292 484 3525 3113 483 
23293 376 375 2652 3014 
23294 414 415 3198 2940 
23295 487 486 3526 3165 
23296 381 23 3101 2948 
23297 428 24 3246 2947 
23298 21 397 2951 3174 
23299 26 448 3026 3556 
23300 3555 457 27 3103 
23301 3249 28 508 3554 
23302 22 380 2949 3028 
23303 365 21 2951 3027 
23304 477 3529 478 3131 
23305 483 3536 3158 482 
23306 3175 432 25 3029 
23307 3557 463 3040 464 
23308 3029 433 25 3560 
23309 25 477 3175 3560 
23310 439 440 3548 2964 
23311 387 388 2950 3074 
23312 429 21 3027 3174 
23313 3103 456 27 3176 
23314 485 3160 484 3251 
23315 3248 3026 26 452 
23316 3249 476 28 3100 
23317 3102 24 3246 473 
23318 3173 23 3101 453 
23319 22 449 3028 3247 
23320 28 3554 3100 472 
23321 24 396 3102 2947 
23322 412 23 2948 3173 
23323 413 22 2949 3247 
23324 27 3555 3176 492 
23325 26 3556 3248 493 
23326 391 390 3034 2913 
23327 393 392 3032 2939 
23328 390 389 3088 2943 
23329 3016 437 436 3445 
23330 496 497 3542 3233 
23331 4168 3047 4477 3092 
23332 4168 4477 3047 4150 
23333 4477 4114 4459 4192 
23334 4477 4459 4114 4150 
23335 4331 4422 4111 4252 
23336 4111 4422 4331 4298 
23337 3474 4416 4456 3379 
23338 4456 4416 3474 4162 
23339 4456 3499 3474 3379 
23340 4456 3474 3499 4367 
23341 4579 4257 4116 4287 
23342 4579 4116 4257 4185 
23343 4497 4188 4101 4355 
23344 4497 4101 4188 4236 
23345 4442 4314 4409 2928 
23346 4442 4409 4314 4134 
23347 4520 3499 4456 3539 
23348 4520 4456 3499 4367 
23349 4508 4166 3344 4326 
23350 4508 3344 4166 4346 
23351 4549 4451 3404 4228 
23352 4549 3404 4451 4364 
23353 4294 4513 4235 4106 
23354 4235 4513 4294 4142 
23355 4302 3438 3262 3440 
23356 4302 3262 3438 4247 
23357 4234 4353 4447 4100 
23358 4447 4353 4234 4132 
23359 4512 4402 2795 4155 
23360 4512 2795 4402 4322 
23361 4549 4298 4228 4264 
23362 4549 4228 4298 4436 
23363 4123 4228 4298 4264 
23364 4123 4298 4228 4436 
23365 4358 3381 3437 3530 
23366 4358 3437 3381 4335 
23367 4547 4090 4288 4156 
23368 4547 4288 4090 4161 
23369 4429 2749 2735 2850 
23370 4429 2735 2749 4261 
23371 4399 3072 4178 4365 
23372 4399 4178 3072 3070 
23373 3038 4178 3072 4365 
23374 3038 3072 4178 3070 
23375 4569 4089 4178 4250 
23376 4569 4178 4089 4217 
23377 4543 4494 3006 2967 
23378 3006 4494 4543 4321 
23379 3006 2983 4543 2967 
23380 4543 2983 3006 4321 
23381 4381 3045 2907 3051 
23382 4381 2907 3045 4161 
23383 4512 4111 4549 4155 
23384 4549 4111 4512 4364 
23385 4549 4203 4512 4155 
23386 4512 4203 4549 4364 
23387 4523 4177 3355 4404 
23388 4523 3355 4177 4343 
23389 3449 4448 3505 3374 
23390 3505 4448 3449 4232 
23391 3295 4426 3292 3455 
23392 3292 4426 3295 4279 
23393 4416 3527 4503 4229 
23394 4416 4503 3527 3378 
23395 4550 2710 2677 2884 
23396 4550 2677 2710 4309 
23397 4482 4149 4101 4154 
23398 4482 4101 4149 4352 
23399 4380 3112 3122 3156 
23400 4380 3122 3112 4200 
23401 2779 4423 4442 4314 
23402 2779 4442 4423 4267 
23403 4134 4442 4423 4314 
23404 4134 4423 4442 4267 
23405 4454 2970 2982 2976 
23406 4454 2982 2970 4336 
23407 4270 4408 4152 4136 
23408 4152 4408 4270 4120 
23409 4294 2755 2756 4284 
23410 4381 2656 4461 4179 
23411 4381 4461 2656 2857 
23412 2858 4461 2656 4179 
23413 2858 2656 4461 2857 
23414 4471 3285 4263 3287 
23415 4471 4263 3285 4241 
23416 2886 4497 4151 2766 
23417 4151 4497 2886 4433 
23418 2755 4557 2756 2754 
23419 2755 2756 4557 4294 
23420 4504 2756 4557 2754 
23421 4504 4557 2756 4294 
23422 4361 2863 4349 2869 
23423 4361 4349 2863 4216 
23424 4426 3337 4198 3456 
23425 4426 4198 3337 4254 
23426 4394 3415 4332 4194 
23427 4394 4332 3415 3416 
23428 3417 3415 4332 3416 
23429 4334 2797 4155 4264 
23430 4334 4155 2797 2794 
23431 3482 4516 3297 3301 
23432 3297 4516 3482 4317 
23433 4439 3327 3462 3346 
23434 4439 3462 3327 4172 
23435 4524 4339 4193 4097 
23436 4524 4193 4339 4162 
23437 4261 4460 4429 4214 
23438 4429 4460 4261 4108 
23439 3336 4416 3333 3378 
23440 3333 4416 3336 4305 
23441 4496 2913 4217 2793 
23442 4496 4217 2913 4370 
23443 4412 4537 4470 4153 
23444 4470 4537 4412 4266 
23445 4436 4455 4451 4213 
23446 4451 4455 4436 4255 
23447 4554 4191 4099 4283 
23448 4554 4099 4191 4348 
23449 4453 3039 3064 4244 
23450 3064 3039 4453 3065 
23451 3064 4440 4453 4244 
23452 4453 4440 3064 3065 
23453 4094 4553 4481 4210 
23454 4094 4481 4553 4397 
23455 4290 4481 4553 4210 
23456 4290 4553 4481 4397 
23457 4513 4360 4171 4144 
23458 4513 4171 4360 4106 
23459 4338 2887 4403 4223 
23460 4338 4403 2887 2879 
23461 4522 4500 4193 4097 
23462 4522 4193 4500 4174 
23463 4557 2750 4221 2752 
23464 4557 4221 2750 4270 
23465 2838 4221 2750 2752 
23466 2838 2750 4221 4270 
23467 4416 3539 4456 3379 
23468 4416 4456 3539 4202 
23469 4441 3391 4368 4150 
23470 4441 4368 3391 3407 
23471 4551 4244 4126 4277 
23472 4551 4126 4244 4327 
23473 4378 3092 4477 3049 
23474 4378 4477 3092 4168 
23475 2820 4545 4373 2916 
23476 4373 4545 2820 4206 
23477 4508 2964 4259 3548 
23478 4508 4259 2964 4417 
23479 4500 2859 2719 2708 
23480 4500 2719 2859 4462 
23481 4527 2763 2762 2764 
23482 4527 2762 2763 4145 
23483 2721 4186 2717 2715 
23484 2721 2717 4186 4419 
23485 4509 4261 4460 4108 
23486 4509 4346 4460 4166 
23487 4460 4346 4509 4108 
23488 4501 4256 4469 4401 
23489 4501 4469 4256 4190 
23490 4449 4510 4176 4119 
23491 4176 4510 4449 4354 
23492 4433 2884 2885 2710 
23493 4433 2885 2884 4236 
23494 4350 2867 4193 2891 
23495 4350 4193 2867 4292 
23496 2995 4395 4475 2996 
23497 4475 4395 2995 4268 
23498 4500 2859 2747 4174 
23499 4500 2747 2859 2708 
23500 4458 4167 3490 4289 
23501 4458 3490 4167 4393 
23502 4421 4364 3399 4203 
23503 4421 3399 4364 3402 
23504 3401 3399 4364 4203 
23505 3401 4364 3399 3402 
23506 4521 3020 4345 4143 
23507 4521 4345 3020 2975 
23508 4491 3330 3543 3515 
23509 4491 3543 3330 4201 
23510 4538 3231 3218 4232 
23511 4538 3218 3231 3234 
23512 4570 4239 4123 4243 
23513 4570 4123 4239 4507 
23514 4399 3093 4525 3086 
23515 4399 4525 3093 4262 
23516 3267 3115 490 3156 
23517 3267 490 3115 3431 
23518 4375 3425 4449 4281 
23519 4375 4449 3425 3522 
23520 4379 4509 4171 4261 
23521 4171 4509 4379 4096 
23522 4440 3257 3393 4244 
23523 4440 3393 3257 3546 
23524 4365 3412 4446 4231 
23525 4365 4446 3412 3523 
23526 3147 2661 400 3109 
23527 3147 400 2661 2851 
23528 4516 3295 3455 4170 
23529 4516 3455 3295 3298 
23530 4443 2730 4507 4256 
23531 4443 4507 2730 2848 
23532 4566 2828 4265 2827 
23533 4566 4265 2828 4398 
23534 2964 3389 439 3010 
23535 2964 439 3389 3548 
23536 4503 3531 4505 3532 
23537 4503 4505 3531 4220 
23538 3034 2943 390 3088 
23539 390 2943 3034 2913 
23540 4525 4322 4089 4402 
23541 4525 4089 4322 4262 
23542 4582 4520 3111 4182 
23543 3111 4474 4582 4182 
23544 4582 4474 3111 3163 
23545 3042 2663 395 2946 
23546 395 2663 3042 3057 
23547 2970 2938 4454 2908 
23548 4454 2938 2970 2976 
23549 3335 4207 3324 3516 
23550 3324 4207 3335 4410 
23551 2968 2652 375 3014 
23552 2968 375 2652 2852 
23553 3538 4272 3268 3524 
23554 3538 3268 4272 4499 
23555 4438 3222 3203 3239 
23556 4438 3203 3222 4325 
23557 4559 4573 4396 4219 
23558 4396 4573 4559 4147 
23559 4417 2997 2964 3012 
23560 4417 2964 2997 4259 
23561 2765 4527 2766 2764 
23562 2766 4527 2765 4497 
23563 3014 2874 4237 2652 
23564 3014 4237 2874 2959 
23565 3427 4543 3428 3429 
23566 3428 4543 3427 4354 
23567 3230 3274 4273 3188 
23568 4273 3274 3230 3264 
23569 4460 4429 4268 4108 
23570 4460 4268 4429 4425 
23571 2659 2966 378 3008 
23572 378 2966 2659 2824 
23573 3113 3536 483 3525 
23574 483 3536 3113 3158 
23575 4491 3396 3543 4277 
23576 4491 3543 3396 3515 
23577 2647 2999 369 2837 
23578 369 2999 2647 2998 
23579 4570 2698 2945 4298 
23580 4570 2945 2698 2692 
23581 4551 3519 4178 4327 
23582 4551 4178 3519 3400 
23583 4561 3386 3414 3421 
23584 4561 3414 3386 4287 
23585 3064 3257 468 3546 
23586 468 3257 3064 3039 
23587 4582 4520 3140 3142 
23588 4582 3140 4520 4202 
23589 3161 3140 4520 3142 
23590 3161 4520 3140 4202 
23591 4542 2654 2926 2920 
23592 4542 2926 2654 4374 
23593 3252 2964 440 3001 
23594 440 2964 3252 3548 
23595 2734 4227 4485 4356 
23596 2734 2670 4485 2783 
23597 4485 2670 2734 4356 
23598 3033 2950 4262 2646 
23599 3033 4262 2950 3074 
23600 4542 2729 2771 2865 
23601 4542 2771 2729 4388 
23602 4550 4567 4309 4236 
23603 4309 4567 4550 4131 
23604 4583 4563 4240 4184 
23605 4583 4240 4563 4127 
23606 3404 4451 3561 3552 
23607 3561 4451 3404 4364 
23608 3043 3263 459 3083 
23609 459 3263 3043 3464 
23610 4192 2939 4370 2650 
23611 4192 4370 2939 3032 
23612 3085 4370 2939 2650 
23613 3085 2939 4370 3032 
23614 2775 4495 4395 2937 
23615 4395 4495 2775 4425 
23616 3415 4332 4515 3417 
23617 3415 4515 4332 4194 
23618 4460 4509 4214 4261 
23619 4214 4509 4460 4166 
23620 3111 4582 3142 4520 
23621 3142 4582 3111 3163 
23622 4485 2734 2784 4227 
23623 2784 2734 4485 2783 
$EndElements
